<?xml version="1.0" encoding="UTF-8"?>
<COLLADA xmlns="http://www.collada.org/2005/11/COLLADASchema" version="1.4.1">
  <asset>
    <contributor>
      <author />
      <authoring_tool>Rhinoceros 7.1.20299.23101</authoring_tool>
      <comments>Output from Rhinoceros COLLADA Exporter</comments>
      <copyright />
      <source_data />
    </contributor>
    <created>2023-06-21T11:18:01Z</created>
    <modified>2023-06-21T11:18:01Z</modified>
    <unit meter="0.0254" name="Inches" />
    <up_axis>Z_UP</up_axis>
  </asset>
  <library_cameras>
    <camera id="Camera-Perspective" name="Camera-Perspective">
      <optics>
        <technique_common>
          <perspective>
            <xfov>51.993822</xfov>
            <aspect_ratio>2.031941</aspect_ratio>
            <znear>1.523143</znear>
            <zfar>2231.158343</zfar>
          </perspective>
        </technique_common>
      </optics>
    </camera>
    <camera id="Camera-Top" name="Camera-Top">
      <optics>
        <technique_common>
          <orthographic>
            <xmag>1.0</xmag>
            <aspect_ratio>2.034483</aspect_ratio>
            <znear>60.895993</znear>
            <zfar>83.408304</zfar>
          </orthographic>
        </technique_common>
      </optics>
    </camera>
    <camera id="Camera-Front" name="Camera-Front">
      <optics>
        <technique_common>
          <orthographic>
            <xmag>1.0</xmag>
            <aspect_ratio>2.044554</aspect_ratio>
            <znear>55.856555</znear>
            <zfar>377.008739</zfar>
          </orthographic>
        </technique_common>
      </optics>
    </camera>
    <camera id="Camera-Right" name="Camera-Right">
      <optics>
        <technique_common>
          <orthographic>
            <xmag>1.0</xmag>
            <aspect_ratio>2.039604</aspect_ratio>
            <znear>2.149991</znear>
            <zfar>84.253798</zfar>
          </orthographic>
        </technique_common>
      </optics>
    </camera>
  </library_cameras>
  <library_materials>
    <material id="af3df473-e96c-489d-af29-ea8c1088414e" name="Material-Metal">
      <instance_effect url="#fx-af3df473-e96c-489d-af29-ea8c1088414e" />
    </material>
    <material id="ca66b435-dfd6-4570-b8f0-ff2197247290" name="Material-Metal_ca66b435">
      <instance_effect url="#fx-ca66b435-dfd6-4570-b8f0-ff2197247290" />
    </material>
    <material id="a76b8083-2ec1-42ae-bd8d-9238265bce44" name="Material-Metal_a76b8083">
      <instance_effect url="#fx-a76b8083-2ec1-42ae-bd8d-9238265bce44" />
    </material>
    <material id="a2004ed0-3ed1-4230-964a-a0fb2ed4ec31" name="Material-Metal_a2004ed0">
      <instance_effect url="#fx-a2004ed0-3ed1-4230-964a-a0fb2ed4ec31" />
    </material>
    <material id="a64b6b70-6090-420d-a33f-b63debf2ed80" name="Material-Plastic">
      <instance_effect url="#fx-a64b6b70-6090-420d-a33f-b63debf2ed80" />
    </material>
  </library_materials>
  <library_effects>
    <effect id="fx-af3df473-e96c-489d-af29-ea8c1088414e">
      <profile_COMMON>
        <technique sid="common">
          <phong>
            <emission>
              <color>0.000000 0.000000 0.000000 1.000000</color>
            </emission>
            <ambient>
              <color>0.000000 0.000000 0.000000 1.000000</color>
            </ambient>
            <diffuse>
              <color>0.000000 0.000000 0.000000 1.000000</color>
            </diffuse>
            <specular>
              <color>0.337255 0.333333 0.333333 1.000000</color>
            </specular>
            <shininess>
              <float>0.850000</float>
            </shininess>
            <reflective>
              <color>0.396078 0.392157 0.392157 1.000000</color>
            </reflective>
            <reflectivity>
              <float>0.000000</float>
            </reflectivity>
            <transparent>
              <color>1.000000 1.000000 1.000000 1.000000</color>
            </transparent>
            <transparency>
              <float>1.000000</float>
            </transparency>
            <index_of_refraction>
              <float>0.000000</float>
            </index_of_refraction>
          </phong>
        </technique>
      </profile_COMMON>
      <extra>
        <technique profile="Rhino">
          <appearance_hash>2238652615</appearance_hash>
        </technique>
      </extra>
    </effect>
    <effect id="fx-ca66b435-dfd6-4570-b8f0-ff2197247290">
      <profile_COMMON>
        <technique sid="common">
          <phong>
            <emission>
              <color>0.000000 0.000000 0.000000 1.000000</color>
            </emission>
            <ambient>
              <color>0.000000 0.000000 0.000000 1.000000</color>
            </ambient>
            <diffuse>
              <color>0.000000 0.000000 0.000000 1.000000</color>
            </diffuse>
            <specular>
              <color>0.337255 0.333333 0.333333 1.000000</color>
            </specular>
            <shininess>
              <float>0.850000</float>
            </shininess>
            <reflective>
              <color>0.396078 0.392157 0.392157 1.000000</color>
            </reflective>
            <reflectivity>
              <float>0.000000</float>
            </reflectivity>
            <transparent>
              <color>1.000000 1.000000 1.000000 1.000000</color>
            </transparent>
            <transparency>
              <float>1.000000</float>
            </transparency>
            <index_of_refraction>
              <float>0.000000</float>
            </index_of_refraction>
          </phong>
        </technique>
      </profile_COMMON>
      <extra>
        <technique profile="Rhino">
          <appearance_hash>2238652615</appearance_hash>
        </technique>
      </extra>
    </effect>
    <effect id="fx-a76b8083-2ec1-42ae-bd8d-9238265bce44">
      <profile_COMMON>
        <technique sid="common">
          <phong>
            <emission>
              <color>0.000000 0.000000 0.000000 1.000000</color>
            </emission>
            <ambient>
              <color>0.000000 0.000000 0.000000 1.000000</color>
            </ambient>
            <diffuse>
              <color>0.000000 0.000000 0.000000 1.000000</color>
            </diffuse>
            <specular>
              <color>0.337255 0.333333 0.333333 1.000000</color>
            </specular>
            <shininess>
              <float>0.850000</float>
            </shininess>
            <reflective>
              <color>0.396078 0.392157 0.392157 1.000000</color>
            </reflective>
            <reflectivity>
              <float>0.000000</float>
            </reflectivity>
            <transparent>
              <color>1.000000 1.000000 1.000000 1.000000</color>
            </transparent>
            <transparency>
              <float>1.000000</float>
            </transparency>
            <index_of_refraction>
              <float>0.000000</float>
            </index_of_refraction>
          </phong>
        </technique>
      </profile_COMMON>
      <extra>
        <technique profile="Rhino">
          <appearance_hash>2238652615</appearance_hash>
        </technique>
      </extra>
    </effect>
    <effect id="fx-a2004ed0-3ed1-4230-964a-a0fb2ed4ec31">
      <profile_COMMON>
        <technique sid="common">
          <phong>
            <emission>
              <color>0.000000 0.000000 0.000000 1.000000</color>
            </emission>
            <ambient>
              <color>0.000000 0.000000 0.000000 1.000000</color>
            </ambient>
            <diffuse>
              <color>0.000000 0.000000 0.000000 1.000000</color>
            </diffuse>
            <specular>
              <color>0.337255 0.333333 0.333333 1.000000</color>
            </specular>
            <shininess>
              <float>0.850000</float>
            </shininess>
            <reflective>
              <color>0.396078 0.392157 0.392157 1.000000</color>
            </reflective>
            <reflectivity>
              <float>0.000000</float>
            </reflectivity>
            <transparent>
              <color>1.000000 1.000000 1.000000 1.000000</color>
            </transparent>
            <transparency>
              <float>1.000000</float>
            </transparency>
            <index_of_refraction>
              <float>0.000000</float>
            </index_of_refraction>
          </phong>
        </technique>
      </profile_COMMON>
      <extra>
        <technique profile="Rhino">
          <appearance_hash>2238652615</appearance_hash>
        </technique>
      </extra>
    </effect>
    <effect id="fx-a64b6b70-6090-420d-a33f-b63debf2ed80">
      <profile_COMMON>
        <technique sid="common">
          <phong>
            <emission>
              <color>0.000000 0.000000 0.000000 1.000000</color>
            </emission>
            <ambient>
              <color>0.000000 0.000000 0.000000 1.000000</color>
            </ambient>
            <diffuse>
              <color>0.725490 0.545098 0.211765 1.000000</color>
            </diffuse>
            <specular>
              <color>0.850980 0.850980 0.850980 1.000000</color>
            </specular>
            <shininess>
              <float>0.850000</float>
            </shininess>
            <reflective>
              <color>1.000000 1.000000 1.000000 1.000000</color>
            </reflective>
            <reflectivity>
              <float>0.000000</float>
            </reflectivity>
            <transparent>
              <color>0.725490 0.545098 0.211765 1.000000</color>
            </transparent>
            <transparency>
              <float>1.000000</float>
            </transparency>
            <index_of_refraction>
              <float>-0.500000</float>
            </index_of_refraction>
          </phong>
        </technique>
      </profile_COMMON>
      <extra>
        <technique profile="Rhino">
          <appearance_hash>847488362</appearance_hash>
        </technique>
      </extra>
    </effect>
  </library_effects>
  <library_geometries>
    <geometry id="mesh-aaaade96-281a-4986-936a-0edd15a9a0a4">
      <mesh>
        <source id="lib-position-aaaade96-281a-4986-936a-0edd15a9a0a4" name="position">
          <float_array id="lib-position-array-aaaade96-281a-4986-936a-0edd15a9a0a4" count="390" digits="17" magnitude="308">69.2097473144531 10.9800977706909 0.917990505695343 69.2017822265625 11.0888233184814 0.917990505695343 69.1727523803711 11.1939039230347 0.917990505695343 69.123779296875 11.2913026809692 0.917990505695343 69.0567474365234 11.3772764205933 0.917990505695343 68.9742279052734 11.4485206604004 0.917990505695343 68.8794021606445 11.5022974014282 0.917990505695343 68.7759017944336 11.5365409851074 0.917990505695343 68.6677093505859 11.549934387207 0.917990505695343 68.5589828491211 11.5419635772705 0.917990505695343 68.4539031982422 11.5129346847534 0.917990505695343 68.3565063476563 11.463963508606 0.917990505695343 68.2705307006836 11.3969316482544 0.917990505695343 68.1992874145508 11.3144149780273 0.917990505695343 68.1455078125 11.2195854187012 0.917990505695343 68.1112670898438 11.1160860061646 0.917990505695343 68.0978775024414 11.0078954696655 0.917990505695343 68.105842590332 10.899169921875 0.917990505695343 68.1348724365234 10.7940893173218 0.917990505695343 68.1838455200195 10.6966905593872 0.917990505695343 68.2508773803711 10.6107168197632 0.917990505695343 68.3333969116211 10.5394725799561 0.917990505695343 68.42822265625 10.4856958389282 0.917990505695343 68.5317230224609 10.451452255249 0.917990505695343 68.6399154663086 10.4380588531494 0.917990505695343 68.7486419677734 10.4460296630859 0.917990505695343 68.8537216186523 10.475058555603 0.917990505695343 68.9511184692383 10.5240297317505 0.917990505695343 69.0370941162109 10.5910615921021 0.917990505695343 69.1083374023438 10.6735782623291 0.917990505695343 69.162109375 10.7684078216553 0.917990505695343 69.1963577270508 10.8719072341919 0.917990505695343 69.2097473144531 10.9800977706909 0.917990505695343 69.2097473144531 10.9800977706909 13.792290687561 69.1963577270508 10.8719072341919 0.917990505695343 69.1963577270508 10.8719072341919 13.792290687561 69.162109375 10.7684078216553 0.917990505695343 69.162109375 10.7684078216553 13.792290687561 69.1083374023438 10.6735782623291 0.917990505695343 69.1083374023438 10.6735782623291 13.792290687561 69.0370941162109 10.5910615921021 0.917990505695343 69.0370941162109 10.5910615921021 13.792290687561 68.9511184692383 10.5240297317505 0.917990505695343 68.9511184692383 10.5240297317505 13.792290687561 68.8537216186523 10.475058555603 0.917990505695343 68.8537216186523 10.475058555603 13.792290687561 68.7486419677734 10.4460296630859 0.917990505695343 68.7486419677734 10.4460296630859 13.792290687561 68.6399154663086 10.4380588531494 0.917990505695343 68.6399154663086 10.4380588531494 13.792290687561 68.5317230224609 10.451452255249 0.917990505695343 68.5317230224609 10.451452255249 13.792290687561 68.42822265625 10.4856958389282 0.917990505695343 68.42822265625 10.4856958389282 13.792290687561 68.3333969116211 10.5394725799561 0.917990505695343 68.3333969116211 10.5394725799561 13.792290687561 68.2508773803711 10.6107168197632 0.917990505695343 68.2508773803711 10.6107168197632 13.792290687561 68.1838455200195 10.6966905593872 0.917990505695343 68.1838455200195 10.6966905593872 13.792290687561 68.1348724365234 10.7940893173218 0.917990505695343 68.1348724365234 10.7940893173218 13.792290687561 68.105842590332 10.899169921875 0.917990505695343 68.105842590332 10.899169921875 13.792290687561 68.0978775024414 11.0078954696655 0.917990505695343 68.0978775024414 11.0078954696655 13.792290687561 68.1112670898438 11.1160860061646 0.917990505695343 68.1112670898438 11.1160860061646 13.792290687561 68.1455078125 11.2195854187012 0.917990505695343 68.1455078125 11.2195854187012 13.792290687561 68.1992874145508 11.3144149780273 0.917990505695343 68.1992874145508 11.3144149780273 13.792290687561 68.2705307006836 11.3969316482544 0.917990505695343 68.2705307006836 11.3969316482544 13.792290687561 68.3565063476563 11.463963508606 0.917990505695343 68.3565063476563 11.463963508606 13.792290687561 68.4539031982422 11.5129346847534 0.917990505695343 68.4539031982422 11.5129346847534 13.792290687561 68.5589828491211 11.5419635772705 0.917990505695343 68.5589828491211 11.5419635772705 13.792290687561 68.6677093505859 11.549934387207 0.917990505695343 68.6677093505859 11.549934387207 13.792290687561 68.7759017944336 11.5365409851074 0.917990505695343 68.7759017944336 11.5365409851074 13.792290687561 68.8794021606445 11.5022974014282 0.917990505695343 68.8794021606445 11.5022974014282 13.792290687561 68.9742279052734 11.4485206604004 0.917990505695343 68.9742279052734 11.4485206604004 13.792290687561 69.0567474365234 11.3772764205933 0.917990505695343 69.0567474365234 11.3772764205933 13.792290687561 69.123779296875 11.2913026809692 0.917990505695343 69.123779296875 11.2913026809692 13.792290687561 69.1727523803711 11.1939039230347 0.917990505695343 69.1727523803711 11.1939039230347 13.792290687561 69.2017822265625 11.0888233184814 0.917990505695343 69.2017822265625 11.0888233184814 13.792290687561 69.2097473144531 10.9800977706909 0.917990505695343 69.2097473144531 10.9800977706909 13.792290687561 69.2097473144531 10.9800977706909 13.792290687561 69.2017822265625 11.0888233184814 13.792290687561 69.1727523803711 11.1939039230347 13.792290687561 69.123779296875 11.2913026809692 13.792290687561 69.0567474365234 11.3772764205933 13.792290687561 68.9742279052734 11.4485206604004 13.792290687561 68.8794021606445 11.5022974014282 13.792290687561 68.7759017944336 11.5365409851074 13.792290687561 68.6677093505859 11.549934387207 13.792290687561 68.5589828491211 11.5419635772705 13.792290687561 68.4539031982422 11.5129346847534 13.792290687561 68.3565063476563 11.463963508606 13.792290687561 68.2705307006836 11.3969316482544 13.792290687561 68.1992874145508 11.3144149780273 13.792290687561 68.1455078125 11.2195854187012 13.792290687561 68.1112670898438 11.1160860061646 13.792290687561 68.0978775024414 11.0078954696655 13.792290687561 68.105842590332 10.899169921875 13.792290687561 68.1348724365234 10.7940893173218 13.792290687561 68.1838455200195 10.6966905593872 13.792290687561 68.2508773803711 10.6107168197632 13.792290687561 68.3333969116211 10.5394725799561 13.792290687561 68.42822265625 10.4856958389282 13.792290687561 68.5317230224609 10.451452255249 13.792290687561 68.6399154663086 10.4380588531494 13.792290687561 68.7486419677734 10.4460296630859 13.792290687561 68.8537216186523 10.475058555603 13.792290687561 68.9511184692383 10.5240297317505 13.792290687561 69.0370941162109 10.5910615921021 13.792290687561 69.1083374023438 10.6735782623291 13.792290687561 69.162109375 10.7684078216553 13.792290687561 69.1963577270508 10.8719072341919 13.792290687561</float_array>
          <technique_common>
            <accessor count="130" offset="0" source="#lib-position-array-aaaade96-281a-4986-936a-0edd15a9a0a4" stride="3">
              <param name="X" type="float" />
              <param name="Y" type="float" />
              <param name="Z" type="float" />
            </accessor>
          </technique_common>
        </source>
        <source id="lib-normal-aaaade96-281a-4986-936a-0edd15a9a0a4" name="normal">
          <float_array id="lib-normal-array-aaaade96-281a-4986-936a-0edd15a9a0a4" count="390">0.000000 0.000000 -1.000000 0.000000 0.000000 -1.000000 0.000000 0.000000 -1.000000 0.000000 0.000000 -1.000000 0.000000 0.000000 -1.000000 0.000000 0.000000 -1.000000 0.000000 0.000000 -1.000000 0.000000 0.000000 -1.000000 0.000000 0.000000 -1.000000 0.000000 0.000000 -1.000000 0.000000 0.000000 -1.000000 0.000000 0.000000 -1.000000 0.000000 0.000000 -1.000000 0.000000 0.000000 -1.000000 0.000000 0.000000 -1.000000 0.000000 0.000000 -1.000000 0.000000 0.000000 -1.000000 0.000000 0.000000 -1.000000 0.000000 0.000000 -1.000000 0.000000 0.000000 -1.000000 0.000000 0.000000 -1.000000 0.000000 0.000000 -1.000000 0.000000 0.000000 -1.000000 0.000000 0.000000 -1.000000 0.000000 0.000000 -1.000000 0.000000 0.000000 -1.000000 0.000000 0.000000 -1.000000 0.000000 0.000000 -1.000000 0.000000 0.000000 -1.000000 0.000000 0.000000 -1.000000 0.000000 0.000000 -1.000000 0.000000 0.000000 -1.000000 0.999688 -0.024992 0.000000 0.999688 -0.024992 0.000000 0.975603 -0.219541 0.000000 0.975603 -0.219541 0.000000 0.914027 -0.405654 0.000000 0.914027 -0.405654 0.000000 0.817325 -0.576177 0.000000 0.817325 -0.576177 0.000000 0.689214 -0.724558 0.000000 0.689214 -0.724558 0.000000 0.534616 -0.845095 0.000000 0.534616 -0.845095 0.000000 0.359474 -0.933155 0.000000 0.359474 -0.933155 0.000000 0.170517 -0.985355 0.000000 0.170517 -0.985355 0.000000 -0.024992 -0.999688 0.000000 -0.024992 -0.999688 0.000000 -0.219541 -0.975603 0.000000 -0.219541 -0.975603 0.000000 -0.405654 -0.914027 0.000000 -0.405654 -0.914027 0.000000 -0.576177 -0.817325 0.000000 -0.576177 -0.817325 0.000000 -0.724558 -0.689214 0.000000 -0.724558 -0.689214 0.000000 -0.845095 -0.534616 0.000000 -0.845095 -0.534616 0.000000 -0.933155 -0.359474 0.000000 -0.933155 -0.359474 0.000000 -0.985355 -0.170517 0.000000 -0.985355 -0.170517 0.000000 -0.999688 0.024992 0.000000 -0.999688 0.024992 0.000000 -0.975603 0.219541 0.000000 -0.975603 0.219541 0.000000 -0.914027 0.405654 0.000000 -0.914027 0.405654 0.000000 -0.817325 0.576177 0.000000 -0.817325 0.576177 0.000000 -0.689214 0.724558 0.000000 -0.689214 0.724558 0.000000 -0.534616 0.845095 0.000000 -0.534616 0.845095 0.000000 -0.359474 0.933155 0.000000 -0.359474 0.933155 0.000000 -0.170517 0.985355 0.000000 -0.170517 0.985355 0.000000 0.024992 0.999688 0.000000 0.024992 0.999688 0.000000 0.219541 0.975603 0.000000 0.219541 0.975603 0.000000 0.405654 0.914027 0.000000 0.405654 0.914027 0.000000 0.576177 0.817325 0.000000 0.576177 0.817325 0.000000 0.724558 0.689214 0.000000 0.724558 0.689214 0.000000 0.845095 0.534616 0.000000 0.845095 0.534616 0.000000 0.933155 0.359474 0.000000 0.933155 0.359474 0.000000 0.985355 0.170517 0.000000 0.985355 0.170517 0.000000 0.999688 -0.024992 0.000000 0.999688 -0.024992 0.000000 0.000000 0.000000 1.000000 0.000000 0.000000 1.000000 0.000000 0.000000 1.000000 0.000000 0.000000 1.000000 0.000000 0.000000 1.000000 0.000000 0.000000 1.000000 0.000000 0.000000 1.000000 0.000000 0.000000 1.000000 0.000000 0.000000 1.000000 0.000000 0.000000 1.000000 0.000000 0.000000 1.000000 0.000000 0.000000 1.000000 0.000000 0.000000 1.000000 0.000000 0.000000 1.000000 0.000000 0.000000 1.000000 0.000000 0.000000 1.000000 0.000000 0.000000 1.000000 0.000000 0.000000 1.000000 0.000000 0.000000 1.000000 0.000000 0.000000 1.000000 0.000000 0.000000 1.000000 0.000000 0.000000 1.000000 0.000000 0.000000 1.000000 0.000000 0.000000 1.000000 0.000000 0.000000 1.000000 0.000000 0.000000 1.000000 0.000000 0.000000 1.000000 0.000000 0.000000 1.000000 0.000000 0.000000 1.000000 0.000000 0.000000 1.000000 0.000000 0.000000 1.000000 0.000000 0.000000 1.000000</float_array>
          <technique_common>
            <accessor count="130" offset="0" source="#lib-normal-array-aaaade96-281a-4986-936a-0edd15a9a0a4" stride="3">
              <param name="X" type="float" />
              <param name="Y" type="float" />
              <param name="Z" type="float" />
            </accessor>
          </technique_common>
        </source>
        <source id="lib-map1-aaaade96-281a-4986-936a-0edd15a9a0a4" name="map1">
          <float_array id="lib-map1-array-aaaade96-281a-4986-936a-0edd15a9a0a4" count="260">0.043511 0.586364 0.035209 0.585745 0.027185 0.583490 0.019748 0.579686 0.013184 0.574480 0.007744 0.568070 0.003637 0.560704 0.001023 0.552665 0.000000 0.544262 0.000609 0.535816 0.002825 0.527654 0.006564 0.520089 0.011683 0.513411 0.017983 0.507877 0.025224 0.503700 0.033127 0.501040 0.041388 0.500000 0.049690 0.500619 0.057714 0.502874 0.065151 0.506678 0.071716 0.511884 0.077155 0.518294 0.081262 0.525660 0.083876 0.533699 0.084899 0.542102 0.084290 0.550548 0.082074 0.558710 0.078335 0.566275 0.073216 0.572953 0.066916 0.578487 0.059675 0.582664 0.051772 0.585324 0.086364 0.000000 0.086364 0.998535 0.094786 0.000000 0.094786 0.998535 0.103208 0.000000 0.103208 0.998535 0.111630 0.000000 0.111630 0.998535 0.120052 0.000000 0.120052 0.998535 0.128474 0.000000 0.128474 0.998535 0.136896 0.000000 0.136896 0.998535 0.145317 0.000000 0.145317 0.998535 0.153739 0.000000 0.153739 0.998535 0.162161 0.000000 0.162161 0.998535 0.170583 0.000000 0.170583 0.998535 0.179005 0.000000 0.179005 0.998535 0.187427 0.000000 0.187427 0.998535 0.195849 0.000000 0.195849 0.998535 0.204271 0.000000 0.204271 0.998535 0.212693 0.000000 0.212693 0.998535 0.221115 0.000000 0.221115 0.998535 0.229537 0.000000 0.229537 0.998535 0.237959 0.000000 0.237959 0.998535 0.246381 0.000000 0.246381 0.998535 0.254803 0.000000 0.254803 0.998535 0.263225 0.000000 0.263225 0.998535 0.271646 0.000000 0.271646 0.998535 0.280068 0.000000 0.280068 0.998535 0.288490 0.000000 0.288490 0.998535 0.296912 0.000000 0.296912 0.998535 0.305334 0.000000 0.305334 0.998535 0.313756 0.000000 0.313756 0.998535 0.322178 0.000000 0.322178 0.998535 0.330600 0.000000 0.330600 0.998535 0.339022 0.000000 0.339022 0.998535 0.347444 0.000000 0.347444 0.998535 0.355866 0.000000 0.355866 0.998535 0.043511 0.086364 0.035209 0.085745 0.027185 0.083490 0.019748 0.079686 0.013184 0.074480 0.007744 0.068070 0.003637 0.060704 0.001023 0.052665 0.000000 0.044262 0.000609 0.035816 0.002825 0.027654 0.006564 0.020089 0.011683 0.013411 0.017983 0.007877 0.025224 0.003700 0.033127 0.001040 0.041388 0.000000 0.049690 0.000619 0.057714 0.002874 0.065151 0.006678 0.071716 0.011884 0.077155 0.018294 0.081262 0.025660 0.083876 0.033699 0.084899 0.042102 0.084290 0.050548 0.082074 0.058710 0.078335 0.066275 0.073216 0.072953 0.066916 0.078487 0.059675 0.082664 0.051772 0.085324</float_array>
          <technique_common>
            <accessor count="130" offset="0" source="#lib-map1-array-aaaade96-281a-4986-936a-0edd15a9a0a4" stride="2">
              <param name="S" type="float" />
              <param name="T" type="float" />
            </accessor>
          </technique_common>
        </source>
        <vertices id="lib-vertices-aaaade96-281a-4986-936a-0edd15a9a0a4">
          <input semantic="POSITION" source="#lib-position-aaaade96-281a-4986-936a-0edd15a9a0a4" />
        </vertices>
        <triangles count="124" material="material-af3df473-e96c-489d-af29-ea8c1088414e">
          <input offset="0" semantic="VERTEX" source="#lib-vertices-aaaade96-281a-4986-936a-0edd15a9a0a4" />
          <input offset="1" semantic="NORMAL" source="#lib-normal-aaaade96-281a-4986-936a-0edd15a9a0a4" />
          <input offset="2" semantic="TEXCOORD" source="#lib-map1-aaaade96-281a-4986-936a-0edd15a9a0a4" />
          <p>18 18 18 20 20 20 19 19 19 17 17 17 16 16 16 18 18 18 20 20 20 18 18 18 16 16 16 22 22 22 24 24 24 23 23 23 26 26 26 22 22 22 20 20 20 22 22 22 21 21 21 20 20 20 10 10 10 4 4 4 20 20 20 14 14 14 16 16 16 15 15 15 16 16 16 14 14 14 13 13 13 16 16 16 13 13 13 20 20 20 11 11 11 13 13 13 12 12 12 13 13 13 11 11 11 20 20 20 20 20 20 11 11 11 10 10 10 9 9 9 8 8 8 10 10 10 22 22 22 26 26 26 24 24 24 4 4 4 26 26 26 20 20 20 27 27 27 26 26 26 4 4 4 27 27 27 29 29 29 28 28 28 0 0 0 30 30 30 29 29 29 30 30 30 0 0 0 31 31 31 4 4 4 29 29 29 27 27 27 4 4 4 0 0 0 29 29 29 6 6 6 5 5 5 4 4 4 6 6 6 8 8 8 7 7 7 10 10 10 8 8 8 6 6 6 6 6 6 4 4 4 10 10 10 2 2 2 4 4 4 3 3 3 4 4 4 2 2 2 0 0 0 2 2 2 1 1 1 0 0 0 25 25 25 24 24 24 26 26 26 34 34 34 32 32 32 33 33 33 38 38 38 36 36 36 37 37 37 36 36 36 34 34 34 35 35 35 42 42 42 40 40 40 41 41 41 46 46 46 44 44 44 45 45 45 44 44 44 42 42 42 43 43 43 40 40 40 38 38 38 39 39 39 50 50 50 48 48 48 49 49 49 54 54 54 52 52 52 53 53 53 52 52 52 50 50 50 51 51 51 58 58 58 56 56 56 57 57 57 62 62 62 60 60 60 61 61 61 60 60 60 58 58 58 59 59 59 56 56 56 54 54 54 55 55 55 48 48 48 46 46 46 47 47 47 64 64 64 62 62 62 63 63 63 68 68 68 66 66 66 67 67 67 72 72 72 70 70 70 71 71 71 70 70 70 68 68 68 69 69 69 76 76 76 74 74 74 75 75 75 80 80 80 78 78 78 79 79 79 78 78 78 76 76 76 77 77 77 74 74 74 72 72 72 73 73 73 84 84 84 82 82 82 83 83 83 88 88 88 86 86 86 87 87 87 86 86 86 84 84 84 85 85 85 92 92 92 90 90 90 91 91 91 96 96 96 94 94 94 95 95 95 94 94 94 92 92 92 93 93 93 90 90 90 88 88 88 89 89 89 82 82 82 80 80 80 81 81 81 66 66 66 64 64 64 65 65 65 116 116 116 117 117 117 118 118 118 115 115 115 116 116 116 114 114 114 118 118 118 114 114 114 116 116 116 120 120 120 121 121 121 122 122 122 124 124 124 118 118 118 120 120 120 120 120 120 118 118 118 119 119 119 108 108 108 118 118 118 102 102 102 112 112 112 113 113 113 114 114 114 114 114 114 111 111 111 112 112 112 114 114 114 118 118 118 111 111 111 109 109 109 110 110 110 111 111 111 111 111 111 118 118 118 109 109 109 118 118 118 108 108 108 109 109 109 107 107 107 108 108 108 106 106 106 120 120 120 122 122 122 124 124 124 102 102 102 118 118 118 124 124 124 125 125 125 102 102 102 124 124 124 125 125 125 126 126 126 127 127 127 98 98 98 127 127 127 128 128 128 128 128 128 129 129 129 98 98 98 102 102 102 125 125 125 127 127 127 102 102 102 127 127 127 98 98 98 104 104 104 102 102 102 103 103 103 104 104 104 105 105 105 106 106 106 108 108 108 104 104 104 106 106 106 104 104 104 108 108 108 102 102 102 100 100 100 101 101 101 102 102 102 102 102 102 98 98 98 100 100 100 100 100 100 98 98 98 99 99 99 123 123 123 124 124 124 122 122 122 34 34 34 33 33 33 35 35 35 38 38 38 37 37 37 39 39 39 36 36 36 35 35 35 37 37 37 42 42 42 41 41 41 43 43 43 46 46 46 45 45 45 47 47 47 44 44 44 43 43 43 45 45 45 40 40 40 39 39 39 41 41 41 50 50 50 49 49 49 51 51 51 54 54 54 53 53 53 55 55 55 52 52 52 51 51 51 53 53 53 58 58 58 57 57 57 59 59 59 62 62 62 61 61 61 63 63 63 60 60 60 59 59 59 61 61 61 56 56 56 55 55 55 57 57 57 48 48 48 47 47 47 49 49 49 64 64 64 63 63 63 65 65 65 68 68 68 67 67 67 69 69 69 72 72 72 71 71 71 73 73 73 70 70 70 69 69 69 71 71 71 76 76 76 75 75 75 77 77 77 80 80 80 79 79 79 81 81 81 78 78 78 77 77 77 79 79 79 74 74 74 73 73 73 75 75 75 84 84 84 83 83 83 85 85 85 88 88 88 87 87 87 89 89 89 86 86 86 85 85 85 87 87 87 92 92 92 91 91 91 93 93 93 96 96 96 95 95 95 97 97 97 94 94 94 93 93 93 95 95 95 90 90 90 89 89 89 91 91 91 82 82 82 81 81 81 83 83 83 66 66 66 65 65 65 67 67 67</p>
        </triangles>
      </mesh>
    </geometry>
    <geometry id="mesh-dd60c93a-d9b5-4f20-975f-b716425eb232">
      <mesh>
        <source id="lib-position-dd60c93a-d9b5-4f20-975f-b716425eb232" name="position_lib-posi">
          <float_array id="lib-position-array-dd60c93a-d9b5-4f20-975f-b716425eb232" count="390" digits="17" magnitude="308">51.5165405273438 29.0368328094482 0.917990505695343 51.5085716247559 29.1455574035645 0.917990505695343 51.4795417785645 29.250638961792 0.917990505695343 51.4305686950684 29.3480377197266 0.917990505695343 51.3635368347168 29.4340114593506 0.917990505695343 51.2810211181641 29.5052547454834 0.917990505695343 51.1861915588379 29.5590324401855 0.917990505695343 51.082691192627 29.5932750701904 0.917990505695343 50.9745025634766 29.60666847229 0.917990505695343 50.8657760620117 29.5986976623535 0.917990505695343 50.7606964111328 29.5696697235107 0.917990505695343 50.6632957458496 29.5206985473633 0.917990505695343 50.5773239135742 29.4536666870117 0.917990505695343 50.5060806274414 29.3711490631104 0.917990505695343 50.4523010253906 29.2763195037842 0.917990505695343 50.4180603027344 29.1728210449219 0.917990505695343 50.4046669006348 29.0646305084229 0.917990505695343 50.4126358032227 28.955904006958 0.917990505695343 50.4416656494141 28.8508243560791 0.917990505695343 50.4906349182129 28.7534255981445 0.917990505695343 50.5576667785645 28.6674518585205 0.917990505695343 50.6401863098145 28.5962066650391 0.917990505695343 50.7350158691406 28.5424308776855 0.917990505695343 50.8385124206543 28.508186340332 0.917990505695343 50.946704864502 28.4947929382324 0.917990505695343 51.0554313659668 28.5027637481689 0.917990505695343 51.1605110168457 28.5317935943604 0.917990505695343 51.2579116821289 28.5807647705078 0.917990505695343 51.3438835144043 28.6477966308594 0.917990505695343 51.4151268005371 28.7303123474121 0.917990505695343 51.4689025878906 28.8251419067383 0.917990505695343 51.5031471252441 28.9286422729492 0.917990505695343 51.5165405273438 29.0368328094482 0.917990505695343 51.5165405273438 29.0368328094482 13.792290687561 51.5031471252441 28.9286422729492 0.917990505695343 51.5031471252441 28.9286422729492 13.792290687561 51.4689025878906 28.8251419067383 0.917990505695343 51.4689025878906 28.8251419067383 13.792290687561 51.4151268005371 28.7303123474121 0.917990505695343 51.4151268005371 28.7303123474121 13.792290687561 51.3438835144043 28.6477966308594 0.917990505695343 51.3438835144043 28.6477966308594 13.792290687561 51.2579116821289 28.5807647705078 0.917990505695343 51.2579116821289 28.5807647705078 13.792290687561 51.1605110168457 28.5317935943604 0.917990505695343 51.1605110168457 28.5317935943604 13.792290687561 51.0554313659668 28.5027637481689 0.917990505695343 51.0554313659668 28.5027637481689 13.792290687561 50.946704864502 28.4947929382324 0.917990505695343 50.946704864502 28.4947929382324 13.792290687561 50.8385124206543 28.508186340332 0.917990505695343 50.8385124206543 28.508186340332 13.792290687561 50.7350158691406 28.5424308776855 0.917990505695343 50.7350158691406 28.5424308776855 13.792290687561 50.6401863098145 28.5962066650391 0.917990505695343 50.6401863098145 28.5962066650391 13.792290687561 50.5576667785645 28.6674518585205 0.917990505695343 50.5576667785645 28.6674518585205 13.792290687561 50.4906349182129 28.7534255981445 0.917990505695343 50.4906349182129 28.7534255981445 13.792290687561 50.4416656494141 28.8508243560791 0.917990505695343 50.4416656494141 28.8508243560791 13.792290687561 50.4126358032227 28.955904006958 0.917990505695343 50.4126358032227 28.955904006958 13.792290687561 50.4046669006348 29.0646305084229 0.917990505695343 50.4046669006348 29.0646305084229 13.792290687561 50.4180603027344 29.1728210449219 0.917990505695343 50.4180603027344 29.1728210449219 13.792290687561 50.4523010253906 29.2763195037842 0.917990505695343 50.4523010253906 29.2763195037842 13.792290687561 50.5060806274414 29.3711490631104 0.917990505695343 50.5060806274414 29.3711490631104 13.792290687561 50.5773239135742 29.4536666870117 0.917990505695343 50.5773239135742 29.4536666870117 13.792290687561 50.6632957458496 29.5206985473633 0.917990505695343 50.6632957458496 29.5206985473633 13.792290687561 50.7606964111328 29.5696697235107 0.917990505695343 50.7606964111328 29.5696697235107 13.792290687561 50.8657760620117 29.5986976623535 0.917990505695343 50.8657760620117 29.5986976623535 13.792290687561 50.9745025634766 29.60666847229 0.917990505695343 50.9745025634766 29.60666847229 13.792290687561 51.082691192627 29.5932750701904 0.917990505695343 51.082691192627 29.5932750701904 13.792290687561 51.1861915588379 29.5590324401855 0.917990505695343 51.1861915588379 29.5590324401855 13.792290687561 51.2810211181641 29.5052547454834 0.917990505695343 51.2810211181641 29.5052547454834 13.792290687561 51.3635368347168 29.4340114593506 0.917990505695343 51.3635368347168 29.4340114593506 13.792290687561 51.4305686950684 29.3480377197266 0.917990505695343 51.4305686950684 29.3480377197266 13.792290687561 51.4795417785645 29.250638961792 0.917990505695343 51.4795417785645 29.250638961792 13.792290687561 51.5085716247559 29.1455574035645 0.917990505695343 51.5085716247559 29.1455574035645 13.792290687561 51.5165405273438 29.0368328094482 0.917990505695343 51.5165405273438 29.0368328094482 13.792290687561 51.5165405273438 29.0368328094482 13.792290687561 51.5085716247559 29.1455574035645 13.792290687561 51.4795417785645 29.250638961792 13.792290687561 51.4305686950684 29.3480377197266 13.792290687561 51.3635368347168 29.4340114593506 13.792290687561 51.2810211181641 29.5052547454834 13.792290687561 51.1861915588379 29.5590324401855 13.792290687561 51.082691192627 29.5932750701904 13.792290687561 50.9745025634766 29.60666847229 13.792290687561 50.8657760620117 29.5986976623535 13.792290687561 50.7606964111328 29.5696697235107 13.792290687561 50.6632957458496 29.5206985473633 13.792290687561 50.5773239135742 29.4536666870117 13.792290687561 50.5060806274414 29.3711490631104 13.792290687561 50.4523010253906 29.2763195037842 13.792290687561 50.4180603027344 29.1728210449219 13.792290687561 50.4046669006348 29.0646305084229 13.792290687561 50.4126358032227 28.955904006958 13.792290687561 50.4416656494141 28.8508243560791 13.792290687561 50.4906349182129 28.7534255981445 13.792290687561 50.5576667785645 28.6674518585205 13.792290687561 50.6401863098145 28.5962066650391 13.792290687561 50.7350158691406 28.5424308776855 13.792290687561 50.8385124206543 28.508186340332 13.792290687561 50.946704864502 28.4947929382324 13.792290687561 51.0554313659668 28.5027637481689 13.792290687561 51.1605110168457 28.5317935943604 13.792290687561 51.2579116821289 28.5807647705078 13.792290687561 51.3438835144043 28.6477966308594 13.792290687561 51.4151268005371 28.7303123474121 13.792290687561 51.4689025878906 28.8251419067383 13.792290687561 51.5031471252441 28.9286422729492 13.792290687561</float_array>
          <technique_common>
            <accessor count="130" offset="0" source="#lib-position-array-dd60c93a-d9b5-4f20-975f-b716425eb232" stride="3">
              <param name="X" type="float" />
              <param name="Y" type="float" />
              <param name="Z" type="float" />
            </accessor>
          </technique_common>
        </source>
        <source id="lib-normal-dd60c93a-d9b5-4f20-975f-b716425eb232" name="normal_lib-norm">
          <float_array id="lib-normal-array-dd60c93a-d9b5-4f20-975f-b716425eb232" count="390">0.000000 0.000000 -1.000000 0.000000 0.000000 -1.000000 0.000000 0.000000 -1.000000 0.000000 0.000000 -1.000000 0.000000 0.000000 -1.000000 0.000000 0.000000 -1.000000 0.000000 0.000000 -1.000000 0.000000 0.000000 -1.000000 0.000000 0.000000 -1.000000 0.000000 0.000000 -1.000000 0.000000 0.000000 -1.000000 0.000000 0.000000 -1.000000 0.000000 0.000000 -1.000000 0.000000 0.000000 -1.000000 0.000000 0.000000 -1.000000 0.000000 0.000000 -1.000000 0.000000 0.000000 -1.000000 0.000000 0.000000 -1.000000 0.000000 0.000000 -1.000000 0.000000 0.000000 -1.000000 0.000000 0.000000 -1.000000 0.000000 0.000000 -1.000000 0.000000 0.000000 -1.000000 0.000000 0.000000 -1.000000 0.000000 0.000000 -1.000000 0.000000 0.000000 -1.000000 0.000000 0.000000 -1.000000 0.000000 0.000000 -1.000000 0.000000 0.000000 -1.000000 0.000000 0.000000 -1.000000 0.000000 0.000000 -1.000000 0.000000 0.000000 -1.000000 0.999688 -0.024992 0.000000 0.999688 -0.024992 0.000000 0.975603 -0.219541 0.000000 0.975603 -0.219541 0.000000 0.914027 -0.405654 0.000000 0.914027 -0.405654 0.000000 0.817325 -0.576177 0.000000 0.817325 -0.576177 0.000000 0.689214 -0.724558 0.000000 0.689214 -0.724558 0.000000 0.534616 -0.845095 0.000000 0.534616 -0.845095 0.000000 0.359474 -0.933155 0.000000 0.359474 -0.933155 0.000000 0.170517 -0.985355 0.000000 0.170517 -0.985355 0.000000 -0.024992 -0.999688 0.000000 -0.024992 -0.999688 0.000000 -0.219541 -0.975603 0.000000 -0.219541 -0.975603 0.000000 -0.405654 -0.914027 0.000000 -0.405654 -0.914027 0.000000 -0.576177 -0.817325 0.000000 -0.576177 -0.817325 0.000000 -0.724558 -0.689214 0.000000 -0.724558 -0.689214 0.000000 -0.845095 -0.534616 0.000000 -0.845095 -0.534616 0.000000 -0.933155 -0.359474 0.000000 -0.933155 -0.359474 0.000000 -0.985355 -0.170517 0.000000 -0.985355 -0.170517 0.000000 -0.999688 0.024992 0.000000 -0.999688 0.024992 0.000000 -0.975603 0.219541 0.000000 -0.975603 0.219541 0.000000 -0.914027 0.405654 0.000000 -0.914027 0.405654 0.000000 -0.817325 0.576177 0.000000 -0.817325 0.576177 0.000000 -0.689214 0.724558 0.000000 -0.689214 0.724558 0.000000 -0.534616 0.845095 0.000000 -0.534616 0.845095 0.000000 -0.359474 0.933155 0.000000 -0.359474 0.933155 0.000000 -0.170517 0.985355 0.000000 -0.170517 0.985355 0.000000 0.024992 0.999688 0.000000 0.024992 0.999688 0.000000 0.219541 0.975603 0.000000 0.219541 0.975603 0.000000 0.405654 0.914027 0.000000 0.405654 0.914027 0.000000 0.576177 0.817325 0.000000 0.576177 0.817325 0.000000 0.724558 0.689214 0.000000 0.724558 0.689214 0.000000 0.845095 0.534616 0.000000 0.845095 0.534616 0.000000 0.933155 0.359474 0.000000 0.933155 0.359474 0.000000 0.985355 0.170517 0.000000 0.985355 0.170517 0.000000 0.999688 -0.024992 0.000000 0.999688 -0.024992 0.000000 0.000000 0.000000 1.000000 0.000000 0.000000 1.000000 0.000000 0.000000 1.000000 0.000000 0.000000 1.000000 0.000000 0.000000 1.000000 0.000000 0.000000 1.000000 0.000000 0.000000 1.000000 0.000000 0.000000 1.000000 0.000000 0.000000 1.000000 0.000000 0.000000 1.000000 0.000000 0.000000 1.000000 0.000000 0.000000 1.000000 0.000000 0.000000 1.000000 0.000000 0.000000 1.000000 0.000000 0.000000 1.000000 0.000000 0.000000 1.000000 0.000000 0.000000 1.000000 0.000000 0.000000 1.000000 0.000000 0.000000 1.000000 0.000000 0.000000 1.000000 0.000000 0.000000 1.000000 0.000000 0.000000 1.000000 0.000000 0.000000 1.000000 0.000000 0.000000 1.000000 0.000000 0.000000 1.000000 0.000000 0.000000 1.000000 0.000000 0.000000 1.000000 0.000000 0.000000 1.000000 0.000000 0.000000 1.000000 0.000000 0.000000 1.000000 0.000000 0.000000 1.000000 0.000000 0.000000 1.000000</float_array>
          <technique_common>
            <accessor count="130" offset="0" source="#lib-normal-array-dd60c93a-d9b5-4f20-975f-b716425eb232" stride="3">
              <param name="X" type="float" />
              <param name="Y" type="float" />
              <param name="Z" type="float" />
            </accessor>
          </technique_common>
        </source>
        <source id="lib-map1-dd60c93a-d9b5-4f20-975f-b716425eb232" name="map1_lib-map1">
          <float_array id="lib-map1-array-dd60c93a-d9b5-4f20-975f-b716425eb232" count="260">0.043511 0.586364 0.035209 0.585745 0.027185 0.583490 0.019748 0.579686 0.013184 0.574480 0.007744 0.568070 0.003637 0.560704 0.001023 0.552665 0.000000 0.544262 0.000609 0.535816 0.002825 0.527654 0.006564 0.520089 0.011683 0.513411 0.017983 0.507877 0.025224 0.503700 0.033127 0.501040 0.041388 0.500000 0.049690 0.500619 0.057714 0.502874 0.065151 0.506678 0.071716 0.511884 0.077155 0.518294 0.081262 0.525660 0.083876 0.533699 0.084899 0.542102 0.084290 0.550548 0.082074 0.558710 0.078335 0.566275 0.073216 0.572953 0.066916 0.578487 0.059675 0.582664 0.051772 0.585324 0.086364 0.000000 0.086364 0.998535 0.094786 0.000000 0.094786 0.998535 0.103208 0.000000 0.103208 0.998535 0.111630 0.000000 0.111630 0.998535 0.120052 0.000000 0.120052 0.998535 0.128474 0.000000 0.128474 0.998535 0.136896 0.000000 0.136896 0.998535 0.145317 0.000000 0.145317 0.998535 0.153739 0.000000 0.153739 0.998535 0.162161 0.000000 0.162161 0.998535 0.170583 0.000000 0.170583 0.998535 0.179005 0.000000 0.179005 0.998535 0.187427 0.000000 0.187427 0.998535 0.195849 0.000000 0.195849 0.998535 0.204271 0.000000 0.204271 0.998535 0.212693 0.000000 0.212693 0.998535 0.221115 0.000000 0.221115 0.998535 0.229537 0.000000 0.229537 0.998535 0.237959 0.000000 0.237959 0.998535 0.246381 0.000000 0.246381 0.998535 0.254803 0.000000 0.254803 0.998535 0.263225 0.000000 0.263225 0.998535 0.271646 0.000000 0.271646 0.998535 0.280068 0.000000 0.280068 0.998535 0.288490 0.000000 0.288490 0.998535 0.296912 0.000000 0.296912 0.998535 0.305334 0.000000 0.305334 0.998535 0.313756 0.000000 0.313756 0.998535 0.322178 0.000000 0.322178 0.998535 0.330600 0.000000 0.330600 0.998535 0.339022 0.000000 0.339022 0.998535 0.347444 0.000000 0.347444 0.998535 0.355866 0.000000 0.355866 0.998535 0.043511 0.086364 0.035209 0.085745 0.027185 0.083490 0.019748 0.079686 0.013184 0.074480 0.007744 0.068070 0.003637 0.060704 0.001023 0.052665 0.000000 0.044262 0.000609 0.035816 0.002825 0.027654 0.006564 0.020089 0.011683 0.013411 0.017983 0.007877 0.025224 0.003700 0.033127 0.001040 0.041388 0.000000 0.049690 0.000619 0.057714 0.002874 0.065151 0.006678 0.071716 0.011884 0.077155 0.018294 0.081262 0.025660 0.083876 0.033699 0.084899 0.042102 0.084290 0.050548 0.082074 0.058710 0.078335 0.066275 0.073216 0.072953 0.066916 0.078487 0.059675 0.082664 0.051772 0.085324</float_array>
          <technique_common>
            <accessor count="130" offset="0" source="#lib-map1-array-dd60c93a-d9b5-4f20-975f-b716425eb232" stride="2">
              <param name="S" type="float" />
              <param name="T" type="float" />
            </accessor>
          </technique_common>
        </source>
        <vertices id="lib-vertices-dd60c93a-d9b5-4f20-975f-b716425eb232">
          <input semantic="POSITION" source="#lib-position-dd60c93a-d9b5-4f20-975f-b716425eb232" />
        </vertices>
        <triangles count="124" material="material-ca66b435-dfd6-4570-b8f0-ff2197247290">
          <input offset="0" semantic="VERTEX" source="#lib-vertices-dd60c93a-d9b5-4f20-975f-b716425eb232" />
          <input offset="1" semantic="NORMAL" source="#lib-normal-dd60c93a-d9b5-4f20-975f-b716425eb232" />
          <input offset="2" semantic="TEXCOORD" source="#lib-map1-dd60c93a-d9b5-4f20-975f-b716425eb232" />
          <p>18 18 18 20 20 20 19 19 19 17 17 17 16 16 16 18 18 18 20 20 20 18 18 18 16 16 16 22 22 22 24 24 24 23 23 23 26 26 26 22 22 22 20 20 20 22 22 22 21 21 21 20 20 20 10 10 10 4 4 4 20 20 20 14 14 14 16 16 16 15 15 15 16 16 16 14 14 14 13 13 13 16 16 16 13 13 13 20 20 20 11 11 11 13 13 13 12 12 12 13 13 13 11 11 11 20 20 20 20 20 20 11 11 11 10 10 10 9 9 9 8 8 8 10 10 10 22 22 22 26 26 26 24 24 24 4 4 4 26 26 26 20 20 20 27 27 27 26 26 26 4 4 4 27 27 27 29 29 29 28 28 28 0 0 0 30 30 30 29 29 29 30 30 30 0 0 0 31 31 31 4 4 4 29 29 29 27 27 27 4 4 4 0 0 0 29 29 29 6 6 6 5 5 5 4 4 4 6 6 6 8 8 8 7 7 7 10 10 10 8 8 8 6 6 6 6 6 6 4 4 4 10 10 10 2 2 2 4 4 4 3 3 3 4 4 4 2 2 2 0 0 0 2 2 2 1 1 1 0 0 0 25 25 25 24 24 24 26 26 26 34 34 34 32 32 32 33 33 33 38 38 38 36 36 36 37 37 37 36 36 36 34 34 34 35 35 35 42 42 42 40 40 40 41 41 41 46 46 46 44 44 44 45 45 45 44 44 44 42 42 42 43 43 43 40 40 40 38 38 38 39 39 39 50 50 50 48 48 48 49 49 49 54 54 54 52 52 52 53 53 53 52 52 52 50 50 50 51 51 51 58 58 58 56 56 56 57 57 57 62 62 62 60 60 60 61 61 61 60 60 60 58 58 58 59 59 59 56 56 56 54 54 54 55 55 55 48 48 48 46 46 46 47 47 47 64 64 64 62 62 62 63 63 63 68 68 68 66 66 66 67 67 67 72 72 72 70 70 70 71 71 71 70 70 70 68 68 68 69 69 69 76 76 76 74 74 74 75 75 75 80 80 80 78 78 78 79 79 79 78 78 78 76 76 76 77 77 77 74 74 74 72 72 72 73 73 73 84 84 84 82 82 82 83 83 83 88 88 88 86 86 86 87 87 87 86 86 86 84 84 84 85 85 85 92 92 92 90 90 90 91 91 91 96 96 96 94 94 94 95 95 95 94 94 94 92 92 92 93 93 93 90 90 90 88 88 88 89 89 89 82 82 82 80 80 80 81 81 81 66 66 66 64 64 64 65 65 65 116 116 116 117 117 117 118 118 118 115 115 115 116 116 116 114 114 114 118 118 118 114 114 114 116 116 116 120 120 120 121 121 121 122 122 122 124 124 124 118 118 118 120 120 120 120 120 120 118 118 118 119 119 119 108 108 108 118 118 118 102 102 102 112 112 112 113 113 113 114 114 114 114 114 114 111 111 111 112 112 112 114 114 114 118 118 118 111 111 111 109 109 109 110 110 110 111 111 111 111 111 111 118 118 118 109 109 109 118 118 118 108 108 108 109 109 109 107 107 107 108 108 108 106 106 106 120 120 120 122 122 122 124 124 124 102 102 102 118 118 118 124 124 124 125 125 125 102 102 102 124 124 124 125 125 125 126 126 126 127 127 127 98 98 98 127 127 127 128 128 128 128 128 128 129 129 129 98 98 98 102 102 102 125 125 125 127 127 127 102 102 102 127 127 127 98 98 98 104 104 104 102 102 102 103 103 103 104 104 104 105 105 105 106 106 106 108 108 108 104 104 104 106 106 106 104 104 104 108 108 108 102 102 102 100 100 100 101 101 101 102 102 102 102 102 102 98 98 98 100 100 100 100 100 100 98 98 98 99 99 99 123 123 123 124 124 124 122 122 122 34 34 34 33 33 33 35 35 35 38 38 38 37 37 37 39 39 39 36 36 36 35 35 35 37 37 37 42 42 42 41 41 41 43 43 43 46 46 46 45 45 45 47 47 47 44 44 44 43 43 43 45 45 45 40 40 40 39 39 39 41 41 41 50 50 50 49 49 49 51 51 51 54 54 54 53 53 53 55 55 55 52 52 52 51 51 51 53 53 53 58 58 58 57 57 57 59 59 59 62 62 62 61 61 61 63 63 63 60 60 60 59 59 59 61 61 61 56 56 56 55 55 55 57 57 57 48 48 48 47 47 47 49 49 49 64 64 64 63 63 63 65 65 65 68 68 68 67 67 67 69 69 69 72 72 72 71 71 71 73 73 73 70 70 70 69 69 69 71 71 71 76 76 76 75 75 75 77 77 77 80 80 80 79 79 79 81 81 81 78 78 78 77 77 77 79 79 79 74 74 74 73 73 73 75 75 75 84 84 84 83 83 83 85 85 85 88 88 88 87 87 87 89 89 89 86 86 86 85 85 85 87 87 87 92 92 92 91 91 91 93 93 93 96 96 96 95 95 95 97 97 97 94 94 94 93 93 93 95 95 95 90 90 90 89 89 89 91 91 91 82 82 82 81 81 81 83 83 83 66 66 66 65 65 65 67 67 67</p>
        </triangles>
      </mesh>
    </geometry>
    <geometry id="mesh-a85d7d18-eba2-4c63-a80b-cfb4142b12b4">
      <mesh>
        <source id="lib-position-a85d7d18-eba2-4c63-a80b-cfb4142b12b4" name="position_lib-posi">
          <float_array id="lib-position-array-a85d7d18-eba2-4c63-a80b-cfb4142b12b4" count="390" digits="17" magnitude="308">69.2097473144531 29.0368328094482 0.917990505695343 69.2017822265625 29.1455574035645 0.917990505695343 69.1727523803711 29.250638961792 0.917990505695343 69.123779296875 29.3480377197266 0.917990505695343 69.0567474365234 29.4340114593506 0.917990505695343 68.9742279052734 29.5052547454834 0.917990505695343 68.8794021606445 29.5590324401855 0.917990505695343 68.7759017944336 29.5932750701904 0.917990505695343 68.6677093505859 29.60666847229 0.917990505695343 68.5589828491211 29.5986976623535 0.917990505695343 68.4539031982422 29.5696697235107 0.917990505695343 68.3565063476563 29.5206985473633 0.917990505695343 68.2705307006836 29.4536666870117 0.917990505695343 68.1992874145508 29.3711490631104 0.917990505695343 68.1455078125 29.2763195037842 0.917990505695343 68.1112670898438 29.1728210449219 0.917990505695343 68.0978775024414 29.0646305084229 0.917990505695343 68.105842590332 28.955904006958 0.917990505695343 68.1348724365234 28.8508243560791 0.917990505695343 68.1838455200195 28.7534255981445 0.917990505695343 68.2508773803711 28.6674518585205 0.917990505695343 68.3333969116211 28.5962066650391 0.917990505695343 68.42822265625 28.5424308776855 0.917990505695343 68.5317230224609 28.508186340332 0.917990505695343 68.6399154663086 28.4947929382324 0.917990505695343 68.7486419677734 28.5027637481689 0.917990505695343 68.8537216186523 28.5317935943604 0.917990505695343 68.9511184692383 28.5807647705078 0.917990505695343 69.0370941162109 28.6477966308594 0.917990505695343 69.1083374023438 28.7303123474121 0.917990505695343 69.162109375 28.8251419067383 0.917990505695343 69.1963577270508 28.9286422729492 0.917990505695343 69.2097473144531 29.0368328094482 0.917990505695343 69.2097473144531 29.0368328094482 12.4700794219971 69.1963577270508 28.9286422729492 0.917990505695343 69.1963577270508 28.9286422729492 12.4700794219971 69.162109375 28.8251419067383 0.917990505695343 69.162109375 28.8251419067383 12.4700794219971 69.1083374023438 28.7303123474121 0.917990505695343 69.1083374023438 28.7303123474121 12.4700794219971 69.0370941162109 28.6477966308594 0.917990505695343 69.0370941162109 28.6477966308594 12.4700794219971 68.9511184692383 28.5807647705078 0.917990505695343 68.9511184692383 28.5807647705078 12.4700794219971 68.8537216186523 28.5317935943604 0.917990505695343 68.8537216186523 28.5317935943604 12.4700794219971 68.7486419677734 28.5027637481689 0.917990505695343 68.7486419677734 28.5027637481689 12.4700794219971 68.6399154663086 28.4947929382324 0.917990505695343 68.6399154663086 28.4947929382324 12.4700794219971 68.5317230224609 28.508186340332 0.917990505695343 68.5317230224609 28.508186340332 12.4700794219971 68.42822265625 28.5424308776855 0.917990505695343 68.42822265625 28.5424308776855 12.4700794219971 68.3333969116211 28.5962066650391 0.917990505695343 68.3333969116211 28.5962066650391 12.4700794219971 68.2508773803711 28.6674518585205 0.917990505695343 68.2508773803711 28.6674518585205 12.4700794219971 68.1838455200195 28.7534255981445 0.917990505695343 68.1838455200195 28.7534255981445 12.4700794219971 68.1348724365234 28.8508243560791 0.917990505695343 68.1348724365234 28.8508243560791 12.4700794219971 68.105842590332 28.955904006958 0.917990505695343 68.105842590332 28.955904006958 12.4700794219971 68.0978775024414 29.0646305084229 0.917990505695343 68.0978775024414 29.0646305084229 12.4700794219971 68.1112670898438 29.1728210449219 0.917990505695343 68.1112670898438 29.1728210449219 12.4700794219971 68.1455078125 29.2763195037842 0.917990505695343 68.1455078125 29.2763195037842 12.4700794219971 68.1992874145508 29.3711490631104 0.917990505695343 68.1992874145508 29.3711490631104 12.4700794219971 68.2705307006836 29.4536666870117 0.917990505695343 68.2705307006836 29.4536666870117 12.4700794219971 68.3565063476563 29.5206985473633 0.917990505695343 68.3565063476563 29.5206985473633 12.4700794219971 68.4539031982422 29.5696697235107 0.917990505695343 68.4539031982422 29.5696697235107 12.4700794219971 68.5589828491211 29.5986976623535 0.917990505695343 68.5589828491211 29.5986976623535 12.4700794219971 68.6677093505859 29.60666847229 0.917990505695343 68.6677093505859 29.60666847229 12.4700794219971 68.7759017944336 29.5932750701904 0.917990505695343 68.7759017944336 29.5932750701904 12.4700794219971 68.8794021606445 29.5590324401855 0.917990505695343 68.8794021606445 29.5590324401855 12.4700794219971 68.9742279052734 29.5052547454834 0.917990505695343 68.9742279052734 29.5052547454834 12.4700794219971 69.0567474365234 29.4340114593506 0.917990505695343 69.0567474365234 29.4340114593506 12.4700794219971 69.123779296875 29.3480377197266 0.917990505695343 69.123779296875 29.3480377197266 12.4700794219971 69.1727523803711 29.250638961792 0.917990505695343 69.1727523803711 29.250638961792 12.4700794219971 69.2017822265625 29.1455574035645 0.917990505695343 69.2017822265625 29.1455574035645 12.4700794219971 69.2097473144531 29.0368328094482 0.917990505695343 69.2097473144531 29.0368328094482 12.4700794219971 69.2097473144531 29.0368328094482 12.4700794219971 69.2017822265625 29.1455574035645 12.4700794219971 69.1727523803711 29.250638961792 12.4700794219971 69.123779296875 29.3480377197266 12.4700794219971 69.0567474365234 29.4340114593506 12.4700794219971 68.9742279052734 29.5052547454834 12.4700794219971 68.8794021606445 29.5590324401855 12.4700794219971 68.7759017944336 29.5932750701904 12.4700794219971 68.6677093505859 29.60666847229 12.4700794219971 68.5589828491211 29.5986976623535 12.4700794219971 68.4539031982422 29.5696697235107 12.4700794219971 68.3565063476563 29.5206985473633 12.4700794219971 68.2705307006836 29.4536666870117 12.4700794219971 68.1992874145508 29.3711490631104 12.4700794219971 68.1455078125 29.2763195037842 12.4700794219971 68.1112670898438 29.1728210449219 12.4700794219971 68.0978775024414 29.0646305084229 12.4700794219971 68.105842590332 28.955904006958 12.4700794219971 68.1348724365234 28.8508243560791 12.4700794219971 68.1838455200195 28.7534255981445 12.4700794219971 68.2508773803711 28.6674518585205 12.4700794219971 68.3333969116211 28.5962066650391 12.4700794219971 68.42822265625 28.5424308776855 12.4700794219971 68.5317230224609 28.508186340332 12.4700794219971 68.6399154663086 28.4947929382324 12.4700794219971 68.7486419677734 28.5027637481689 12.4700794219971 68.8537216186523 28.5317935943604 12.4700794219971 68.9511184692383 28.5807647705078 12.4700794219971 69.0370941162109 28.6477966308594 12.4700794219971 69.1083374023438 28.7303123474121 12.4700794219971 69.162109375 28.8251419067383 12.4700794219971 69.1963577270508 28.9286422729492 12.4700794219971</float_array>
          <technique_common>
            <accessor count="130" offset="0" source="#lib-position-array-a85d7d18-eba2-4c63-a80b-cfb4142b12b4" stride="3">
              <param name="X" type="float" />
              <param name="Y" type="float" />
              <param name="Z" type="float" />
            </accessor>
          </technique_common>
        </source>
        <source id="lib-normal-a85d7d18-eba2-4c63-a80b-cfb4142b12b4" name="normal_lib-norm">
          <float_array id="lib-normal-array-a85d7d18-eba2-4c63-a80b-cfb4142b12b4" count="390">0.000000 0.000000 -1.000000 0.000000 0.000000 -1.000000 0.000000 0.000000 -1.000000 0.000000 0.000000 -1.000000 0.000000 0.000000 -1.000000 0.000000 0.000000 -1.000000 0.000000 0.000000 -1.000000 0.000000 0.000000 -1.000000 0.000000 0.000000 -1.000000 0.000000 0.000000 -1.000000 0.000000 0.000000 -1.000000 0.000000 0.000000 -1.000000 0.000000 0.000000 -1.000000 0.000000 0.000000 -1.000000 0.000000 0.000000 -1.000000 0.000000 0.000000 -1.000000 0.000000 0.000000 -1.000000 0.000000 0.000000 -1.000000 0.000000 0.000000 -1.000000 0.000000 0.000000 -1.000000 0.000000 0.000000 -1.000000 0.000000 0.000000 -1.000000 0.000000 0.000000 -1.000000 0.000000 0.000000 -1.000000 0.000000 0.000000 -1.000000 0.000000 0.000000 -1.000000 0.000000 0.000000 -1.000000 0.000000 0.000000 -1.000000 0.000000 0.000000 -1.000000 0.000000 0.000000 -1.000000 0.000000 0.000000 -1.000000 0.000000 0.000000 -1.000000 0.999688 -0.024992 0.000000 0.999688 -0.024992 0.000000 0.975603 -0.219541 0.000000 0.975603 -0.219541 0.000000 0.914027 -0.405654 0.000000 0.914027 -0.405654 0.000000 0.817325 -0.576177 0.000000 0.817325 -0.576177 0.000000 0.689214 -0.724558 0.000000 0.689214 -0.724558 0.000000 0.534616 -0.845095 0.000000 0.534616 -0.845095 0.000000 0.359474 -0.933155 0.000000 0.359474 -0.933155 0.000000 0.170517 -0.985355 0.000000 0.170517 -0.985355 0.000000 -0.024992 -0.999688 0.000000 -0.024992 -0.999688 0.000000 -0.219541 -0.975603 0.000000 -0.219541 -0.975603 0.000000 -0.405654 -0.914027 0.000000 -0.405654 -0.914027 0.000000 -0.576177 -0.817325 0.000000 -0.576177 -0.817325 0.000000 -0.724558 -0.689214 0.000000 -0.724558 -0.689214 0.000000 -0.845095 -0.534616 0.000000 -0.845095 -0.534616 0.000000 -0.933155 -0.359474 0.000000 -0.933155 -0.359474 0.000000 -0.985355 -0.170517 0.000000 -0.985355 -0.170517 0.000000 -0.999688 0.024992 0.000000 -0.999688 0.024992 0.000000 -0.975603 0.219541 0.000000 -0.975603 0.219541 0.000000 -0.914027 0.405654 0.000000 -0.914027 0.405654 0.000000 -0.817325 0.576177 0.000000 -0.817325 0.576177 0.000000 -0.689214 0.724558 0.000000 -0.689214 0.724558 0.000000 -0.534616 0.845095 0.000000 -0.534616 0.845095 0.000000 -0.359474 0.933155 0.000000 -0.359474 0.933155 0.000000 -0.170517 0.985355 0.000000 -0.170517 0.985355 0.000000 0.024992 0.999688 0.000000 0.024992 0.999688 0.000000 0.219541 0.975603 0.000000 0.219541 0.975603 0.000000 0.405654 0.914027 0.000000 0.405654 0.914027 0.000000 0.576177 0.817325 0.000000 0.576177 0.817325 0.000000 0.724558 0.689214 0.000000 0.724558 0.689214 0.000000 0.845095 0.534616 0.000000 0.845095 0.534616 0.000000 0.933155 0.359474 0.000000 0.933155 0.359474 0.000000 0.985355 0.170517 0.000000 0.985355 0.170517 0.000000 0.999688 -0.024992 0.000000 0.999688 -0.024992 0.000000 0.000000 0.000000 1.000000 0.000000 0.000000 1.000000 0.000000 0.000000 1.000000 0.000000 0.000000 1.000000 0.000000 0.000000 1.000000 0.000000 0.000000 1.000000 0.000000 0.000000 1.000000 0.000000 0.000000 1.000000 0.000000 0.000000 1.000000 0.000000 0.000000 1.000000 0.000000 0.000000 1.000000 0.000000 0.000000 1.000000 0.000000 0.000000 1.000000 0.000000 0.000000 1.000000 0.000000 0.000000 1.000000 0.000000 0.000000 1.000000 0.000000 0.000000 1.000000 0.000000 0.000000 1.000000 0.000000 0.000000 1.000000 0.000000 0.000000 1.000000 0.000000 0.000000 1.000000 0.000000 0.000000 1.000000 0.000000 0.000000 1.000000 0.000000 0.000000 1.000000 0.000000 0.000000 1.000000 0.000000 0.000000 1.000000 0.000000 0.000000 1.000000 0.000000 0.000000 1.000000 0.000000 0.000000 1.000000 0.000000 0.000000 1.000000 0.000000 0.000000 1.000000 0.000000 0.000000 1.000000</float_array>
          <technique_common>
            <accessor count="130" offset="0" source="#lib-normal-array-a85d7d18-eba2-4c63-a80b-cfb4142b12b4" stride="3">
              <param name="X" type="float" />
              <param name="Y" type="float" />
              <param name="Z" type="float" />
            </accessor>
          </technique_common>
        </source>
        <source id="lib-map1-a85d7d18-eba2-4c63-a80b-cfb4142b12b4" name="map1_lib-map1">
          <float_array id="lib-map1-array-a85d7d18-eba2-4c63-a80b-cfb4142b12b4" count="260">0.043511 0.586364 0.035209 0.585745 0.027185 0.583490 0.019748 0.579686 0.013184 0.574480 0.007744 0.568070 0.003637 0.560704 0.001023 0.552665 0.000000 0.544262 0.000609 0.535816 0.002825 0.527654 0.006564 0.520089 0.011683 0.513411 0.017983 0.507877 0.025224 0.503700 0.033127 0.501040 0.041388 0.500000 0.049690 0.500619 0.057714 0.502874 0.065151 0.506678 0.071716 0.511884 0.077155 0.518294 0.081262 0.525660 0.083876 0.533699 0.084899 0.542102 0.084290 0.550548 0.082074 0.558710 0.078335 0.566275 0.073216 0.572953 0.066916 0.578487 0.059675 0.582664 0.051772 0.585324 0.086364 0.000000 0.086364 0.998535 0.094786 0.000000 0.094786 0.998535 0.103208 0.000000 0.103208 0.998535 0.111630 0.000000 0.111630 0.998535 0.120052 0.000000 0.120052 0.998535 0.128474 0.000000 0.128474 0.998535 0.136896 0.000000 0.136896 0.998535 0.145317 0.000000 0.145317 0.998535 0.153739 0.000000 0.153739 0.998535 0.162161 0.000000 0.162161 0.998535 0.170583 0.000000 0.170583 0.998535 0.179005 0.000000 0.179005 0.998535 0.187427 0.000000 0.187427 0.998535 0.195849 0.000000 0.195849 0.998535 0.204271 0.000000 0.204271 0.998535 0.212693 0.000000 0.212693 0.998535 0.221115 0.000000 0.221115 0.998535 0.229537 0.000000 0.229537 0.998535 0.237959 0.000000 0.237959 0.998535 0.246381 0.000000 0.246381 0.998535 0.254803 0.000000 0.254803 0.998535 0.263225 0.000000 0.263225 0.998535 0.271646 0.000000 0.271646 0.998535 0.280068 0.000000 0.280068 0.998535 0.288490 0.000000 0.288490 0.998535 0.296912 0.000000 0.296912 0.998535 0.305334 0.000000 0.305334 0.998535 0.313756 0.000000 0.313756 0.998535 0.322178 0.000000 0.322178 0.998535 0.330600 0.000000 0.330600 0.998535 0.339022 0.000000 0.339022 0.998535 0.347444 0.000000 0.347444 0.998535 0.355866 0.000000 0.355866 0.998535 0.043511 0.086364 0.035209 0.085745 0.027185 0.083490 0.019748 0.079686 0.013184 0.074480 0.007744 0.068070 0.003637 0.060704 0.001023 0.052665 0.000000 0.044262 0.000609 0.035816 0.002825 0.027654 0.006564 0.020089 0.011683 0.013411 0.017983 0.007877 0.025224 0.003700 0.033127 0.001040 0.041388 0.000000 0.049690 0.000619 0.057714 0.002874 0.065151 0.006678 0.071716 0.011884 0.077155 0.018294 0.081262 0.025660 0.083876 0.033699 0.084899 0.042102 0.084290 0.050548 0.082074 0.058710 0.078335 0.066275 0.073216 0.072953 0.066916 0.078487 0.059675 0.082664 0.051772 0.085324</float_array>
          <technique_common>
            <accessor count="130" offset="0" source="#lib-map1-array-a85d7d18-eba2-4c63-a80b-cfb4142b12b4" stride="2">
              <param name="S" type="float" />
              <param name="T" type="float" />
            </accessor>
          </technique_common>
        </source>
        <vertices id="lib-vertices-a85d7d18-eba2-4c63-a80b-cfb4142b12b4">
          <input semantic="POSITION" source="#lib-position-a85d7d18-eba2-4c63-a80b-cfb4142b12b4" />
        </vertices>
        <triangles count="124" material="material-a76b8083-2ec1-42ae-bd8d-9238265bce44">
          <input offset="0" semantic="VERTEX" source="#lib-vertices-a85d7d18-eba2-4c63-a80b-cfb4142b12b4" />
          <input offset="1" semantic="NORMAL" source="#lib-normal-a85d7d18-eba2-4c63-a80b-cfb4142b12b4" />
          <input offset="2" semantic="TEXCOORD" source="#lib-map1-a85d7d18-eba2-4c63-a80b-cfb4142b12b4" />
          <p>18 18 18 20 20 20 19 19 19 17 17 17 16 16 16 18 18 18 20 20 20 18 18 18 16 16 16 22 22 22 24 24 24 23 23 23 26 26 26 22 22 22 20 20 20 22 22 22 21 21 21 20 20 20 10 10 10 4 4 4 20 20 20 14 14 14 16 16 16 15 15 15 16 16 16 14 14 14 13 13 13 16 16 16 13 13 13 20 20 20 11 11 11 13 13 13 12 12 12 13 13 13 11 11 11 20 20 20 20 20 20 11 11 11 10 10 10 9 9 9 8 8 8 10 10 10 22 22 22 26 26 26 24 24 24 4 4 4 26 26 26 20 20 20 27 27 27 26 26 26 4 4 4 27 27 27 29 29 29 28 28 28 0 0 0 30 30 30 29 29 29 30 30 30 0 0 0 31 31 31 4 4 4 29 29 29 27 27 27 4 4 4 0 0 0 29 29 29 6 6 6 5 5 5 4 4 4 6 6 6 8 8 8 7 7 7 10 10 10 8 8 8 6 6 6 6 6 6 4 4 4 10 10 10 2 2 2 4 4 4 3 3 3 4 4 4 2 2 2 0 0 0 2 2 2 1 1 1 0 0 0 25 25 25 24 24 24 26 26 26 34 34 34 32 32 32 33 33 33 38 38 38 36 36 36 37 37 37 36 36 36 34 34 34 35 35 35 42 42 42 40 40 40 41 41 41 46 46 46 44 44 44 45 45 45 44 44 44 42 42 42 43 43 43 40 40 40 38 38 38 39 39 39 50 50 50 48 48 48 49 49 49 54 54 54 52 52 52 53 53 53 52 52 52 50 50 50 51 51 51 58 58 58 56 56 56 57 57 57 62 62 62 60 60 60 61 61 61 60 60 60 58 58 58 59 59 59 56 56 56 54 54 54 55 55 55 48 48 48 46 46 46 47 47 47 64 64 64 62 62 62 63 63 63 68 68 68 66 66 66 67 67 67 72 72 72 70 70 70 71 71 71 70 70 70 68 68 68 69 69 69 76 76 76 74 74 74 75 75 75 80 80 80 78 78 78 79 79 79 78 78 78 76 76 76 77 77 77 74 74 74 72 72 72 73 73 73 84 84 84 82 82 82 83 83 83 88 88 88 86 86 86 87 87 87 86 86 86 84 84 84 85 85 85 92 92 92 90 90 90 91 91 91 96 96 96 94 94 94 95 95 95 94 94 94 92 92 92 93 93 93 90 90 90 88 88 88 89 89 89 82 82 82 80 80 80 81 81 81 66 66 66 64 64 64 65 65 65 116 116 116 117 117 117 118 118 118 115 115 115 116 116 116 114 114 114 118 118 118 114 114 114 116 116 116 120 120 120 121 121 121 122 122 122 124 124 124 118 118 118 120 120 120 120 120 120 118 118 118 119 119 119 108 108 108 118 118 118 102 102 102 112 112 112 113 113 113 114 114 114 114 114 114 111 111 111 112 112 112 114 114 114 118 118 118 111 111 111 109 109 109 110 110 110 111 111 111 111 111 111 118 118 118 109 109 109 118 118 118 108 108 108 109 109 109 107 107 107 108 108 108 106 106 106 120 120 120 122 122 122 124 124 124 102 102 102 118 118 118 124 124 124 125 125 125 102 102 102 124 124 124 125 125 125 126 126 126 127 127 127 98 98 98 127 127 127 128 128 128 128 128 128 129 129 129 98 98 98 102 102 102 125 125 125 127 127 127 102 102 102 127 127 127 98 98 98 104 104 104 102 102 102 103 103 103 104 104 104 105 105 105 106 106 106 108 108 108 104 104 104 106 106 106 104 104 104 108 108 108 102 102 102 100 100 100 101 101 101 102 102 102 102 102 102 98 98 98 100 100 100 100 100 100 98 98 98 99 99 99 123 123 123 124 124 124 122 122 122 34 34 34 33 33 33 35 35 35 38 38 38 37 37 37 39 39 39 36 36 36 35 35 35 37 37 37 42 42 42 41 41 41 43 43 43 46 46 46 45 45 45 47 47 47 44 44 44 43 43 43 45 45 45 40 40 40 39 39 39 41 41 41 50 50 50 49 49 49 51 51 51 54 54 54 53 53 53 55 55 55 52 52 52 51 51 51 53 53 53 58 58 58 57 57 57 59 59 59 62 62 62 61 61 61 63 63 63 60 60 60 59 59 59 61 61 61 56 56 56 55 55 55 57 57 57 48 48 48 47 47 47 49 49 49 64 64 64 63 63 63 65 65 65 68 68 68 67 67 67 69 69 69 72 72 72 71 71 71 73 73 73 70 70 70 69 69 69 71 71 71 76 76 76 75 75 75 77 77 77 80 80 80 79 79 79 81 81 81 78 78 78 77 77 77 79 79 79 74 74 74 73 73 73 75 75 75 84 84 84 83 83 83 85 85 85 88 88 88 87 87 87 89 89 89 86 86 86 85 85 85 87 87 87 92 92 92 91 91 91 93 93 93 96 96 96 95 95 95 97 97 97 94 94 94 93 93 93 95 95 95 90 90 90 89 89 89 91 91 91 82 82 82 81 81 81 83 83 83 66 66 66 65 65 65 67 67 67</p>
        </triangles>
      </mesh>
    </geometry>
    <geometry id="mesh-a9c895cf-3a81-4ab0-bb8a-7d8e0965ca97">
      <mesh>
        <source id="lib-position-a9c895cf-3a81-4ab0-bb8a-7d8e0965ca97" name="position_lib-posi">
          <float_array id="lib-position-array-a9c895cf-3a81-4ab0-bb8a-7d8e0965ca97" count="390" digits="17" magnitude="308">51.5165328979492 10.9800987243652 0.917141914367676 51.5085639953613 11.0888242721558 0.91717129945755 51.4795379638672 11.193904876709 0.917226612567902 51.4305648803711 11.2913036346436 0.917305827140808 51.3635330200195 11.3772773742676 0.917405664920807 51.2810173034668 11.4485206604004 0.917522490024567 51.1861877441406 11.5022974014282 0.91765171289444 51.082691192627 11.5365409851074 0.917788445949554 50.9745025634766 11.549934387207 0.917927324771881 50.8657760620117 11.5419635772705 0.918063044548035 50.7607002258301 11.5129346847534 0.918190538883209 50.6632995605469 11.463963508606 0.918304681777954 50.5773277282715 11.3969306945801 0.918401181697845 50.5060844421387 11.314414024353 0.918476402759552 50.4523048400879 11.2195844650269 0.918527364730835 50.4180641174316 11.1160850524902 0.918552100658417 50.404670715332 11.0078945159912 0.918549776077271 50.4126396179199 10.8991689682007 0.918520390987396 50.4416694641113 10.7940883636475 0.9184650182724 50.4906387329102 10.6966896057129 0.918385922908783 50.5576705932617 10.6107168197632 0.918286025524139 50.6401901245117 10.5394725799561 0.91816920042038 50.7350158691406 10.4856958389282 0.918039977550507 50.8385124206543 10.451452255249 0.917903304100037 50.946704864502 10.4380588531494 0.917764365673065 51.0554275512695 10.4460296630859 0.917628586292267 51.1605072021484 10.4750595092773 0.917501211166382 51.2579078674316 10.5240306854248 0.917387068271637 51.343879699707 10.5910625457764 0.917290449142456 51.4151191711426 10.6735792160034 0.917215287685394 51.4688949584961 10.7684087753296 0.917164325714111 51.5031394958496 10.8719081878662 0.917139530181885 51.5165328979492 10.9800987243652 0.917141914367676 51.4993286132813 10.9825267791748 10.9471635818481 51.5031394958496 10.8719081878662 0.917139530181885 51.4859352111816 10.8743362426758 10.9471607208252 51.4688949584961 10.7684087753296 0.917164325714111 51.4516906738281 10.7708368301392 10.9471855163574 51.4151191711426 10.6735792160034 0.917215287685394 51.3979148864746 10.676007270813 10.9472360610962 51.343879699707 10.5910625457764 0.917290449142456 51.3266716003418 10.5934906005859 10.9473123550415 51.2579078674316 10.5240306854248 0.917387068271637 51.2406997680664 10.5264587402344 10.9474086761475 51.1605072021484 10.4750595092773 0.917501211166382 51.1433029174805 10.4774866104126 10.9475221633911 51.0554275512695 10.4460296630859 0.917628586292267 51.0382232666016 10.4484577178955 10.9476499557495 50.946704864502 10.4380588531494 0.917764365673065 50.9294967651367 10.440486907959 10.9477853775024 50.8385124206543 10.451452255249 0.917903304100037 50.8213081359863 10.4538803100586 10.9479246139526 50.7350158691406 10.4856958389282 0.918039977550507 50.7178115844727 10.4881238937378 10.9480609893799 50.6401901245117 10.5394725799561 0.91816920042038 50.6229820251465 10.5419006347656 10.9481906890869 50.5576705932617 10.6107168197632 0.918286025524139 50.5404624938965 10.6131439208984 10.9483070373535 50.4906387329102 10.6966896057129 0.918385922908783 50.4734344482422 10.6991176605225 10.9484071731567 50.4416694641113 10.7940883636475 0.9184650182724 50.4244651794434 10.796516418457 10.948486328125 50.4126396179199 10.8991689682007 0.918520390987396 50.395435333252 10.9015970230103 10.9485416412354 50.404670715332 11.0078945159912 0.918549776077271 50.3874664306641 11.0103225708008 10.9485712051392 50.4180641174316 11.1160850524902 0.918552100658417 50.4008598327637 11.1185131072998 10.9485731124878 50.4523048400879 11.2195844650269 0.918527364730835 50.4351005554199 11.2220125198364 10.9485492706299 50.5060844421387 11.314414024353 0.918476402759552 50.4888801574707 11.3168420791626 10.9484977722168 50.5773277282715 11.3969306945801 0.918401181697845 50.5601234436035 11.3993587493896 10.9484224319458 50.6632995605469 11.463963508606 0.918304681777954 50.6460914611816 11.4663906097412 10.9483261108398 50.7607002258301 11.5129346847534 0.918190538883209 50.7434921264648 11.515362739563 10.9482116699219 50.8657760620117 11.5419635772705 0.918063044548035 50.8485717773438 11.5443916320801 10.9480848312378 50.9745025634766 11.549934387207 0.917927324771881 50.9572982788086 11.5523624420166 10.9479484558105 51.082691192627 11.5365409851074 0.917788445949554 51.0654830932617 11.538969039917 10.9478101730347 51.1861877441406 11.5022974014282 0.91765171289444 51.1689834594727 11.5047254562378 10.9476728439331 51.2810173034668 11.4485206604004 0.917522490024567 51.2638130187988 11.45094871521 10.9475440979004 51.3635330200195 11.3772773742676 0.917405664920807 51.3463249206543 11.3797054290771 10.9474267959595 51.4305648803711 11.2913036346436 0.917305827140808 51.4133567810059 11.2937316894531 10.9473266601563 51.4795379638672 11.193904876709 0.917226612567902 51.462329864502 11.1963329315186 10.947247505188 51.5085639953613 11.0888242721558 0.91717129945755 51.4913597106934 11.0912523269653 10.9471921920776 51.5165328979492 10.9800987243652 0.917141914367676 51.4993286132813 10.9825267791748 10.9471635818481 51.4993286132813 10.9825267791748 10.9471635818481 51.4913597106934 11.0912523269653 10.9471921920776 51.462329864502 11.1963329315186 10.947247505188 51.4133567810059 11.2937316894531 10.9473266601563 51.3463249206543 11.3797054290771 10.9474267959595 51.2638130187988 11.45094871521 10.9475440979004 51.1689834594727 11.5047254562378 10.9476728439331 51.0654830932617 11.538969039917 10.9478101730347 50.9572982788086 11.5523624420166 10.9479484558105 50.8485717773438 11.5443916320801 10.9480848312378 50.7434921264648 11.515362739563 10.9482116699219 50.6460914611816 11.4663906097412 10.9483261108398 50.5601234436035 11.3993587493896 10.9484224319458 50.4888801574707 11.3168420791626 10.9484977722168 50.4351005554199 11.2220125198364 10.9485492706299 50.4008598327637 11.1185131072998 10.9485731124878 50.3874664306641 11.0103225708008 10.9485712051392 50.395435333252 10.9015970230103 10.9485416412354 50.4244651794434 10.796516418457 10.948486328125 50.4734344482422 10.6991176605225 10.9484071731567 50.5404624938965 10.6131439208984 10.9483070373535 50.6229820251465 10.5419006347656 10.9481906890869 50.7178115844727 10.4881238937378 10.9480609893799 50.8213081359863 10.4538803100586 10.9479246139526 50.9294967651367 10.440486907959 10.9477853775024 51.0382232666016 10.4484577178955 10.9476499557495 51.1433029174805 10.4774866104126 10.9475221633911 51.2406997680664 10.5264587402344 10.9474086761475 51.3266716003418 10.5934906005859 10.9473123550415 51.3979148864746 10.676007270813 10.9472360610962 51.4516906738281 10.7708368301392 10.9471855163574 51.4859352111816 10.8743362426758 10.9471607208252</float_array>
          <technique_common>
            <accessor count="130" offset="0" source="#lib-position-array-a9c895cf-3a81-4ab0-bb8a-7d8e0965ca97" stride="3">
              <param name="X" type="float" />
              <param name="Y" type="float" />
              <param name="Z" type="float" />
            </accessor>
          </technique_common>
        </source>
        <source id="lib-normal-a9c895cf-3a81-4ab0-bb8a-7d8e0965ca97" name="normal_lib-norm">
          <float_array id="lib-normal-array-a9c895cf-3a81-4ab0-bb8a-7d8e0965ca97" count="390">-0.001262 0.000178 -0.999999 -0.001262 0.000178 -0.999999 -0.001262 0.000178 -0.999999 -0.001262 0.000178 -0.999999 -0.001262 0.000178 -0.999999 -0.001262 0.000178 -0.999999 -0.001262 0.000178 -0.999999 -0.001262 0.000178 -0.999999 -0.001262 0.000178 -0.999999 -0.001262 0.000178 -0.999999 -0.001262 0.000178 -0.999999 -0.001262 0.000178 -0.999999 -0.001262 0.000178 -0.999999 -0.001262 0.000178 -0.999999 -0.001262 0.000178 -0.999999 -0.001262 0.000178 -0.999999 -0.001262 0.000178 -0.999999 -0.001262 0.000178 -0.999999 -0.001262 0.000178 -0.999999 -0.001262 0.000178 -0.999999 -0.001262 0.000178 -0.999999 -0.001262 0.000178 -0.999999 -0.001262 0.000178 -0.999999 -0.001262 0.000178 -0.999999 -0.001262 0.000178 -0.999999 -0.001262 0.000178 -0.999999 -0.001262 0.000178 -0.999999 -0.001262 0.000178 -0.999999 -0.001262 0.000178 -0.999999 -0.001262 0.000178 -0.999999 -0.001262 0.000178 -0.999999 -0.001262 0.000178 -0.999999 0.999686 -0.024994 0.001721 0.999686 -0.024994 0.001721 0.975602 -0.219540 0.001727 0.975602 -0.219540 0.001727 0.914027 -0.405650 0.001666 0.914027 -0.405650 0.001666 0.817327 -0.576172 0.001542 0.817327 -0.576172 0.001542 0.689218 -0.724553 0.001358 0.689218 -0.724553 0.001358 0.534622 -0.845091 0.001122 0.534622 -0.845091 0.001122 0.359479 -0.933153 0.000843 0.359479 -0.933153 0.000843 0.170521 -0.985354 0.000531 0.170521 -0.985354 0.000531 -0.024991 -0.999688 0.000199 -0.024991 -0.999688 0.000199 -0.219542 -0.975603 -0.000140 -0.219542 -0.975603 -0.000140 -0.405657 -0.914025 -0.000475 -0.405657 -0.914025 -0.000475 -0.576181 -0.817322 -0.000791 -0.576181 -0.817322 -0.000791 -0.724562 -0.689209 -0.001076 -0.724562 -0.689209 -0.001076 -0.845098 -0.534611 -0.001320 -0.845098 -0.534611 -0.001320 -0.933156 -0.359468 -0.001514 -0.933156 -0.359468 -0.001514 -0.985354 -0.170513 -0.001649 -0.985354 -0.170513 -0.001649 -0.999686 0.024994 -0.001721 -0.999686 0.024994 -0.001721 -0.975602 0.219540 -0.001727 -0.975602 0.219540 -0.001727 -0.914027 0.405650 -0.001666 -0.914027 0.405650 -0.001666 -0.817327 0.576172 -0.001542 -0.817327 0.576172 -0.001542 -0.689218 0.724553 -0.001358 -0.689218 0.724553 -0.001358 -0.534622 0.845091 -0.001122 -0.534622 0.845091 -0.001122 -0.359479 0.933153 -0.000843 -0.359479 0.933153 -0.000843 -0.170521 0.985354 -0.000531 -0.170521 0.985354 -0.000531 0.024991 0.999688 -0.000199 0.024991 0.999688 -0.000199 0.219542 0.975603 0.000140 0.219542 0.975603 0.000140 0.405657 0.914025 0.000475 0.405657 0.914025 0.000475 0.576181 0.817322 0.000791 0.576181 0.817322 0.000791 0.724562 0.689209 0.001076 0.724562 0.689209 0.001076 0.845098 0.534611 0.001320 0.845098 0.534611 0.001320 0.933156 0.359468 0.001514 0.933156 0.359468 0.001514 0.985354 0.170513 0.001649 0.985354 0.170513 0.001649 0.999686 -0.024994 0.001721 0.999686 -0.024994 0.001721 0.001262 -0.000178 0.999999 0.001262 -0.000178 0.999999 0.001262 -0.000178 0.999999 0.001262 -0.000178 0.999999 0.001262 -0.000178 0.999999 0.001262 -0.000178 0.999999 0.001262 -0.000178 0.999999 0.001262 -0.000178 0.999999 0.001262 -0.000178 0.999999 0.001262 -0.000178 0.999999 0.001262 -0.000178 0.999999 0.001262 -0.000178 0.999999 0.001262 -0.000178 0.999999 0.001262 -0.000178 0.999999 0.001262 -0.000178 0.999999 0.001262 -0.000178 0.999999 0.001262 -0.000178 0.999999 0.001262 -0.000178 0.999999 0.001262 -0.000178 0.999999 0.001262 -0.000178 0.999999 0.001262 -0.000178 0.999999 0.001262 -0.000178 0.999999 0.001262 -0.000178 0.999999 0.001262 -0.000178 0.999999 0.001262 -0.000178 0.999999 0.001262 -0.000178 0.999999 0.001262 -0.000178 0.999999 0.001262 -0.000178 0.999999 0.001262 -0.000178 0.999999 0.001262 -0.000178 0.999999 0.001262 -0.000178 0.999999 0.001262 -0.000178 0.999999</float_array>
          <technique_common>
            <accessor count="130" offset="0" source="#lib-normal-array-a9c895cf-3a81-4ab0-bb8a-7d8e0965ca97" stride="3">
              <param name="X" type="float" />
              <param name="Y" type="float" />
              <param name="Z" type="float" />
            </accessor>
          </technique_common>
        </source>
        <source id="lib-map1-a9c895cf-3a81-4ab0-bb8a-7d8e0965ca97" name="map1_lib-map1">
          <float_array id="lib-map1-array-a9c895cf-3a81-4ab0-bb8a-7d8e0965ca97" count="260">0.043511 0.586364 0.035209 0.585745 0.027185 0.583490 0.019748 0.579686 0.013184 0.574480 0.007744 0.568070 0.003637 0.560704 0.001023 0.552665 0.000000 0.544262 0.000609 0.535816 0.002825 0.527654 0.006564 0.520089 0.011683 0.513411 0.017983 0.507877 0.025224 0.503700 0.033127 0.501040 0.041388 0.500000 0.049690 0.500619 0.057714 0.502874 0.065151 0.506678 0.071716 0.511884 0.077155 0.518294 0.081262 0.525660 0.083876 0.533699 0.084899 0.542102 0.084290 0.550548 0.082074 0.558710 0.078335 0.566275 0.073216 0.572953 0.066916 0.578487 0.059675 0.582664 0.051772 0.585324 0.086364 0.000000 0.086364 0.998535 0.094786 0.000000 0.094786 0.998535 0.103208 0.000000 0.103208 0.998535 0.111630 0.000000 0.111630 0.998535 0.120052 0.000000 0.120052 0.998535 0.128474 0.000000 0.128474 0.998535 0.136896 0.000000 0.136896 0.998535 0.145317 0.000000 0.145317 0.998535 0.153739 0.000000 0.153739 0.998535 0.162161 0.000000 0.162161 0.998535 0.170583 0.000000 0.170583 0.998535 0.179005 0.000000 0.179005 0.998535 0.187427 0.000000 0.187427 0.998535 0.195849 0.000000 0.195849 0.998535 0.204271 0.000000 0.204271 0.998535 0.212693 0.000000 0.212693 0.998535 0.221115 0.000000 0.221115 0.998535 0.229537 0.000000 0.229537 0.998535 0.237959 0.000000 0.237959 0.998535 0.246381 0.000000 0.246381 0.998535 0.254803 0.000000 0.254803 0.998535 0.263225 0.000000 0.263225 0.998535 0.271646 0.000000 0.271646 0.998535 0.280068 0.000000 0.280068 0.998535 0.288490 0.000000 0.288490 0.998535 0.296912 0.000000 0.296912 0.998535 0.305334 0.000000 0.305334 0.998535 0.313756 0.000000 0.313756 0.998535 0.322178 0.000000 0.322178 0.998535 0.330600 0.000000 0.330600 0.998535 0.339022 0.000000 0.339022 0.998535 0.347444 0.000000 0.347444 0.998535 0.355866 0.000000 0.355866 0.998535 0.043511 0.086364 0.035209 0.085745 0.027185 0.083490 0.019748 0.079686 0.013184 0.074480 0.007744 0.068070 0.003637 0.060704 0.001023 0.052665 0.000000 0.044262 0.000609 0.035816 0.002825 0.027654 0.006564 0.020089 0.011683 0.013411 0.017983 0.007877 0.025224 0.003700 0.033127 0.001040 0.041388 0.000000 0.049690 0.000619 0.057714 0.002874 0.065151 0.006678 0.071716 0.011884 0.077155 0.018294 0.081262 0.025660 0.083876 0.033699 0.084899 0.042102 0.084290 0.050548 0.082074 0.058710 0.078335 0.066275 0.073216 0.072953 0.066916 0.078487 0.059675 0.082664 0.051772 0.085324</float_array>
          <technique_common>
            <accessor count="130" offset="0" source="#lib-map1-array-a9c895cf-3a81-4ab0-bb8a-7d8e0965ca97" stride="2">
              <param name="S" type="float" />
              <param name="T" type="float" />
            </accessor>
          </technique_common>
        </source>
        <vertices id="lib-vertices-a9c895cf-3a81-4ab0-bb8a-7d8e0965ca97">
          <input semantic="POSITION" source="#lib-position-a9c895cf-3a81-4ab0-bb8a-7d8e0965ca97" />
        </vertices>
        <triangles count="124" material="material-a2004ed0-3ed1-4230-964a-a0fb2ed4ec31">
          <input offset="0" semantic="VERTEX" source="#lib-vertices-a9c895cf-3a81-4ab0-bb8a-7d8e0965ca97" />
          <input offset="1" semantic="NORMAL" source="#lib-normal-a9c895cf-3a81-4ab0-bb8a-7d8e0965ca97" />
          <input offset="2" semantic="TEXCOORD" source="#lib-map1-a9c895cf-3a81-4ab0-bb8a-7d8e0965ca97" />
          <p>18 18 18 20 20 20 19 19 19 17 17 17 16 16 16 18 18 18 20 20 20 18 18 18 16 16 16 22 22 22 24 24 24 23 23 23 26 26 26 22 22 22 20 20 20 22 22 22 21 21 21 20 20 20 10 10 10 4 4 4 20 20 20 14 14 14 16 16 16 15 15 15 16 16 16 14 14 14 13 13 13 16 16 16 13 13 13 20 20 20 11 11 11 13 13 13 12 12 12 13 13 13 11 11 11 20 20 20 20 20 20 11 11 11 10 10 10 9 9 9 8 8 8 10 10 10 22 22 22 26 26 26 24 24 24 4 4 4 26 26 26 20 20 20 27 27 27 26 26 26 4 4 4 27 27 27 29 29 29 28 28 28 0 0 0 30 30 30 29 29 29 30 30 30 0 0 0 31 31 31 4 4 4 29 29 29 27 27 27 4 4 4 0 0 0 29 29 29 6 6 6 5 5 5 4 4 4 6 6 6 8 8 8 7 7 7 10 10 10 8 8 8 6 6 6 6 6 6 4 4 4 10 10 10 2 2 2 4 4 4 3 3 3 4 4 4 2 2 2 0 0 0 2 2 2 1 1 1 0 0 0 25 25 25 24 24 24 26 26 26 34 34 34 32 32 32 35 35 35 38 38 38 36 36 36 37 37 37 36 36 36 34 34 34 35 35 35 42 42 42 40 40 40 41 41 41 46 46 46 44 44 44 45 45 45 44 44 44 42 42 42 43 43 43 40 40 40 38 38 38 39 39 39 50 50 50 48 48 48 49 49 49 54 54 54 52 52 52 53 53 53 52 52 52 50 50 50 51 51 51 58 58 58 56 56 56 57 57 57 62 62 62 60 60 60 61 61 61 60 60 60 58 58 58 59 59 59 56 56 56 54 54 54 55 55 55 48 48 48 46 46 46 47 47 47 64 64 64 62 62 62 63 63 63 68 68 68 66 66 66 69 69 69 72 72 72 70 70 70 73 73 73 70 70 70 68 68 68 71 71 71 76 76 76 74 74 74 77 77 77 80 80 80 78 78 78 81 81 81 78 78 78 76 76 76 79 79 79 74 74 74 72 72 72 75 75 75 84 84 84 82 82 82 85 85 85 88 88 88 86 86 86 89 89 89 86 86 86 84 84 84 87 87 87 92 92 92 90 90 90 93 93 93 96 96 96 94 94 94 97 97 97 94 94 94 92 92 92 95 95 95 90 90 90 88 88 88 91 91 91 82 82 82 80 80 80 83 83 83 66 66 66 64 64 64 65 65 65 116 116 116 117 117 117 118 118 118 115 115 115 116 116 116 114 114 114 118 118 118 114 114 114 116 116 116 120 120 120 121 121 121 122 122 122 124 124 124 118 118 118 120 120 120 120 120 120 118 118 118 119 119 119 108 108 108 118 118 118 102 102 102 112 112 112 113 113 113 114 114 114 114 114 114 111 111 111 112 112 112 114 114 114 118 118 118 111 111 111 109 109 109 110 110 110 111 111 111 111 111 111 118 118 118 109 109 109 118 118 118 108 108 108 109 109 109 107 107 107 108 108 108 106 106 106 120 120 120 122 122 122 124 124 124 102 102 102 118 118 118 124 124 124 125 125 125 102 102 102 124 124 124 125 125 125 126 126 126 127 127 127 98 98 98 127 127 127 128 128 128 128 128 128 129 129 129 98 98 98 102 102 102 125 125 125 127 127 127 102 102 102 127 127 127 98 98 98 104 104 104 102 102 102 103 103 103 104 104 104 105 105 105 106 106 106 108 108 108 104 104 104 106 106 106 104 104 104 108 108 108 102 102 102 100 100 100 101 101 101 102 102 102 102 102 102 98 98 98 100 100 100 100 100 100 98 98 98 99 99 99 123 123 123 124 124 124 122 122 122 32 32 32 33 33 33 35 35 35 38 38 38 37 37 37 39 39 39 36 36 36 35 35 35 37 37 37 42 42 42 41 41 41 43 43 43 46 46 46 45 45 45 47 47 47 44 44 44 43 43 43 45 45 45 40 40 40 39 39 39 41 41 41 50 50 50 49 49 49 51 51 51 54 54 54 53 53 53 55 55 55 52 52 52 51 51 51 53 53 53 58 58 58 57 57 57 59 59 59 62 62 62 61 61 61 63 63 63 60 60 60 59 59 59 61 61 61 56 56 56 55 55 55 57 57 57 48 48 48 47 47 47 49 49 49 64 64 64 63 63 63 65 65 65 66 66 66 67 67 67 69 69 69 70 70 70 71 71 71 73 73 73 68 68 68 69 69 69 71 71 71 74 74 74 75 75 75 77 77 77 78 78 78 79 79 79 81 81 81 76 76 76 77 77 77 79 79 79 72 72 72 73 73 73 75 75 75 82 82 82 83 83 83 85 85 85 86 86 86 87 87 87 89 89 89 84 84 84 85 85 85 87 87 87 90 90 90 91 91 91 93 93 93 94 94 94 95 95 95 97 97 97 92 92 92 93 93 93 95 95 95 88 88 88 89 89 89 91 91 91 80 80 80 81 81 81 83 83 83 66 66 66 65 65 65 67 67 67</p>
        </triangles>
      </mesh>
    </geometry>
    <geometry id="mesh-ea94e4b8-4c03-4302-9c60-d905a60a4d8a">
      <mesh>
        <source id="lib-position-ea94e4b8-4c03-4302-9c60-d905a60a4d8a" name="position_lib-posi">
          <float_array id="lib-position-array-ea94e4b8-4c03-4302-9c60-d905a60a4d8a" count="516" digits="17" magnitude="308">51.216136932373 11.4810609817505 9.11551570892334 51.3786506652832 12.5621747970581 9.29468536376953 51.520565032959 13.6396636962891 9.47325420379639 51.6418724060059 14.7140684127808 9.65131282806396 51.7425765991211 15.7859268188477 9.82894802093506 51.8226661682129 16.8557777404785 10.0062522888184 51.882137298584 17.9241638183594 10.1833124160767 51.9209899902344 18.9916191101074 10.3602180480957 51.9392127990723 20.0586853027344 10.5370607376099 51.9368057250977 21.125904083252 10.7139272689819 51.913761138916 22.1938095092773 10.890908241272 51.8700790405273 23.2629451751709 11.0680923461914 51.8057518005371 24.3338470458984 11.2455701828003 51.7207717895508 25.4070568084717 11.4234304428101 51.6151428222656 26.4831104278564 11.6017618179321 51.4888496398926 27.5625514984131 11.7806539535522 51.3418960571289 28.6459159851074 11.9601974487305 51.216136932373 11.4810609817505 9.11551570892334 52.2980079650879 11.6618604660034 9.29556179046631 53.3746070861816 11.8181200027466 9.4747314453125 54.4466781616211 11.9498424530029 9.6531457901001 55.5149612426758 12.0570306777954 9.83093070983887 56.5802001953125 12.1396884918213 10.0082092285156 57.643138885498 12.1978168487549 10.1851053237915 58.704517364502 12.2314186096191 10.361741065979 59.7650833129883 12.2404975891113 10.5382413864136 60.8255729675293 12.2250566482544 10.7147302627563 61.8867378234863 12.1850967407227 10.8913297653198 62.9493141174316 12.1206226348877 11.0681648254395 64.014045715332 12.0316362380981 11.2453594207764 65.0816802978516 11.9181394577026 11.4230356216431 66.1529541015625 11.7801361083984 11.601318359375 67.2286071777344 11.6176280975342 11.780330657959 68.3093948364258 11.4306182861328 11.9601974487305 68.1519241333008 28.8112125396729 10.6379861831665 67.9358749389648 26.626106262207 10.8042154312134 67.8531265258789 25.5373058319092 10.8870449066162 67.7872314453125 24.4505138397217 10.9697217941284 67.7059707641602 22.2814636230469 11.1347303390503 67.6906051635742 21.1984672546387 11.2171182632446 67.6920700073242 20.1159954071045 11.2994661331177 67.7103652954102 19.0336780548096 11.3818016052246 68.0541839599609 13.6114187240601 11.7942953109741 68.1733856201172 12.5222387313843 11.8771533966064 68.3093948364258 11.4306182861328 11.9601974487305 51.7577781677246 11.5745286941528 9.20565605163574 51.8383293151855 12.1120176315308 9.29512405395508 51.2999687194824 12.0221042633057 9.20518112182617 51.216136932373 11.4810609817505 9.11551570892334 51.5288734436035 11.7983160018921 9.20541858673096 68.3093948364258 11.4306182861328 11.9601974487305 67.7683181762695 11.5271854400635 11.8701496124268 67.7009963989258 12.0699338912964 11.8287420272827 68.0038070678711 11.751971244812 11.8943996429443 51.372917175293 11.6401348114014 9.16049289703369 51.414421081543 11.910210609436 9.20530033111572 51.2586975097656 11.751708984375 9.16036891937256 51.216136932373 11.4810609817505 9.11551570892334 51.3158073425293 11.6959218978882 9.16043090820313 51.2661056518555 11.5885639190674 9.13797950744629 51.2872505187988 11.7238149642944 9.160400390625 51.2375755310059 11.6164169311523 9.13794803619385 51.216136932373 11.4810609817505 9.11551570892334 51.2518424987793 11.6024904251099 9.13796329498291 51.2340240478516 11.5417890548706 9.12674140930176 51.2447090148926 11.6094532012939 9.13795566558838 51.2268981933594 11.5487470626831 9.12673282623291 51.216136932373 11.4810609817505 9.11551570892334 51.2304611206055 11.5452680587769 9.12673664093018 51.2233085632324 11.5131673812866 9.12112712860107 51.2286796569824 11.54700756073 9.12673473358154 51.2215270996094 11.5149059295654 9.12112426757813 51.216136932373 11.4810609817505 9.11551570892334 51.2224197387695 11.5140371322632 9.12112522125244 68.0354690551758 27.71728515625 10.7212057113647 67.7381820678711 23.3653564453125 11.0522737503052 67.745491027832 17.9511432647705 11.4641551971436 67.7974395751953 16.8680191040039 11.5465526580811 67.8662033081055 15.7839384078979 11.6290225982666 67.951789855957 14.6985282897949 11.7115936279297 52.2980079650879 11.6618604660034 9.29556179046631 51.7577781677246 11.5745286941528 9.20565605163574 51.216136932373 11.4810609817505 9.11551570892334 51.7577781677246 11.5745286941528 9.20565605163574 51.216136932373 11.4810609817505 9.11551570892334 51.7577781677246 11.5745286941528 9.20565605163574 52.2980079650879 11.6618604660034 9.29556179046631 53.3746070861816 11.8181200027466 9.4747314453125 53.3746070861816 11.8181200027466 9.4747314453125 54.4466781616211 11.9498424530029 9.6531457901001 53.3746070861816 11.8181200027466 9.4747314453125 55.5149612426758 12.0570306777954 9.83093070983887 54.4466781616211 11.9498424530029 9.6531457901001 56.5802001953125 12.1396884918213 10.0082092285156 55.5149612426758 12.0570306777954 9.83093070983887 57.643138885498 12.1978168487549 10.1851053237915 56.5802001953125 12.1396884918213 10.0082092285156 58.704517364502 12.2314186096191 10.361741065979 57.643138885498 12.1978168487549 10.1851053237915 59.7650833129883 12.2404975891113 10.5382413864136 58.704517364502 12.2314186096191 10.361741065979 60.8255729675293 12.2250566482544 10.7147302627563 59.7650833129883 12.2404975891113 10.5382413864136 61.8867378234863 12.1850967407227 10.8913297653198 60.8255729675293 12.2250566482544 10.7147302627563 62.9493141174316 12.1206226348877 11.0681648254395 61.8867378234863 12.1850967407227 10.8913297653198 64.014045715332 12.0316362380981 11.2453594207764 62.9493141174316 12.1206226348877 11.0681648254395 65.0816802978516 11.9181394577026 11.4230356216431 64.014045715332 12.0316362380981 11.2453594207764 66.1529541015625 11.7801361083984 11.601318359375 65.0816802978516 11.9181394577026 11.4230356216431 67.2286071777344 11.6176280975342 11.780330657959 66.1529541015625 11.7801361083984 11.601318359375 67.7683181762695 11.5271854400635 11.8701496124268 68.3093948364258 11.4306182861328 11.9601974487305 67.2286071777344 11.6176280975342 11.780330657959 67.7683181762695 11.5271854400635 11.8701496124268 67.7683181762695 11.5271854400635 11.8701496124268 68.3093948364258 11.4306182861328 11.9601974487305 68.1519241333008 28.8112125396729 10.6379861831665 68.0354690551758 27.71728515625 10.7212057113647 67.9358749389648 26.626106262207 10.8042154312134 67.8531265258789 25.5373058319092 10.8870449066162 67.7872314453125 24.4505138397217 10.9697217941284 67.7381820678711 23.3653564453125 11.0522737503052 67.7059707641602 22.2814636230469 11.1347303390503 67.6906051635742 21.1984672546387 11.2171182632446 67.6920700073242 20.1159954071045 11.2994661331177 67.7103652954102 19.0336780548096 11.3818016052246 67.745491027832 17.9511432647705 11.4641551971436 67.8662033081055 15.7839384078979 11.6290225982666 68.0541839599609 13.6114187240601 11.7942953109741 68.1733856201172 12.5222387313843 11.8771533966064 68.3093948364258 11.4306182861328 11.9601974487305 68.1519241333008 28.8112125396729 10.6379861831665 67.5622253417969 28.1642169952393 10.721399307251 66.9836730957031 27.5312194824219 10.8044939041138 66.4158554077148 26.9120426177979 10.8873167037964 65.8583679199219 26.3065032958984 10.969913482666 65.3108062744141 25.7144241333008 11.0523290634155 64.7727584838867 25.1356239318848 11.1346111297607 64.2438125610352 24.5699195861816 11.2168054580688 63.7235679626465 24.0171356201172 11.298957824707 63.2116088867188 23.477087020874 11.3811140060425 62.7075309753418 22.9495983123779 11.4633207321167 62.2109222412109 22.4344844818115 11.5456237792969 61.7213745117188 21.931568145752 11.6280698776245 61.2384834289551 21.4406681060791 11.7107038497925 60.7618370056152 20.9616050720215 11.793571472168 60.2910270690918 20.494197845459 11.8767213821411 59.8256492614746 20.0382671356201 11.9601974487305 68.1519241333008 28.8112125396729 10.6379861831665 67.088981628418 28.6111469268799 10.7215929031372 66.0314712524414 28.4363327026367 10.8047723770142 64.9785842895508 28.2867774963379 10.8875885009766 63.9295120239258 28.1624946594238 10.9701042175293 62.8834381103516 28.0634918212891 11.0523843765259 61.8395462036133 27.989782333374 11.1344928741455 60.7970275878906 27.9413719177246 11.2164936065674 59.7550659179688 27.9182739257813 11.2984504699707 58.7128524780273 27.9204978942871 11.3804264068604 57.6695671081543 27.9480514526367 11.4624872207642 56.6244010925293 28.0009498596191 11.544695854187 55.5765419006348 28.0791988372803 11.6271162033081 54.5251770019531 28.1828098297119 11.709813117981 53.4694900512695 28.3117923736572 11.7928485870361 52.4086647033691 28.466157913208 11.8762893676758 51.3418960571289 28.6459159851074 11.9601974487305 67.951789855957 14.6985282897949 11.7115936279297 67.7974395751953 16.8680191040039 11.5465526580811</float_array>
          <technique_common>
            <accessor count="172" offset="0" source="#lib-position-array-ea94e4b8-4c03-4302-9c60-d905a60a4d8a" stride="3">
              <param name="X" type="float" />
              <param name="Y" type="float" />
              <param name="Z" type="float" />
            </accessor>
          </technique_common>
        </source>
        <source id="lib-normal-ea94e4b8-4c03-4302-9c60-d905a60a4d8a" name="normal_lib-norm">
          <float_array id="lib-normal-array-ea94e4b8-4c03-4302-9c60-d905a60a4d8a" count="516">0.138164 0.140435 -0.980402 -0.140533 -0.142552 0.979760 -0.143007 -0.144765 0.979077 -0.145590 -0.147078 0.978352 -0.148284 -0.149493 0.977581 -0.151091 -0.152013 0.976762 -0.154015 -0.154641 0.975892 -0.157056 -0.157379 0.974969 -0.160219 -0.160229 0.973990 -0.163503 -0.163193 0.972952 -0.166911 -0.166274 0.971851 -0.170443 -0.169472 0.970685 -0.174101 -0.172789 0.969450 -0.177885 -0.176225 0.968144 -0.181794 -0.179780 0.966763 -0.185827 -0.183456 0.965304 -0.189985 -0.187250 0.963765 0.178859 -0.088707 -0.979868 0.176617 -0.086055 -0.980511 0.174468 -0.083475 -0.981118 0.172413 -0.080967 -0.981691 0.170453 -0.078532 -0.982231 0.168588 -0.076170 -0.982739 0.166819 -0.073880 -0.983216 0.165144 -0.071662 -0.983663 0.163563 -0.069514 -0.984081 0.162076 -0.067436 -0.984471 0.160680 -0.065425 -0.984836 0.159374 -0.063481 -0.985175 0.158156 -0.061601 -0.985491 0.157025 -0.059784 -0.985783 0.155977 -0.058027 -0.986055 0.155011 -0.056328 -0.986306 -0.154125 0.054686 0.986537 0.185708 -0.095568 -0.977947 0.180563 -0.089616 -0.979472 0.178121 -0.086736 -0.980178 0.175765 -0.083919 -0.980849 0.171314 -0.078473 -0.982086 0.169218 -0.075841 -0.982656 0.167209 -0.073269 -0.983195 0.165284 -0.070755 -0.983705 0.156912 -0.059019 -0.985848 0.155479 -0.056828 -0.986203 -0.154125 0.054686 0.986537 0.177727 -0.087372 -0.980193 -0.140639 -0.142660 0.979729 -0.139336 -0.141481 0.980086 -0.138164 -0.140435 0.980402 -0.139388 -0.141535 0.980071 0.154125 -0.054686 -0.986537 0.154558 -0.055500 -0.986424 0.155246 -0.056579 -0.986254 0.154675 -0.055626 -0.986398 -0.138773 -0.140982 0.980238 -0.139362 -0.141508 0.980078 -0.138747 -0.140955 0.980245 -0.138164 -0.140435 0.980402 -0.138760 -0.140968 0.980242 -0.138461 -0.140701 0.980322 -0.138753 -0.140962 0.980244 -0.138455 -0.140694 0.980324 -0.138164 -0.140435 0.980402 -0.138458 -0.140698 0.980323 -0.138311 -0.140566 0.980363 -0.138456 -0.140696 0.980324 -0.138309 -0.140564 0.980363 -0.138164 -0.140435 0.980402 -0.138310 -0.140565 0.980363 -0.138237 -0.140500 0.980383 -0.138310 -0.140565 0.980363 -0.138237 -0.140500 0.980383 -0.138164 -0.140435 0.980402 -0.138237 -0.140500 0.980383 0.183092 -0.092560 -0.978729 0.173496 -0.081165 -0.981484 0.163445 -0.068299 -0.984186 0.161688 -0.065899 -0.984639 0.160015 -0.063553 -0.985067 0.158423 -0.061260 -0.985469 -0.140746 -0.142769 0.979698 -0.139440 -0.141588 0.980056 -0.138164 -0.140435 0.980402 -0.139440 -0.141588 0.980056 -0.138164 -0.140435 0.980402 -0.139440 -0.141588 0.980056 -0.140746 -0.142769 0.979698 -0.143452 -0.145218 0.978945 -0.143452 -0.145218 0.978945 -0.146286 -0.147784 0.978141 -0.143452 -0.145218 0.978945 -0.149250 -0.150471 0.977283 -0.146286 -0.147784 0.978141 -0.152347 -0.153281 0.976368 -0.149250 -0.150471 0.977283 -0.155580 -0.156216 0.975393 -0.152347 -0.153281 0.976368 -0.158949 -0.159278 0.974354 -0.155580 -0.156216 0.975393 -0.162457 -0.162469 0.973248 -0.158949 -0.159278 0.974354 -0.166103 -0.165790 0.972072 -0.162457 -0.162469 0.973248 -0.169889 -0.169241 0.970822 -0.166103 -0.165790 0.972072 -0.173813 -0.172823 0.969495 -0.169889 -0.169241 0.970822 -0.177876 -0.176534 0.968089 -0.173813 -0.172823 0.969495 -0.182074 -0.180375 0.966599 -0.177876 -0.176534 0.968089 -0.186406 -0.184341 0.965024 -0.182074 -0.180375 0.966599 -0.190868 -0.188432 0.963360 -0.186406 -0.184341 0.965024 -0.193147 -0.190522 0.962494 -0.195456 -0.192643 0.961606 -0.190868 -0.188432 0.963360 -0.193147 -0.190522 0.962494 -0.193147 -0.190522 0.962494 0.154125 -0.054686 -0.986537 0.064666 0.068364 0.995562 0.065781 0.069222 0.995430 0.066940 0.070116 0.995290 0.068145 0.071048 0.995142 0.069398 0.072020 0.994986 0.070698 0.073031 0.994821 0.072048 0.074085 0.994646 0.073448 0.075181 0.994461 0.074899 0.076322 0.994266 0.076402 0.077508 0.994060 0.077958 0.078740 0.993842 0.081232 0.081349 0.993370 0.084726 0.084157 0.992844 0.086557 0.085638 0.992559 0.088444 0.087171 0.992260 0.064666 0.068364 0.995562 0.065896 0.069344 0.995414 0.067181 0.070369 0.995256 0.068522 0.071443 0.995088 0.069922 0.072564 0.994910 0.071380 0.073736 0.994720 0.072899 0.074959 0.994518 0.074478 0.076235 0.994304 0.076120 0.077564 0.994077 0.077823 0.078947 0.993836 0.079590 0.080385 0.993581 0.081420 0.081879 0.993311 0.083313 0.083429 0.993025 0.085269 0.085035 0.992723 0.087288 0.086698 0.992403 0.089368 0.088418 0.992066 0.091511 0.090193 0.991711 0.064666 0.068364 0.995562 0.066011 0.069466 0.995398 0.067424 0.070625 0.995222 0.068905 0.071842 0.995033 0.070456 0.073119 0.994831 0.072079 0.074458 0.994616 0.073774 0.075858 0.994386 0.075542 0.077322 0.994140 0.077385 0.078850 0.993878 0.079301 0.080443 0.993600 0.081292 0.082101 0.993303 0.083357 0.083823 0.992988 0.085496 0.085611 0.992654 0.087706 0.087462 0.992299 0.089988 0.089377 0.991924 0.092338 0.091354 0.991528 0.094755 0.093391 0.991110 0.082952 0.082728 0.993114 0.079568 0.080020 0.993612</float_array>
          <technique_common>
            <accessor count="172" offset="0" source="#lib-normal-array-ea94e4b8-4c03-4302-9c60-d905a60a4d8a" stride="3">
              <param name="X" type="float" />
              <param name="Y" type="float" />
              <param name="Z" type="float" />
            </accessor>
          </technique_common>
        </source>
        <source id="lib-map1-ea94e4b8-4c03-4302-9c60-d905a60a4d8a" name="map1_lib-map1">
          <float_array id="lib-map1-array-ea94e4b8-4c03-4302-9c60-d905a60a4d8a" count="344">0.998535 0.000000 0.967377 0.000000 0.936218 0.000000 0.905060 0.000000 0.873901 0.000000 0.842743 0.000000 0.811584 0.000000 0.780426 0.000000 0.749268 0.000000 0.718109 0.000000 0.686951 0.000000 0.655792 0.000000 0.624634 0.000000 0.593475 0.000000 0.562317 0.000000 0.531158 0.000000 0.500000 0.000000 0.998535 0.345828 0.967377 0.345828 0.936218 0.345828 0.905060 0.345828 0.873901 0.345828 0.842743 0.345828 0.811584 0.345828 0.780426 0.345828 0.749268 0.345828 0.718109 0.345828 0.686951 0.345828 0.655792 0.345828 0.624634 0.345828 0.593475 0.345828 0.562317 0.345828 0.531158 0.345828 0.500000 0.345828 0.998535 0.693195 0.936218 0.693195 0.905060 0.693195 0.873901 0.693195 0.811584 0.693195 0.780426 0.693195 0.749268 0.693195 0.718109 0.693195 0.562317 0.693195 0.531158 0.693195 0.500000 0.693195 0.982956 0.345828 0.967377 0.172914 0.982956 0.000000 0.998535 0.172914 0.982956 0.172914 0.500000 0.519512 0.515579 0.345828 0.531158 0.519512 0.515579 0.519512 0.990746 0.172914 0.982956 0.086457 0.990746 0.000000 0.998535 0.086457 0.990746 0.086457 0.994640 0.086457 0.990746 0.043229 0.994640 0.000000 0.998535 0.043229 0.994640 0.043229 0.996588 0.043229 0.994640 0.021614 0.996588 0.000000 0.998535 0.021614 0.996588 0.021614 0.997561 0.021614 0.996588 0.010807 0.997561 0.000000 0.998535 0.010807 0.997561 0.010807 0.967377 0.693195 0.842743 0.693195 0.686951 0.693195 0.655792 0.693195 0.624634 0.693195 0.593475 0.693195 0.967377 0.345828 0.982956 0.345828 0.998535 0.345828 0.982956 0.345828 0.998535 0.345828 0.982956 0.345828 0.967377 0.345828 0.936218 0.345828 0.936218 0.345828 0.905060 0.345828 0.936218 0.345828 0.873901 0.345828 0.905060 0.345828 0.842743 0.345828 0.873901 0.345828 0.811584 0.345828 0.842743 0.345828 0.780426 0.345828 0.811584 0.345828 0.749268 0.345828 0.780426 0.345828 0.718109 0.345828 0.749268 0.345828 0.686951 0.345828 0.718109 0.345828 0.655792 0.345828 0.686951 0.345828 0.624634 0.345828 0.655792 0.345828 0.593475 0.345828 0.624634 0.345828 0.562317 0.345828 0.593475 0.345828 0.531158 0.345828 0.562317 0.345828 0.515579 0.345828 0.500000 0.345828 0.531158 0.345828 0.515579 0.345828 0.515579 0.345828 0.500000 0.345828 0.498535 0.000000 0.467377 0.000000 0.436218 0.000000 0.405060 0.000000 0.373901 0.000000 0.342743 0.000000 0.311584 0.000000 0.280426 0.000000 0.249268 0.000000 0.218109 0.000000 0.186951 0.000000 0.124634 0.000000 0.062317 0.000000 0.031158 0.000000 0.000000 0.000000 0.498535 0.345791 0.467377 0.345791 0.436218 0.345791 0.405060 0.345791 0.373901 0.345791 0.342743 0.345791 0.311584 0.345791 0.280426 0.345791 0.249268 0.345791 0.218109 0.345791 0.186951 0.345791 0.155792 0.345791 0.124634 0.345791 0.093475 0.345791 0.062317 0.345791 0.031158 0.345791 0.000000 0.345791 0.498535 0.691583 0.467377 0.691583 0.436218 0.691583 0.405060 0.691583 0.373901 0.691583 0.342743 0.691583 0.311584 0.691583 0.280426 0.691583 0.249268 0.691583 0.218109 0.691583 0.186951 0.691583 0.155792 0.691583 0.124634 0.691583 0.093475 0.691583 0.062317 0.691583 0.031158 0.691583 0.000000 0.691583 0.093475 0.000000 0.155792 0.000000</float_array>
          <technique_common>
            <accessor count="172" offset="0" source="#lib-map1-array-ea94e4b8-4c03-4302-9c60-d905a60a4d8a" stride="2">
              <param name="S" type="float" />
              <param name="T" type="float" />
            </accessor>
          </technique_common>
        </source>
        <vertices id="lib-vertices-ea94e4b8-4c03-4302-9c60-d905a60a4d8a">
          <input semantic="POSITION" source="#lib-position-ea94e4b8-4c03-4302-9c60-d905a60a4d8a" />
        </vertices>
        <triangles count="165" material="material-a64b6b70-6090-420d-a33f-b63debf2ed80">
          <input offset="0" semantic="VERTEX" source="#lib-vertices-ea94e4b8-4c03-4302-9c60-d905a60a4d8a" />
          <input offset="1" semantic="NORMAL" source="#lib-normal-ea94e4b8-4c03-4302-9c60-d905a60a4d8a" />
          <input offset="2" semantic="TEXCOORD" source="#lib-map1-ea94e4b8-4c03-4302-9c60-d905a60a4d8a" />
          <p>80 80 80 46 46 46 81 81 81 55 55 55 49 49 49 46 46 46 1 1 1 47 47 47 55 55 55 46 46 46 1 1 1 55 55 55 49 49 49 55 55 55 58 58 58 60 60 60 58 58 58 55 55 55 47 47 47 56 56 56 60 60 60 55 55 55 47 47 47 60 60 60 58 58 58 60 60 60 63 63 63 65 65 65 63 63 63 60 60 60 56 56 56 61 61 61 65 65 65 60 60 60 56 56 56 65 65 65 63 63 63 65 65 65 68 68 68 70 70 70 68 68 68 65 65 65 61 61 61 66 66 66 70 70 70 65 65 65 61 61 61 70 70 70 68 68 68 70 70 70 73 73 73 70 70 70 66 66 66 71 71 71 72 72 72 73 73 73 71 71 71 67 67 67 69 69 69 73 73 73 64 64 64 68 68 68 69 69 69 62 62 62 64 64 64 69 69 69 59 59 59 63 63 63 64 64 64 57 57 57 59 59 59 64 64 64 54 54 54 58 58 58 59 59 59 48 48 48 54 54 54 59 59 59 83 83 83 49 49 49 54 54 54 84 84 84 85 85 85 54 54 54 46 46 46 86 86 86 87 87 87 2 2 2 1 1 1 46 46 46 88 88 88 2 2 2 46 46 46 89 89 89 3 3 3 90 90 90 91 91 91 4 4 4 92 92 92 93 93 93 5 5 5 94 94 94 95 95 95 6 6 6 96 96 96 97 97 97 7 7 7 98 98 98 99 99 99 8 8 8 100 100 100 101 101 101 9 9 9 102 102 102 103 103 103 10 10 10 104 104 104 105 105 105 11 11 11 106 106 106 107 107 107 12 12 12 108 108 108 109 109 109 13 13 13 110 110 110 111 111 111 14 14 14 112 112 112 113 113 113 15 15 15 114 114 114 115 115 115 116 116 116 16 16 16 15 15 15 117 117 117 118 118 118 16 16 16 15 15 15 119 119 119 120 120 120 51 51 51 53 53 53 53 53 53 51 51 51 52 52 52 45 45 45 74 74 74 18 18 18 20 20 20 19 19 19 35 35 35 19 19 19 18 18 18 74 74 74 22 22 22 21 21 21 37 37 37 24 24 24 23 23 23 38 38 38 25 25 25 24 24 24 39 39 39 23 23 23 22 22 22 75 75 75 21 21 21 20 20 20 36 36 36 27 27 27 26 26 26 41 41 41 29 29 29 28 28 28 77 77 77 28 28 28 27 27 27 76 76 76 31 31 31 30 30 30 79 79 79 32 32 32 31 31 31 52 52 52 31 31 31 42 42 42 52 52 52 30 30 30 29 29 29 78 78 78 26 26 26 25 25 25 40 40 40 34 34 34 45 45 45 17 17 17 52 52 52 43 43 43 53 53 53 53 53 53 43 43 43 44 44 44 42 42 42 43 43 43 52 52 52 34 34 34 74 74 74 45 45 45 154 154 154 137 137 137 136 136 136 155 155 155 138 138 138 154 154 154 156 156 156 139 139 139 155 155 155 157 157 157 140 140 140 156 156 156 158 158 158 141 141 141 157 157 157 159 159 159 142 142 142 158 158 158 160 160 160 143 143 143 159 159 159 161 161 161 144 144 144 160 160 160 162 162 162 145 145 145 161 161 161 163 163 163 146 146 146 162 162 162 164 164 164 147 147 147 163 163 163 165 165 165 148 148 148 164 164 164 166 166 166 149 149 149 165 165 165 167 167 167 150 150 150 166 166 166 168 168 168 151 151 151 167 167 167 169 169 169 152 152 152 168 168 168 122 122 122 136 136 136 137 137 137 124 124 124 123 123 123 139 139 139 123 123 123 122 122 122 138 138 138 126 126 126 125 125 125 141 141 141 128 128 128 127 127 127 143 143 143 127 127 127 126 126 126 142 142 142 125 125 125 124 124 124 140 140 140 130 130 130 129 129 129 145 145 145 171 171 171 131 131 131 147 147 147 131 131 131 130 130 130 146 146 146 170 170 170 132 132 132 149 149 149 134 134 134 133 133 133 151 151 151 135 135 135 134 134 134 152 152 152 133 133 133 170 170 170 150 150 150 132 132 132 171 171 171 148 148 148 129 129 129 128 128 128 144 144 144 46 46 46 49 49 49 81 81 81 49 49 49 58 58 58 54 54 54 58 58 58 63 63 63 59 59 59 63 63 63 68 68 68 64 64 64 68 68 68 73 73 73 69 69 69 70 70 70 71 71 71 73 73 73 3 3 3 2 2 2 90 90 90 4 4 4 3 3 3 92 92 92 5 5 5 4 4 4 94 94 94 6 6 6 5 5 5 96 96 96 7 7 7 6 6 6 98 98 98 8 8 8 7 7 7 100 100 100 9 9 9 8 8 8 102 102 102 10 10 10 9 9 9 104 104 104 11 11 11 10 10 10 106 106 106 12 12 12 11 11 11 108 108 108 13 13 13 12 12 12 110 110 110 14 14 14 13 13 13 112 112 112 15 15 15 14 14 14 114 114 114 51 51 51 32 32 32 52 52 52 20 20 20 35 35 35 36 36 36 19 19 19 74 74 74 35 35 35 22 22 22 37 37 37 75 75 75 24 24 24 38 38 38 39 39 39 25 25 25 39 39 39 40 40 40 23 23 23 75 75 75 38 38 38 21 21 21 36 36 36 37 37 37 27 27 27 41 41 41 76 76 76 29 29 29 77 77 77 78 78 78 28 28 28 76 76 76 77 77 77 31 31 31 79 79 79 42 42 42 30 30 30 78 78 78 79 79 79 26 26 26 40 40 40 41 41 41 138 138 138 137 137 137 154 154 154 139 139 139 138 138 138 155 155 155 140 140 140 139 139 139 156 156 156 141 141 141 140 140 140 157 157 157 142 142 142 141 141 141 158 158 158 143 143 143 142 142 142 159 159 159 144 144 144 143 143 143 160 160 160 145 145 145 144 144 144 161 161 161 146 146 146 145 145 145 162 162 162 147 147 147 146 146 146 163 163 163 148 148 148 147 147 147 164 164 164 149 149 149 148 148 148 165 165 165 150 150 150 149 149 149 166 166 166 151 151 151 150 150 150 167 167 167 152 152 152 151 151 151 168 168 168 123 123 123 138 138 138 139 139 139 122 122 122 137 137 137 138 138 138 125 125 125 140 140 140 141 141 141 127 127 127 142 142 142 143 143 143 126 126 126 141 141 141 142 142 142 124 124 124 139 139 139 140 140 140 129 129 129 144 144 144 145 145 145 131 131 131 146 146 146 147 147 147 130 130 130 145 145 145 146 146 146 132 132 132 148 148 148 149 149 149 133 133 133 150 150 150 151 151 151 134 134 134 151 151 151 152 152 152 170 170 170 149 149 149 150 150 150 171 171 171 147 147 147 148 148 148 128 128 128 143 143 143 144 144 144</p>
        </triangles>
      </mesh>
      <extra>
        <technique profile="Rhino">
          <double_sided>1</double_sided>
        </technique>
      </extra>
    </geometry>
  </library_geometries>
  <library_visual_scenes>
    <visual_scene id="VisualSceneNode">
      <node id="View-Perspective" name="View-Perspective">
        <matrix>0.900324 -0.090489 0.425709 107.973027 0.435220 0.187191 -0.880649 -53.780502 0.000000 0.978147 0.207915 33.268438 0.000000 0.000000 0.000000 1.000000</matrix>
        <instance_camera url="#Camera-Perspective" />
      </node>
      <node id="View-Top" name="View-Top">
        <matrix>1.000000 0.000000 0.000000 61.051986 0.000000 1.000000 0.000000 15.133739 0.000000 0.000000 1.000000 80.212301 0.000000 0.000000 0.000000 1.000000</matrix>
        <instance_camera url="#Camera-Top" />
      </node>
      <node id="View-Front" name="View-Front">
        <matrix>1.000000 0.000000 0.000000 58.495071 0.000000 0.000000 -1.000000 -80.212301 0.000000 1.000000 0.000000 -2.617809 0.000000 0.000000 0.000000 1.000000</matrix>
        <instance_camera url="#Camera-Front" />
      </node>
      <node id="View-Right" name="View-Right">
        <matrix>0.000000 0.000000 1.000000 80.428718 1.000000 0.000000 0.000000 33.192770 0.000000 1.000000 0.000000 1.764588 0.000000 0.000000 0.000000 1.000000</matrix>
        <instance_camera url="#Camera-Right" />
      </node>
      <node id="a67965bd-53ec-4ca9-98fc-7fe72a92be85" name="Brep">
        <instance_geometry url="#mesh-aaaade96-281a-4986-936a-0edd15a9a0a4">
          <bind_material>
            <technique_common>
              <instance_material symbol="material-af3df473-e96c-489d-af29-ea8c1088414e" target="#af3df473-e96c-489d-af29-ea8c1088414e" />
            </technique_common>
          </bind_material>
        </instance_geometry>
      </node>
      <node id="a934df14-efbe-4f1a-8bb0-9db2fd720634" name="Brep_a934df14">
        <instance_geometry url="#mesh-dd60c93a-d9b5-4f20-975f-b716425eb232">
          <bind_material>
            <technique_common>
              <instance_material symbol="material-ca66b435-dfd6-4570-b8f0-ff2197247290" target="#ca66b435-dfd6-4570-b8f0-ff2197247290" />
            </technique_common>
          </bind_material>
        </instance_geometry>
      </node>
      <node id="a633b9bf-8e16-413a-a49c-14f6e1d42477" name="Brep_a633b9bf">
        <instance_geometry url="#mesh-a85d7d18-eba2-4c63-a80b-cfb4142b12b4">
          <bind_material>
            <technique_common>
              <instance_material symbol="material-a76b8083-2ec1-42ae-bd8d-9238265bce44" target="#a76b8083-2ec1-42ae-bd8d-9238265bce44" />
            </technique_common>
          </bind_material>
        </instance_geometry>
      </node>
      <node id="acb7d632-3cd6-412f-809e-e50841b9e7d7" name="Brep_acb7d632">
        <instance_geometry url="#mesh-a9c895cf-3a81-4ab0-bb8a-7d8e0965ca97">
          <bind_material>
            <technique_common>
              <instance_material symbol="material-a2004ed0-3ed1-4230-964a-a0fb2ed4ec31" target="#a2004ed0-3ed1-4230-964a-a0fb2ed4ec31" />
            </technique_common>
          </bind_material>
        </instance_geometry>
      </node>
      <node id="a9383508-c1a1-4e76-97db-4ce7ecc7a00b" name="Brep_a9383508">
        <instance_geometry url="#mesh-ea94e4b8-4c03-4302-9c60-d905a60a4d8a">
          <bind_material>
            <technique_common>
              <instance_material symbol="material-a64b6b70-6090-420d-a33f-b63debf2ed80" target="#a64b6b70-6090-420d-a33f-b63debf2ed80" />
            </technique_common>
          </bind_material>
        </instance_geometry>
      </node>
    </visual_scene>
  </library_visual_scenes>
  <scene>
    <instance_visual_scene url="#VisualSceneNode" />
  </scene>
</COLLADA>