mtllib GarbageCan.mtl
v -0.002702 0.035060 -0.135650
v 0.006993 0.035060 -0.136531
v 0.037360 0.035060 -0.136531
v 0.067530 0.035060 -0.136531
v 0.097701 0.035060 -0.136531
v 0.127871 0.035060 -0.136531
v 0.158042 0.035060 -0.136531
v 0.179520 0.035060 -0.136531
v 0.199680 0.035060 -0.136531
v 0.363318 0.035060 -0.136531
v -0.007452 0.035060 -0.134067
v -0.009534 0.035060 -0.132579
v -0.011021 0.035060 -0.130497
v -0.012605 0.035060 -0.125747
v -0.013486 0.035060 -0.116053
v -0.013486 0.035060 0.405523
v -0.012605 0.035060 0.415217
v -0.011021 0.035060 0.419967
v -0.009534 0.035060 0.422049
v -0.007452 0.035060 0.423537
v -0.002702 0.035060 0.425120
v 0.006993 0.035060 0.426001
v 0.525638 0.035060 -0.136531
v 0.556006 0.035060 -0.136531
v 0.565700 0.035060 -0.135650
v 0.495468 0.035060 -0.136531
v 0.465297 0.035060 -0.136531
v 0.435127 0.035060 -0.136531
v 0.404956 0.035060 -0.136531
v 0.383479 0.035060 -0.136531
v 0.570450 0.035060 -0.134067
v 0.572532 0.035060 -0.132579
v 0.574020 0.035060 -0.130497
v 0.575603 0.035060 -0.125747
v 0.576484 0.035060 -0.116053
v 0.576484 0.035060 0.405523
v 0.575603 0.035060 0.415217
v 0.574020 0.035060 0.419967
v 0.572532 0.035060 0.422049
v 0.570450 0.035060 0.423537
v 0.565700 0.035060 0.425120
v 0.556006 0.035060 0.426001
v -0.019577 0.048121 0.432092
v 0.582575 0.048121 0.432092
v 0.582575 0.048121 -0.142622
v -0.019577 0.048121 -0.142622
v 0.557196 -0.000000 0.452253
v 0.577362 1.016616 0.474746
v -0.014364 1.016616 0.474746
v 0.005802 -0.000000 0.452253
v 0.602736 0.000000 -0.117243
v 0.626232 1.016616 -0.136405
v 0.626232 1.016616 0.425875
v 0.602736 -0.000000 0.406713
v 0.199680 0.000000 -0.184235
v 0.196299 0.632690 -0.195609
v 0.366699 0.632690 -0.195609
v 0.363318 0.000000 -0.184235
v -0.039738 -0.000000 0.406713
v -0.063234 1.016616 0.425875
v -0.063234 1.016616 -0.136405
v -0.039738 0.000000 -0.117243
v -0.015537 1.075785 0.476055
v 0.578535 1.075785 0.476055
v 0.605878 1.075785 0.454334
v -0.042880 1.075785 0.454334
v 0.627599 1.075785 0.426991
v 0.627599 1.075785 -0.137521
v 0.605878 1.075785 -0.164864
v 0.605878 1.075785 -0.164864
v 0.578535 1.075785 -0.186585
v -0.015537 1.075785 -0.186585
v -0.042880 1.075785 -0.164864
v -0.064601 1.075785 -0.137521
v -0.064601 1.075785 0.426991
v -0.042880 1.075785 0.454334
v -0.042880 1.075785 -0.164864
v -0.042880 1.075785 0.454334
v 0.605878 1.075785 0.454334
v 0.582575 0.048121 0.432092
v -0.019577 0.048121 0.432092
v 0.605878 1.075785 0.454334
v 0.605878 1.075785 -0.164864
v 0.582575 0.048121 -0.142622
v 0.582575 0.048121 0.432092
v 0.605878 1.075785 -0.164864
v -0.042880 1.075785 -0.164864
v -0.019577 0.048121 -0.142622
v 0.582575 0.048121 -0.142622
v -0.042880 1.075785 -0.164864
v -0.042880 1.075785 0.454334
v -0.019577 0.048121 0.432092
v -0.019577 0.048121 -0.142622
v -0.052335 1.075785 0.463789
v -0.042795 1.075785 0.470603
v -0.030529 1.075785 0.474692
v 0.605793 1.075785 0.470603
v 0.615333 1.075785 0.463789
v 0.593527 1.075785 0.474692
v 0.622148 1.075785 0.454248
v 0.626237 1.075785 0.441982
v 0.622148 1.075785 -0.164778
v 0.615333 1.075785 -0.174319
v 0.626237 1.075785 -0.152512
v 0.605793 1.075785 -0.181133
v 0.593527 1.075785 -0.185222
v -0.042795 1.075785 -0.181133
v -0.052335 1.075785 -0.174319
v -0.030529 1.075785 -0.185222
v -0.059150 1.075785 -0.164778
v -0.063238 1.075785 -0.152512
v -0.059150 1.075785 0.454248
v -0.063238 1.075785 0.441982
v 0.610147 1.078933 0.511315
v 0.609498 1.063628 0.510591
v 0.626053 1.063628 0.509086
v 0.626735 1.078933 0.509807
v 0.639597 1.063628 0.504571
v 0.640306 1.078933 0.505284
v 0.650132 1.063628 0.497046
v 0.650862 1.078933 0.497744
v -0.029296 1.016616 0.473388
v -0.008113 -0.000000 0.450988
v -0.041514 1.016616 0.469315
v -0.019498 -0.000000 0.447193
v -0.051016 1.016616 0.462528
v -0.028353 -0.000000 0.440868
v 0.664433 1.078933 -0.167560
v 0.663887 1.055309 -0.167114
v 0.662405 1.055308 -0.183566
v 0.662925 1.078933 -0.184147
v 0.657896 1.055307 -0.197167
v 0.658401 1.078933 -0.197718
v 0.650352 1.055307 -0.207754
v 0.650862 1.078933 -0.208274
v 0.624874 1.016616 0.440808
v 0.601471 -0.000000 0.420628
v 0.620802 1.016616 0.453025
v 0.597676 -0.000000 0.432013
v 0.614014 1.016617 0.462528
v 0.591351 -0.000000 0.440868
v -0.047149 1.078933 -0.221845
v -0.046521 1.055309 -0.221330
v -0.063126 1.055308 -0.219842
v -0.063737 1.078933 -0.220337
v -0.076727 1.055307 -0.215335
v -0.077308 1.078933 -0.215814
v -0.087315 1.055307 -0.207792
v -0.087864 1.078933 -0.208274
v 0.577009 0.703279 -0.174123
v 0.587407 1.016616 -0.184362
v 0.592294 1.016616 -0.183918
v 0.571111 0.000000 -0.161518
v 0.557196 0.000000 -0.162783
v 0.604512 1.016616 -0.179845
v 0.582496 0.000000 -0.157723
v 0.614014 1.016617 -0.173058
v 0.591351 0.000000 -0.151398
v -0.101435 1.078933 0.457030
v -0.100679 1.063628 0.456413
v -0.099174 1.063628 0.472967
v -0.099927 1.078933 0.473617
v -0.094659 1.063628 0.486512
v -0.095403 1.078933 0.487188
v -0.087134 1.063628 0.497047
v -0.087864 1.078933 0.497744
v -0.061876 1.016616 -0.151338
v -0.038473 0.000000 -0.131158
v -0.057804 1.016616 -0.163555
v -0.034678 0.000000 -0.142543
v -0.051016 1.016617 -0.173058
v -0.028353 0.000000 -0.151398
v -0.046500 1.063628 0.510591
v -0.045851 1.048323 0.509867
v 0.608849 1.048323 0.509867
v 0.663677 1.047367 -0.157906
v 0.663677 1.063628 -0.031973
v 0.662920 1.048323 -0.031973
v 0.663466 1.037093 -0.166771
v 0.662920 1.013468 -0.166326
v -0.046500 1.046201 -0.253517
v 0.609498 1.046201 -0.253517
v 0.608849 1.013468 -0.252793
v -0.045851 1.013468 -0.252793
v -0.099922 1.048323 0.455796
v -0.100679 1.065404 -0.031973
v -0.099922 1.051876 -0.031973
v -0.099922 1.051876 -0.031973
v 0.571111 -0.000000 0.450988
v 0.592294 1.016616 0.473388
v 0.582496 -0.000000 0.447193
v 0.604512 1.016616 0.469315
v 0.591351 -0.000000 0.440868
v 0.614014 1.016617 0.462528
v -0.063055 1.063628 0.509086
v -0.062373 1.048323 0.508365
v -0.076599 1.063628 0.504571
v -0.075890 1.048323 0.503859
v -0.087134 1.063628 0.497047
v -0.086404 1.048323 0.496349
v 0.601471 0.000000 -0.131158
v 0.624874 1.016616 -0.151338
v 0.597676 0.000000 -0.142543
v 0.620802 1.016616 -0.163555
v 0.591351 0.000000 -0.151398
v 0.614014 1.016617 -0.173058
v 0.663677 1.063628 0.456413
v 0.662172 1.063628 0.472967
v 0.661418 1.048323 0.472317
v 0.662920 1.048323 0.455796
v 0.657657 1.063628 0.486512
v 0.656912 1.048323 0.485835
v 0.650132 1.063628 0.497046
v 0.649402 1.048323 0.496349
v -0.014011 0.703279 -0.174123
v 0.005802 0.000000 -0.162783
v -0.008113 0.000000 -0.161518
v -0.029296 1.016616 -0.183918
v -0.024409 1.016616 -0.184362
v -0.019498 0.000000 -0.157723
v -0.041514 1.016616 -0.179845
v -0.028353 0.000000 -0.151398
v -0.051016 1.016617 -0.173058
v 0.626053 1.046200 -0.252012
v 0.625371 1.013468 -0.251291
v 0.639597 1.046201 -0.247497
v 0.638889 1.013468 -0.246785
v 0.650132 1.046201 -0.239972
v 0.649402 1.013468 -0.239275
v -0.038473 -0.000000 0.420628
v -0.061876 1.016616 0.440808
v -0.034678 -0.000000 0.432013
v -0.057804 1.016616 0.453025
v -0.028353 -0.000000 0.440868
v -0.051016 1.016616 0.462528
v -0.100679 1.046201 -0.199338
v -0.099174 1.046200 -0.215893
v -0.098420 1.013468 -0.215243
v -0.099922 1.013468 -0.198721
v -0.094659 1.046201 -0.229437
v -0.093914 1.013468 -0.228761
v -0.087134 1.046201 -0.239972
v -0.086404 1.013468 -0.239275
v -0.047149 1.078933 0.511315
v 0.610147 1.078933 0.511315
v -0.063737 1.078933 0.509807
v -0.077308 1.078933 0.505284
v -0.087864 1.078933 0.497744
v -0.095403 1.078933 0.487188
v -0.099927 1.078933 0.473617
v -0.101435 1.078933 0.457030
v -0.101435 1.078933 -0.167560
v -0.101435 1.078933 -0.031973
v -0.099927 1.078933 -0.184147
v -0.095403 1.078933 -0.197718
v -0.087864 1.078933 -0.208274
v -0.077308 1.078933 -0.215814
v -0.063737 1.078933 -0.220337
v -0.047149 1.078933 -0.221845
v 0.610147 1.078933 -0.221845
v 0.626735 1.078933 -0.220337
v 0.640306 1.078933 -0.215814
v 0.650862 1.078933 -0.208274
v 0.658401 1.078933 -0.197718
v 0.662925 1.078933 -0.184147
v 0.664433 1.078933 -0.167560
v 0.664433 1.078933 0.457030
v 0.664433 1.078933 -0.031973
v 0.662925 1.078933 0.473617
v 0.658401 1.078933 0.487188
v 0.650862 1.078933 0.497744
v 0.640306 1.078933 0.505284
v 0.626735 1.078933 0.509807
v -0.014554 1.054485 0.478952
v 0.577553 1.054485 0.478952
v 0.608658 1.052065 0.505661
v -0.045660 1.052065 0.505661
v 0.593162 1.054518 0.477535
v 0.624503 1.052021 0.504218
v 0.606445 1.054553 0.473110
v 0.636956 1.051986 0.500064
v 0.617034 1.054567 0.465548
v 0.646383 1.051972 0.493329
v 0.624597 1.054557 0.454958
v 0.653117 1.051993 0.483902
v 0.629022 1.054528 0.441676
v 0.657270 1.052022 0.471450
v 0.630439 1.054499 0.426066
v 0.658713 1.052051 0.455605
v 0.630439 1.054499 -0.136596
v 0.658713 1.052051 -0.166135
v 0.658713 1.052051 -0.031973
v 0.629022 1.054528 -0.152206
v 0.657270 1.052022 -0.181980
v 0.624597 1.054558 -0.165488
v 0.653117 1.051993 -0.194432
v 0.617034 1.054567 -0.176078
v 0.646383 1.051983 -0.203859
v 0.606445 1.054553 -0.183640
v 0.636956 1.051997 -0.210594
v 0.593162 1.054518 -0.188065
v 0.624503 1.052032 -0.214748
v 0.577553 1.054485 -0.189482
v 0.608658 1.052065 -0.216191
v -0.014554 1.054485 -0.189482
v -0.045660 1.052065 -0.216191
v -0.030164 1.054518 -0.188065
v -0.061505 1.052032 -0.214748
v -0.043446 1.054553 -0.183640
v -0.073958 1.051997 -0.210594
v -0.054036 1.054567 -0.176078
v -0.083385 1.051983 -0.203859
v -0.061599 1.054557 -0.165488
v -0.090119 1.051993 -0.194432
v -0.066024 1.054528 -0.152206
v -0.094272 1.052022 -0.181980
v -0.067441 1.054499 -0.136596
v -0.095715 1.052051 -0.166135
v -0.067441 1.054499 0.426066
v -0.095715 1.052051 0.455605
v -0.095715 1.052051 -0.031973
v -0.066024 1.054528 0.441676
v -0.094272 1.052022 0.471450
v -0.061599 1.054558 0.454958
v -0.090119 1.051993 0.483902
v -0.054036 1.054567 0.465548
v -0.083385 1.051983 0.493329
v -0.043446 1.054553 0.473110
v -0.073958 1.051997 0.500064
v -0.030164 1.054518 0.477535
v -0.061505 1.052032 0.504218
v -0.014364 1.016616 0.474746
v 0.577362 1.016616 0.474746
v 0.577553 1.016252 0.478952
v -0.014554 1.016252 0.478952
v 0.592294 1.016616 0.473388
v 0.593162 1.016285 0.477535
v 0.604512 1.016616 0.469315
v 0.606445 1.016320 0.473110
v 0.614014 1.016617 0.462528
v 0.617034 1.016334 0.465548
v 0.620802 1.016616 0.453025
v 0.624597 1.016325 0.454958
v 0.624874 1.016616 0.440808
v 0.629022 1.016295 0.441676
v 0.626232 1.016616 0.425875
v 0.630439 1.016266 0.426066
v 0.626232 1.016616 -0.136405
v 0.630439 1.016266 -0.136596
v 0.624874 1.016616 -0.151338
v 0.629022 1.016295 -0.152206
v 0.620802 1.016616 -0.163555
v 0.624597 1.016325 -0.165488
v 0.614014 1.016617 -0.173058
v 0.617034 1.016334 -0.176078
v 0.604512 1.016616 -0.179845
v 0.606445 1.016320 -0.183640
v 0.592294 1.016616 -0.183918
v 0.593162 1.016285 -0.188065
v 0.587407 1.016616 -0.184362
v 0.577553 1.016252 -0.189482
v 0.577553 1.016252 -0.189482
v 0.567281 1.016616 -0.185276
v 0.380120 1.016616 -0.185276
v 0.182878 1.016616 -0.185276
v -0.004283 1.016616 -0.185276
v -0.014554 1.016252 -0.189482
v -0.024409 1.016616 -0.184362
v -0.029296 1.016616 -0.183918
v -0.030164 1.016285 -0.188065
v -0.041514 1.016616 -0.179845
v -0.043446 1.016320 -0.183640
v -0.051016 1.016617 -0.173058
v -0.054036 1.016334 -0.176078
v -0.057804 1.016616 -0.163555
v -0.061599 1.016325 -0.165488
v -0.061876 1.016616 -0.151338
v -0.066024 1.016295 -0.152206
v -0.063234 1.016616 -0.136405
v -0.067441 1.016266 -0.136596
v -0.063234 1.016616 0.425875
v -0.067441 1.016266 0.426066
v -0.061876 1.016616 0.440808
v -0.066024 1.016295 0.441676
v -0.057804 1.016616 0.453025
v -0.061599 1.016325 0.454958
v -0.051016 1.016616 0.462528
v -0.054036 1.016334 0.465548
v -0.041514 1.016616 0.469315
v -0.043446 1.016320 0.473110
v -0.029296 1.016616 0.473388
v -0.030164 1.016285 0.477535
v 0.608849 1.048323 0.509867
v -0.045851 1.048323 0.509867
v -0.045660 1.048688 0.505661
v 0.608658 1.048688 0.505661
v -0.062373 1.048323 0.508365
v -0.061505 1.048655 0.504218
v -0.075890 1.048323 0.503859
v -0.073958 1.048620 0.500064
v -0.086404 1.048323 0.496349
v -0.083385 1.048606 0.493329
v -0.093914 1.048323 0.485835
v -0.090119 1.048615 0.483902
v -0.098420 1.048323 0.472317
v -0.094272 1.048645 0.471450
v -0.099922 1.048323 0.455796
v -0.095715 1.048673 0.455605
v -0.099922 1.051876 -0.031973
v -0.095715 1.052226 -0.031973
v -0.095715 1.052226 -0.031973
v -0.099922 1.013468 -0.166326
v -0.098420 1.013468 -0.182847
v -0.094272 1.013789 -0.181980
v -0.095715 1.013818 -0.166135
v -0.093914 1.013468 -0.196365
v -0.090119 1.013760 -0.194432
v -0.086404 1.013468 -0.206879
v -0.083385 1.013750 -0.203859
v -0.075890 1.013468 -0.214389
v -0.073958 1.013764 -0.210594
v -0.062373 1.013468 -0.218895
v -0.061505 1.013799 -0.214748
v -0.045851 1.013468 -0.220397
v -0.045660 1.013832 -0.216191
v 0.608849 1.013468 -0.220397
v 0.608658 1.013832 -0.216191
v 0.625371 1.013468 -0.218895
v 0.624503 1.013799 -0.214748
v 0.638889 1.013468 -0.214389
v 0.636956 1.013764 -0.210594
v 0.649402 1.013468 -0.206879
v 0.646383 1.013750 -0.203859
v 0.656912 1.013468 -0.196365
v 0.653117 1.013760 -0.194432
v 0.661418 1.013468 -0.182847
v 0.657270 1.013789 -0.181980
v 0.662920 1.013468 -0.166326
v 0.658713 1.013818 -0.166135
v 0.662920 1.048323 -0.031973
v 0.658713 1.048673 -0.031973
v 0.662920 1.048323 0.455796
v 0.661418 1.048323 0.472317
v 0.657270 1.048645 0.471450
v 0.658713 1.048673 0.455605
v 0.656912 1.048323 0.485835
v 0.653117 1.048615 0.483902
v 0.649402 1.048323 0.496349
v 0.646383 1.048606 0.493329
v 0.638889 1.048323 0.503859
v 0.636956 1.048620 0.500064
v 0.625371 1.048323 0.508365
v 0.624503 1.048655 0.504218
v -0.014554 1.016252 0.478952
v 0.577553 1.016252 0.478952
v 0.577553 1.054485 0.478952
v -0.014554 1.054485 0.478952
v 0.593162 1.016285 0.477535
v 0.593162 1.054518 0.477535
v 0.606445 1.016320 0.473110
v 0.606445 1.054553 0.473110
v 0.617034 1.016334 0.465548
v 0.617034 1.054567 0.465548
v 0.617034 1.016334 0.465548
v 0.624597 1.016325 0.454958
v 0.624597 1.054557 0.454958
v 0.617034 1.054567 0.465548
v 0.629022 1.016295 0.441676
v 0.629022 1.054528 0.441676
v 0.630439 1.016266 0.426066
v 0.630439 1.054499 0.426066
v 0.630439 1.016266 -0.136596
v 0.630439 1.054499 -0.136596
v 0.629022 1.016295 -0.152206
v 0.629022 1.054528 -0.152206
v 0.624597 1.016325 -0.165488
v 0.624597 1.054558 -0.165488
v 0.617034 1.016334 -0.176078
v 0.617034 1.054567 -0.176078
v 0.617034 1.016334 -0.176078
v 0.606445 1.016320 -0.183640
v 0.606445 1.054553 -0.183640
v 0.617034 1.054567 -0.176078
v 0.593162 1.016285 -0.188065
v 0.593162 1.054518 -0.188065
v 0.577553 1.016252 -0.189482
v 0.577553 1.054485 -0.189482
v -0.014554 1.016252 -0.189482
v -0.014554 1.054485 -0.189482
v -0.030164 1.016285 -0.188065
v -0.030164 1.054518 -0.188065
v -0.043446 1.016320 -0.183640
v -0.043446 1.054553 -0.183640
v -0.054036 1.016334 -0.176078
v -0.054036 1.054567 -0.176078
v -0.054036 1.016334 -0.176078
v -0.061599 1.016325 -0.165488
v -0.061599 1.054557 -0.165488
v -0.054036 1.054567 -0.176078
v -0.066024 1.016295 -0.152206
v -0.066024 1.054528 -0.152206
v -0.067441 1.016266 -0.136596
v -0.067441 1.054499 -0.136596
v -0.067441 1.016266 0.426066
v -0.067441 1.054499 0.426066
v -0.066024 1.016295 0.441676
v -0.066024 1.054528 0.441676
v -0.061599 1.016325 0.454958
v -0.061599 1.054558 0.454958
v -0.054036 1.016334 0.465548
v -0.054036 1.054567 0.465548
v -0.054036 1.016334 0.465548
v -0.043446 1.016320 0.473110
v -0.043446 1.054553 0.473110
v -0.054036 1.054567 0.465548
v -0.030164 1.016285 0.477535
v -0.030164 1.054518 0.477535
v 0.608658 1.048688 0.505661
v -0.045660 1.048688 0.505661
v -0.045660 1.052065 0.505661
v 0.608658 1.052065 0.505661
v -0.061505 1.048655 0.504218
v -0.061505 1.052032 0.504218
v -0.073958 1.048620 0.500064
v -0.073958 1.051997 0.500064
v -0.083385 1.048606 0.493329
v -0.083385 1.051983 0.493329
v -0.083385 1.048606 0.493329
v -0.090119 1.048615 0.483902
v -0.090119 1.051993 0.483902
v -0.083385 1.051983 0.493329
v -0.094272 1.048645 0.471450
v -0.094272 1.052022 0.471450
v -0.095715 1.048673 0.455605
v -0.095715 1.052051 0.455605
v -0.095715 1.052051 -0.031973
v -0.095715 1.052226 -0.031973
v -0.095715 1.013818 -0.166135
v -0.094272 1.013789 -0.181980
v -0.094272 1.052022 -0.181980
v -0.095715 1.052051 -0.166135
v -0.090119 1.013760 -0.194432
v -0.090119 1.051993 -0.194432
v -0.083385 1.013750 -0.203859
v -0.083385 1.051983 -0.203859
v -0.083385 1.013750 -0.203859
v -0.073958 1.013764 -0.210594
v -0.073958 1.051997 -0.210594
v -0.083385 1.051983 -0.203859
v -0.061505 1.013799 -0.214748
v -0.061505 1.052032 -0.214748
v -0.045660 1.013832 -0.216191
v -0.045660 1.052065 -0.216191
v 0.608658 1.013832 -0.216191
v 0.608658 1.052065 -0.216191
v 0.624503 1.013799 -0.214748
v 0.624503 1.052032 -0.214748
v 0.636956 1.013764 -0.210594
v 0.636956 1.051997 -0.210594
v 0.646383 1.013750 -0.203859
v 0.646383 1.051983 -0.203859
v 0.646383 1.013750 -0.203859
v 0.653117 1.013760 -0.194432
v 0.653117 1.051993 -0.194432
v 0.646383 1.051983 -0.203859
v 0.657270 1.013789 -0.181980
v 0.657270 1.052022 -0.181980
v 0.658713 1.013818 -0.166135
v 0.658713 1.052051 -0.166135
v 0.658713 1.048673 -0.031973
v 0.658713 1.052051 -0.031973
v 0.658713 1.048673 0.455605
v 0.657270 1.048645 0.471450
v 0.657270 1.052022 0.471450
v 0.658713 1.052051 0.455605
v 0.653117 1.048615 0.483902
v 0.653117 1.051993 0.483902
v 0.646383 1.048606 0.493329
v 0.646383 1.051972 0.493329
v 0.646383 1.048606 0.493329
v 0.636956 1.048620 0.500064
v 0.636956 1.051986 0.500064
v 0.646383 1.051972 0.493329
v 0.624503 1.048655 0.504218
v 0.624503 1.052021 0.504218
v 0.664433 1.078933 0.457030
v 0.664433 1.078933 -0.031973
v 0.658713 1.048673 -0.031973
v -0.101435 1.078933 -0.167560
v -0.100889 1.055309 -0.167114
v -0.100679 1.047484 -0.157922
v -0.101435 1.078933 -0.031973
v -0.099922 1.051876 -0.031973
v -0.095715 1.052226 -0.031973
v 0.625371 1.048323 0.508365
v 0.638889 1.048323 0.503859
v 0.649402 1.048323 0.496349
v 0.663677 1.046201 -0.199338
v 0.662920 1.013468 -0.198721
v 0.661418 1.013468 -0.215243
v 0.662172 1.046200 -0.215893
v 0.656912 1.013468 -0.228761
v 0.657657 1.046201 -0.229437
v 0.649402 1.013468 -0.239275
v 0.650132 1.046201 -0.239972
v -0.062373 1.013468 -0.251291
v -0.063055 1.046200 -0.252012
v -0.075890 1.013468 -0.246785
v -0.076599 1.046201 -0.247497
v -0.086404 1.013468 -0.239275
v -0.087134 1.046201 -0.239972
v -0.098420 1.048323 0.472317
v -0.093914 1.048323 0.485835
v -0.086404 1.048323 0.496349
v -0.047149 1.078933 0.511315
v 0.610147 1.078933 -0.221845
v 0.609536 1.055309 -0.221329
v -0.063737 1.078933 0.509807
v -0.077308 1.078933 0.505284
v -0.087864 1.078933 0.497744
v 0.662925 1.078933 0.473617
v 0.658401 1.078933 0.487188
v 0.650862 1.078933 0.497744
v 0.626735 1.078933 -0.220337
v 0.626161 1.055308 -0.219834
v 0.640306 1.078933 -0.215814
v 0.639769 1.055308 -0.215312
v 0.650862 1.078933 -0.208274
v 0.650352 1.055307 -0.207754
v -0.099927 1.078933 -0.184147
v -0.099399 1.055308 -0.183605
v -0.095403 1.078933 -0.197718
v -0.094875 1.055308 -0.197212
v -0.087864 1.078933 -0.208274
v -0.087315 1.055307 -0.207792
v -0.100468 1.037093 -0.166771
v -0.099922 1.013468 -0.166326
v 0.663677 1.046201 -0.176054
v 0.661418 1.013468 -0.215243
v 0.662920 1.013468 -0.198721
v 0.656912 1.013468 -0.228761
v 0.649402 1.013468 -0.239275
v 0.638889 1.013468 -0.246785
v 0.625371 1.013468 -0.251291
v 0.608849 1.013468 -0.252793
v -0.045851 1.013468 -0.252793
v -0.062373 1.013468 -0.251291
v -0.075890 1.013468 -0.246785
v -0.086404 1.013468 -0.239275
v -0.093914 1.013468 -0.228761
v -0.098420 1.013468 -0.215243
v -0.099922 1.013468 -0.198721
v -0.100679 1.046201 -0.176054
v -0.100679 1.046200 -0.183812
v -0.099174 1.046200 -0.215893
v -0.100679 1.046201 -0.199338
v -0.100679 1.046201 -0.176054
v -0.099174 1.046200 -0.199341
v -0.094659 1.046201 -0.229437
v -0.093665 1.046201 -0.214108
v -0.087134 1.046201 -0.239972
v -0.080780 1.046201 -0.223312
v -0.076599 1.046201 -0.247497
v -0.064933 1.046200 -0.228594
v -0.063055 1.046200 -0.252012
v -0.047325 1.046201 -0.230195
v -0.046500 1.046201 -0.253517
v 0.609498 1.046201 -0.230232
v 0.609498 1.046201 -0.253517
v 0.627931 1.046200 -0.228594
v 0.626053 1.046200 -0.252012
v 0.643778 1.046201 -0.223312
v 0.639597 1.046201 -0.247497
v 0.656664 1.046201 -0.214108
v 0.650132 1.046201 -0.239972
v 0.662172 1.046201 -0.199341
v 0.657657 1.046201 -0.229437
v 0.663677 1.046200 -0.183812
v 0.662172 1.046200 -0.215893
v 0.663677 1.046201 -0.176054
v 0.663677 1.046201 -0.199338
v 0.663729 1.048478 -0.169263
v -0.100772 1.050249 -0.168031
v -0.100731 1.048478 -0.169263
v -0.100825 1.052526 -0.167315
v 0.663770 1.050249 -0.168031
v 0.663823 1.052526 -0.167315
v 0.663700 1.047213 -0.171011
v 0.663682 1.046453 -0.173275
v -0.100702 1.047213 -0.171011
v -0.100684 1.046453 -0.173275
v 0.662375 1.052525 -0.183554
v 0.662442 1.050248 -0.183563
v 0.662606 1.048477 -0.183593
v 0.657948 1.052525 -0.197192
v 0.658265 1.050248 -0.197353
v 0.658845 1.048477 -0.197648
v 0.650466 1.052525 -0.207881
v 0.650955 1.050248 -0.208381
v 0.651820 1.048477 -0.209254
v -0.046537 1.052526 -0.221518
v -0.063156 1.052525 -0.220022
v -0.046601 1.050249 -0.222222
v -0.063295 1.050248 -0.220714
v -0.046711 1.048478 -0.223442
v -0.063542 1.048477 -0.221917
v -0.076804 1.052525 -0.215492
v -0.077121 1.050248 -0.216117
v -0.077676 1.048477 -0.217212
v -0.087441 1.052525 -0.207908
v -0.087940 1.050248 -0.208398
v -0.088812 1.048477 -0.209263
v 0.609524 1.052526 -0.221519
v 0.609515 1.050249 -0.222226
v 0.609508 1.048478 -0.223451
v 0.626180 1.052525 -0.220017
v 0.626310 1.050248 -0.220710
v 0.626549 1.048477 -0.221915
v 0.639833 1.052525 -0.215476
v 0.640138 1.050248 -0.216107
v 0.640686 1.048477 -0.217207
v 0.650466 1.052525 -0.207881
v 0.650955 1.050248 -0.208381
v 0.651820 1.048477 -0.209254
v -0.099372 1.052525 -0.183581
v -0.099441 1.050248 -0.183580
v -0.099606 1.048477 -0.183603
v -0.094934 1.052525 -0.197224
v -0.095257 1.050248 -0.197373
v -0.095842 1.048477 -0.197659
v -0.087441 1.052525 -0.207908
v -0.087940 1.050248 -0.208398
v -0.088812 1.048477 -0.209263
v -0.100679 1.046200 -0.183812
v -0.100225 1.046453 -0.183719
v -0.099867 1.047212 -0.183649
v -0.100225 1.046453 -0.183719
v -0.097800 1.046453 -0.198643
v -0.097800 1.046453 -0.198643
v -0.096689 1.047212 -0.198082
v -0.091675 1.046454 -0.212118
v -0.096689 1.047212 -0.198082
v -0.090057 1.047213 -0.210503
v -0.090057 1.047213 -0.210503
v -0.079506 1.046454 -0.220809
v -0.078472 1.047213 -0.218776
v -0.088812 1.048477 -0.209263
v -0.077676 1.048477 -0.217212
v -0.064361 1.046453 -0.225857
v -0.063897 1.047212 -0.223632
v -0.063542 1.048477 -0.221917
v -0.047073 1.046453 -0.227428
v -0.046869 1.047213 -0.225177
v -0.046869 1.047213 -0.225177
v -0.063897 1.047212 -0.223632
v 0.609499 1.046453 -0.227454
v 0.609502 1.047213 -0.225194
v 0.609502 1.047213 -0.225194
v 0.627360 1.046453 -0.225857
v 0.626899 1.047212 -0.223631
v 0.626899 1.047212 -0.223631
v 0.642506 1.046453 -0.220809
v 0.641475 1.047212 -0.218774
v 0.626549 1.048477 -0.221915
v 0.640686 1.048477 -0.217207
v 0.654674 1.046454 -0.212117
v 0.653059 1.047213 -0.210499
v 0.651820 1.048477 -0.209254
v 0.660799 1.046453 -0.198642
v 0.659690 1.047212 -0.198077
v 0.659690 1.047212 -0.198077
v 0.653059 1.047213 -0.210499
v 0.663223 1.046453 -0.183718
v 0.663223 1.046453 -0.183718
v 0.660799 1.046453 -0.198642
v 0.662866 1.047212 -0.183645
v 0.663677 1.046200 -0.183812
v 0.097701 0.000000 -0.162783
v 0.088163 0.691319 -0.173866
v 0.117525 0.681629 -0.173859
v 0.127871 0.000000 -0.162783
v 0.567276 1.016616 -0.206728
v 0.557539 0.724067 -0.195917
v 0.533986 0.724824 -0.195837
v 0.380120 1.016616 -0.206728
v 0.501138 0.719963 -0.195841
v 0.469204 0.710669 -0.195840
v 0.436020 0.699732 -0.195832
v 0.402535 0.674599 -0.195792
v 0.182878 1.016616 -0.206728
v 0.160463 0.674599 -0.195792
v -0.004278 1.016616 -0.206728
v 0.126979 0.699732 -0.195832
v 0.094134 0.710564 -0.195839
v 0.061860 0.719963 -0.195841
v 0.029012 0.724824 -0.195837
v 0.005459 0.724067 -0.195917
v 0.495468 0.000000 -0.162783
v 0.465297 0.000000 -0.162783
v 0.475176 0.691425 -0.173867
v 0.505449 0.700229 -0.173869
v 0.404956 0.000000 -0.162783
v 0.383479 0.000000 -0.162783
v 0.386819 0.625202 -0.173860
v 0.416410 0.659814 -0.173845
v 0.435127 0.000000 -0.162783
v 0.445473 0.681629 -0.173859
v 0.525638 0.000000 -0.162783
v 0.535148 0.704623 -0.173870
v 0.027850 0.704623 -0.173870
v 0.037360 0.000000 -0.162783
v 0.057549 0.700229 -0.173869
v 0.067530 0.000000 -0.162783
v 0.176179 0.625202 -0.173860
v 0.179520 0.000000 -0.162783
v 0.158042 0.000000 -0.162783
v 0.146588 0.659814 -0.173845
v -0.004283 1.016616 -0.185276
v 0.182878 1.016616 -0.185276
v 0.182878 1.016616 -0.206728
v -0.004278 1.016616 -0.206728
v -0.007359 1.016616 -0.206448
v -0.009881 1.016616 -0.205607
v -0.011842 1.016616 -0.204206
v -0.013243 1.016616 -0.202245
v -0.014083 1.016616 -0.199723
v -0.014364 1.016616 -0.196641
v -0.014364 1.016616 -0.195363
v 0.380120 1.016616 -0.185276
v 0.380120 1.016616 -0.206728
v 0.567281 1.016616 -0.185276
v 0.577362 1.016616 -0.195363
v 0.577362 1.016616 -0.196641
v 0.577081 1.016616 -0.199723
v 0.576241 1.016616 -0.202245
v 0.574840 1.016616 -0.204206
v 0.572879 1.016616 -0.205607
v 0.570358 1.016616 -0.206448
v 0.567276 1.016616 -0.206728
v 0.567279 0.713679 -0.184096
v 0.567279 0.713679 -0.185401
v 0.577362 1.016616 -0.196641
v 0.577362 1.016616 -0.195363
v 0.534567 0.714726 -0.184109
v 0.534567 0.714726 -0.185401
v 0.567279 0.713679 -0.185401
v 0.567279 0.713679 -0.184096
v 0.503293 0.710099 -0.184109
v 0.503293 0.710099 -0.185401
v 0.472019 0.700997 -0.184109
v 0.472019 0.700997 -0.185401
v 0.440745 0.690682 -0.184109
v 0.440745 0.690682 -0.185401
v 0.409471 0.667208 -0.184109
v 0.409471 0.667207 -0.185401
v 0.440745 0.690682 -0.185401
v 0.440745 0.690682 -0.184109
v 0.376765 0.628961 -0.184109
v 0.376766 0.628965 -0.185403
v 0.373398 0.000000 -0.172865
v 0.373398 0.000000 -0.174153
v 0.363318 0.000000 -0.162783
v 0.199680 0.000000 -0.162783
v 0.189600 0.000000 -0.172865
v 0.189600 0.000000 -0.174153
v 0.189880 0.000000 -0.177234
v 0.190720 0.000000 -0.179754
v 0.192120 0.000000 -0.181715
v 0.194080 0.000000 -0.183115
v 0.196600 0.000000 -0.183955
v 0.199680 0.000000 -0.184235
v 0.363318 0.000000 -0.184235
v 0.366398 0.000000 -0.183955
v 0.368918 0.000000 -0.183115
v 0.370878 0.000000 -0.181715
v 0.372278 0.000000 -0.179754
v 0.373118 0.000000 -0.177234
v 0.373398 0.000000 -0.174153
v 0.373398 0.000000 -0.172865
v 0.186246 0.628927 -0.184108
v 0.186239 0.628946 -0.185401
v 0.189600 0.000000 -0.174153
v 0.189600 0.000000 -0.172865
v 0.153527 0.667207 -0.184109
v 0.153527 0.667207 -0.185401
v 0.122253 0.690682 -0.184109
v 0.122253 0.690682 -0.185401
v 0.090979 0.700997 -0.184109
v 0.090979 0.700997 -0.185401
v 0.122253 0.690682 -0.185401
v 0.122253 0.690682 -0.184109
v 0.059705 0.710099 -0.184109
v 0.059705 0.710099 -0.185401
v 0.028431 0.714726 -0.184109
v 0.028431 0.714726 -0.185401
v -0.004281 0.713679 -0.184109
v -0.004281 0.713679 -0.185415
v -0.014364 1.016616 -0.195363
v -0.014364 1.016616 -0.196641
v -0.004281 0.713679 -0.185415
v -0.004281 0.713679 -0.184109
v 0.196600 0.000000 -0.183955
v 0.192670 0.631339 -0.195345
v 0.194080 0.000000 -0.183115
v 0.189970 0.630334 -0.194656
v 0.192120 0.000000 -0.181715
v 0.188199 0.629675 -0.193543
v 0.369767 0.631549 -0.195289
v 0.366398 0.000000 -0.183955
v 0.372280 0.630615 -0.194416
v 0.368918 0.000000 -0.183115
v 0.374240 0.629889 -0.192988
v 0.370878 0.000000 -0.181715
v 0.570358 1.016616 -0.206448
v 0.560515 0.720893 -0.195504
v 0.572879 1.016616 -0.205607
v 0.562950 0.718296 -0.194555
v 0.574840 1.016616 -0.204206
v 0.564844 0.716276 -0.193070
v 0.534163 0.721738 -0.195449
v 0.534309 0.719214 -0.194520
v 0.534422 0.717250 -0.193050
v 0.501796 0.716949 -0.195451
v 0.502335 0.714483 -0.194521
v 0.502754 0.712565 -0.193051
v 0.470064 0.707714 -0.195450
v 0.470768 0.705296 -0.194521
v 0.471315 0.703415 -0.193051
v 0.437464 0.696967 -0.195445
v 0.438645 0.694704 -0.194517
v 0.439564 0.692945 -0.193049
v 0.404654 0.672340 -0.195417
v 0.406388 0.670492 -0.194499
v 0.407737 0.669055 -0.193039
v 0.002483 0.720893 -0.195504
v -0.007359 1.016616 -0.206448
v 0.000048 0.718296 -0.194557
v -0.009881 1.016616 -0.205607
v -0.001846 0.716276 -0.193074
v -0.011842 1.016616 -0.204206
v 0.158344 0.672340 -0.195417
v 0.156610 0.670492 -0.194499
v 0.155261 0.669055 -0.193039
v 0.125535 0.696967 -0.195445
v 0.124353 0.694704 -0.194517
v 0.123434 0.692945 -0.193049
v 0.093170 0.707640 -0.195449
v 0.092381 0.705249 -0.194520
v 0.091768 0.703388 -0.193051
v 0.061202 0.716949 -0.195451
v 0.060663 0.714483 -0.194521
v 0.060244 0.712565 -0.193051
v 0.028835 0.721738 -0.195449
v 0.028690 0.719214 -0.194520
v 0.028577 0.717250 -0.193050
v 0.567008 0.713968 -0.188494
v 0.577081 1.016616 -0.199723
v 0.566197 0.714834 -0.191050
v 0.576241 1.016616 -0.202245
v 0.564844 0.716276 -0.193070
v 0.574840 1.016616 -0.204206
v 0.534551 0.715006 -0.188491
v 0.567008 0.713968 -0.188494
v 0.534502 0.715848 -0.191041
v 0.566197 0.714834 -0.191050
v 0.566197 0.714834 -0.191050
v 0.534502 0.715848 -0.191041
v 0.503233 0.710373 -0.188491
v 0.503053 0.711195 -0.191041
v 0.503053 0.711195 -0.191041
v 0.471941 0.701265 -0.188491
v 0.471706 0.702071 -0.191041
v 0.471706 0.702071 -0.191041
v 0.440614 0.690934 -0.188491
v 0.440220 0.691688 -0.191040
v 0.440220 0.691688 -0.191040
v 0.409279 0.667413 -0.188490
v 0.440614 0.690934 -0.188491
v 0.408701 0.668029 -0.191036
v 0.440220 0.691688 -0.191040
v 0.408701 0.668029 -0.191036
v 0.376484 0.629063 -0.188480
v 0.375642 0.629371 -0.191008
v 0.374240 0.629889 -0.192988
v 0.407737 0.669055 -0.193039
v 0.373118 0.000000 -0.177234
v 0.372278 0.000000 -0.179754
v 0.370878 0.000000 -0.181715
v 0.186457 0.629027 -0.189041
v 0.189880 0.000000 -0.177234
v 0.187110 0.629270 -0.191755
v 0.190720 0.000000 -0.179754
v 0.188199 0.629675 -0.193543
v 0.192120 0.000000 -0.181715
v 0.153719 0.667413 -0.188490
v 0.154298 0.668029 -0.191036
v 0.155261 0.669055 -0.193039
v 0.122384 0.690934 -0.188491
v 0.122778 0.691688 -0.191040
v 0.154298 0.668029 -0.191036
v 0.122778 0.691688 -0.191040
v 0.091067 0.701262 -0.188491
v 0.122384 0.690934 -0.188491
v 0.091330 0.702060 -0.191041
v 0.122778 0.691688 -0.191040
v 0.091330 0.702060 -0.191041
v 0.059765 0.710373 -0.188491
v 0.059945 0.711195 -0.191041
v 0.059945 0.711195 -0.191041
v 0.028448 0.715006 -0.188491
v 0.028496 0.715848 -0.191041
v 0.028496 0.715848 -0.191041
v -0.004010 0.713968 -0.188503
v -0.003199 0.714834 -0.191056
v -0.003199 0.714834 -0.191056
v -0.014083 1.016616 -0.199723
v -0.004010 0.713968 -0.188503
v -0.013243 1.016616 -0.202245
v -0.003199 0.714834 -0.191056
v -0.011842 1.016616 -0.204206
v -0.001846 0.716276 -0.193074
v 0.185120 0.000000 -0.163903
v 0.187080 0.000000 -0.165303
v 0.182600 0.000000 -0.163063
v 0.179520 0.000000 -0.162783
v 0.375918 0.000000 -0.165303
v 0.377878 0.000000 -0.163903
v 0.380398 0.000000 -0.163063
v 0.383479 0.000000 -0.162783
v 0.581826 1.016616 -0.185990
v 0.579873 1.016616 -0.187569
v 0.584337 1.016616 -0.184922
v -0.016875 1.016616 -0.187569
v -0.018828 1.016616 -0.185990
v -0.021339 1.016616 -0.184922
v -0.015480 1.016616 -0.189657
v -0.016875 1.016616 -0.187569
v -0.014643 1.016616 -0.192255
v 0.579873 1.016616 -0.187569
v 0.578478 1.016616 -0.189657
v 0.577641 1.016616 -0.192255
v 0.374518 0.000000 -0.167264
v 0.373678 0.000000 -0.169784
v 0.188480 0.000000 -0.167264
v 0.189320 0.000000 -0.169784
v 0.574036 0.706457 -0.174374
v 0.584337 1.016616 -0.184922
v 0.571604 0.709057 -0.175189
v 0.581826 1.016616 -0.185990
v 0.569712 0.711079 -0.176569
v 0.579873 1.016616 -0.187569
v -0.021339 1.016616 -0.184922
v -0.011038 0.706457 -0.174374
v -0.018828 1.016616 -0.185990
v -0.008606 0.709057 -0.175191
v -0.016875 1.016616 -0.187569
v -0.006714 0.711079 -0.176573
v 0.089023 0.694276 -0.174196
v 0.118970 0.684395 -0.174191
v 0.089727 0.696696 -0.175077
v 0.120152 0.686659 -0.175074
v 0.090275 0.698577 -0.176509
v 0.121071 0.688419 -0.176507
v 0.474211 0.694350 -0.174197
v 0.504790 0.703245 -0.174198
v 0.473422 0.696743 -0.175077
v 0.504251 0.705712 -0.175078
v 0.472808 0.698604 -0.176509
v 0.503832 0.707631 -0.176509
v 0.380398 0.000000 -0.163063
v 0.383745 0.626347 -0.174191
v 0.377878 0.000000 -0.163903
v 0.381231 0.627284 -0.175074
v 0.375918 0.000000 -0.165303
v 0.379275 0.628014 -0.176507
v 0.414290 0.662073 -0.174182
v 0.412555 0.663921 -0.175067
v 0.411206 0.665359 -0.176503
v 0.444028 0.684395 -0.174191
v 0.442846 0.686659 -0.175074
v 0.441927 0.688419 -0.176507
v 0.534970 0.707710 -0.174198
v 0.534825 0.710236 -0.175078
v 0.534712 0.712200 -0.176509
v 0.028028 0.707710 -0.174198
v 0.028173 0.710236 -0.175078
v 0.028286 0.712200 -0.176509
v 0.058208 0.703245 -0.174198
v 0.058747 0.705712 -0.175078
v 0.059166 0.707631 -0.176509
v 0.148708 0.662073 -0.174182
v 0.179253 0.626346 -0.174191
v 0.150443 0.663921 -0.175067
v 0.181769 0.627280 -0.175074
v 0.151792 0.665359 -0.176503
v 0.183726 0.628005 -0.176506
v 0.182600 0.000000 -0.163063
v 0.185120 0.000000 -0.163903
v 0.187080 0.000000 -0.165303
v 0.577641 1.016616 -0.192255
v 0.567549 0.713390 -0.181022
v 0.578478 1.016616 -0.189657
v 0.568360 0.712524 -0.178514
v 0.579873 1.016616 -0.187569
v 0.569712 0.711079 -0.176569
v 0.567549 0.713390 -0.181022
v 0.534583 0.714445 -0.181025
v 0.568360 0.712524 -0.178514
v 0.534631 0.713603 -0.178492
v 0.534631 0.713603 -0.178492
v 0.568360 0.712524 -0.178514
v 0.503353 0.709825 -0.181025
v 0.503532 0.709002 -0.178491
v 0.503532 0.709002 -0.178491
v 0.472107 0.700731 -0.181025
v 0.472370 0.699933 -0.178491
v 0.472370 0.699933 -0.178491
v 0.440877 0.690431 -0.181025
v 0.441270 0.689676 -0.178490
v 0.441270 0.689676 -0.178490
v 0.440877 0.690431 -0.181025
v 0.409664 0.667003 -0.181024
v 0.441270 0.689676 -0.178490
v 0.410242 0.666386 -0.178489
v 0.410242 0.666386 -0.178489
v 0.377042 0.628852 -0.181025
v 0.377879 0.628537 -0.178490
v 0.411206 0.665359 -0.176503
v 0.379275 0.628014 -0.176507
v 0.373678 0.000000 -0.169784
v 0.374518 0.000000 -0.167264
v 0.375918 0.000000 -0.165303
v 0.189320 0.000000 -0.169784
v 0.185965 0.628829 -0.181023
v 0.188480 0.000000 -0.167264
v 0.185124 0.628521 -0.178490
v 0.187080 0.000000 -0.165303
v 0.183726 0.628005 -0.176506
v 0.153334 0.667002 -0.181024
v 0.152756 0.666386 -0.178489
v 0.151792 0.665359 -0.176503
v 0.122122 0.690431 -0.181025
v 0.121728 0.689676 -0.178490
v 0.121728 0.689676 -0.178490
v 0.152756 0.666386 -0.178489
v 0.122122 0.690431 -0.181025
v 0.090901 0.700728 -0.181025
v 0.121728 0.689676 -0.178490
v 0.090666 0.699921 -0.178491
v 0.090666 0.699921 -0.178491
v 0.059645 0.709824 -0.181025
v 0.059466 0.709002 -0.178491
v 0.059466 0.709002 -0.178491
v 0.028415 0.714445 -0.181025
v 0.028367 0.713603 -0.178492
v 0.028367 0.713603 -0.178492
v -0.004551 0.713390 -0.181032
v -0.005362 0.712524 -0.178520
v -0.005362 0.712524 -0.178520
v -0.004551 0.713390 -0.181032
v -0.014643 1.016616 -0.192255
v -0.005362 0.712524 -0.178520
v -0.015480 1.016616 -0.189657
v -0.006714 0.711079 -0.176573
v -0.016875 1.016616 -0.187569
v 0.005802 -0.000000 0.452253
v -0.008113 -0.000000 0.450988
v -0.002702 -0.000000 0.425120
v 0.006993 -0.000000 0.426001
v -0.019498 -0.000000 0.447193
v -0.007452 -0.000000 0.423537
v -0.028353 -0.000000 0.440868
v -0.009534 -0.000000 0.422049
v -0.034678 -0.000000 0.432013
v -0.011021 -0.000000 0.419967
v -0.038473 -0.000000 0.420628
v -0.012605 -0.000000 0.415217
v -0.039738 -0.000000 0.406713
v -0.013486 -0.000000 0.405523
v -0.039738 0.000000 -0.117243
v -0.013486 0.000000 -0.116053
v -0.038473 0.000000 -0.131158
v -0.012605 0.000000 -0.125747
v -0.034678 0.000000 -0.142543
v -0.011021 0.000000 -0.130497
v -0.028353 0.000000 -0.151398
v -0.009534 0.000000 -0.132579
v -0.019498 0.000000 -0.157723
v -0.007452 0.000000 -0.134067
v -0.008113 0.000000 -0.161518
v -0.002702 0.000000 -0.135650
v 0.005802 0.000000 -0.162783
v 0.006993 0.000000 -0.136531
v 0.037360 0.000000 -0.162783
v 0.037360 0.000000 -0.136531
v 0.067530 0.000000 -0.162783
v 0.067530 0.000000 -0.136531
v 0.097701 0.000000 -0.162783
v 0.097701 0.000000 -0.136531
v 0.127871 0.000000 -0.162783
v 0.127871 0.000000 -0.136531
v 0.158042 0.000000 -0.162783
v 0.158042 0.000000 -0.136531
v 0.179520 0.000000 -0.136531
v 0.199680 0.000000 -0.136531
v 0.363318 0.000000 -0.136531
v 0.383479 0.000000 -0.136531
v 0.404956 0.000000 -0.162783
v 0.404956 0.000000 -0.136531
v 0.435127 0.000000 -0.162783
v 0.435127 0.000000 -0.136531
v 0.465297 0.000000 -0.162783
v 0.465297 0.000000 -0.136531
v 0.495468 0.000000 -0.162783
v 0.495468 0.000000 -0.136531
v 0.525638 0.000000 -0.162783
v 0.525638 0.000000 -0.136531
v 0.557196 0.000000 -0.162783
v 0.556006 0.000000 -0.136531
v 0.571111 0.000000 -0.161518
v 0.565700 0.000000 -0.135650
v 0.582496 0.000000 -0.157723
v 0.570450 0.000000 -0.134067
v 0.591351 0.000000 -0.151398
v 0.572532 0.000000 -0.132579
v 0.597676 0.000000 -0.142543
v 0.574020 0.000000 -0.130497
v 0.601471 0.000000 -0.131158
v 0.575603 0.000000 -0.125747
v 0.602736 0.000000 -0.117243
v 0.576484 0.000000 -0.116053
v 0.602736 -0.000000 0.406713
v 0.576484 -0.000000 0.405523
v 0.601471 -0.000000 0.420628
v 0.575603 -0.000000 0.415217
v 0.597676 -0.000000 0.432013
v 0.574020 -0.000000 0.419967
v 0.591351 -0.000000 0.440868
v 0.572532 -0.000000 0.422049
v 0.582496 -0.000000 0.447193
v 0.570450 -0.000000 0.423537
v 0.571111 -0.000000 0.450988
v 0.565700 -0.000000 0.425120
v 0.557196 -0.000000 0.452253
v 0.556006 -0.000000 0.426001
v 0.006993 -0.000000 0.426001
v -0.002702 -0.000000 0.425120
v -0.002702 0.035060 0.425120
v -0.002702 0.035060 0.425120
v 0.006993 0.035060 0.426001
v 0.006993 -0.000000 0.426001
v -0.002702 -0.000000 0.425120
v -0.007452 -0.000000 0.423537
v -0.007452 0.035060 0.423537
v -0.007452 0.035060 0.423537
v -0.002702 0.035060 0.425120
v -0.002702 -0.000000 0.425120
v -0.007452 -0.000000 0.423537
v -0.009534 -0.000000 0.422049
v -0.009534 0.035060 0.422049
v -0.007452 0.035060 0.423537
v -0.009534 -0.000000 0.422049
v -0.011021 -0.000000 0.419967
v -0.011021 0.035060 0.419967
v -0.011021 0.035060 0.419967
v -0.009534 0.035060 0.422049
v -0.009534 -0.000000 0.422049
v -0.011021 -0.000000 0.419967
v -0.012605 -0.000000 0.415217
v -0.012605 0.035060 0.415217
v -0.012605 0.035060 0.415217
v -0.011021 0.035060 0.419967
v -0.011021 -0.000000 0.419967
v -0.012605 -0.000000 0.415217
v -0.013486 -0.000000 0.405523
v -0.013486 0.035060 0.405523
v -0.013486 0.035060 0.405523
v -0.012605 0.035060 0.415217
v -0.012605 -0.000000 0.415217
v -0.013486 -0.000000 0.405523
v -0.013486 0.000000 -0.116053
v -0.013486 0.035060 -0.116053
v -0.013486 0.035060 0.405523
v -0.013486 0.000000 -0.116053
v -0.012605 0.000000 -0.125747
v -0.012605 0.035060 -0.125747
v -0.012605 0.035060 -0.125747
v -0.013486 0.035060 -0.116053
v -0.013486 0.000000 -0.116053
v -0.012605 0.000000 -0.125747
v -0.011021 0.000000 -0.130497
v -0.011021 0.035060 -0.130497
v -0.011021 0.035060 -0.130497
v -0.012605 0.035060 -0.125747
v -0.012605 0.000000 -0.125747
v -0.011021 0.000000 -0.130497
v -0.009534 0.000000 -0.132579
v -0.009534 0.035060 -0.132579
v -0.011021 0.035060 -0.130497
v -0.009534 0.000000 -0.132579
v -0.007452 0.000000 -0.134067
v -0.007452 0.035060 -0.134067
v -0.009534 0.035060 -0.132579
v -0.007452 0.000000 -0.134067
v -0.002702 0.000000 -0.135650
v -0.002702 0.035060 -0.135650
v -0.002702 0.035060 -0.135650
v -0.007452 0.035060 -0.134067
v -0.007452 0.000000 -0.134067
v -0.002702 0.000000 -0.135650
v 0.006993 0.000000 -0.136531
v 0.006993 0.035060 -0.136531
v 0.006993 0.035060 -0.136531
v -0.002702 0.035060 -0.135650
v -0.002702 0.000000 -0.135650
v 0.006993 0.000000 -0.136531
v 0.037360 0.000000 -0.136531
v 0.037360 0.035060 -0.136531
v 0.006993 0.035060 -0.136531
v 0.067530 0.000000 -0.136531
v 0.067530 0.035060 -0.136531
v 0.097701 0.000000 -0.136531
v 0.097701 0.035060 -0.136531
v 0.127871 0.000000 -0.136531
v 0.127871 0.035060 -0.136531
v 0.158042 0.000000 -0.136531
v 0.158042 0.035060 -0.136531
v 0.179520 0.000000 -0.136531
v 0.179520 0.035060 -0.136531
v 0.199680 0.000000 -0.136531
v 0.199680 0.035060 -0.136531
v 0.363318 0.000000 -0.136531
v 0.363318 0.035060 -0.136531
v 0.383479 0.000000 -0.136531
v 0.383479 0.035060 -0.136531
v 0.404956 0.000000 -0.136531
v 0.404956 0.035060 -0.136531
v 0.435127 0.000000 -0.136531
v 0.435127 0.035060 -0.136531
v 0.465297 0.000000 -0.136531
v 0.465297 0.035060 -0.136531
v 0.495468 0.000000 -0.136531
v 0.495468 0.035060 -0.136531
v 0.525638 0.000000 -0.136531
v 0.525638 0.035060 -0.136531
v 0.556006 0.000000 -0.136531
v 0.556006 0.035060 -0.136531
v 0.556006 0.000000 -0.136531
v 0.565700 0.000000 -0.135650
v 0.565700 0.035060 -0.135650
v 0.565700 0.035060 -0.135650
v 0.556006 0.035060 -0.136531
v 0.556006 0.000000 -0.136531
v 0.565700 0.000000 -0.135650
v 0.570450 0.000000 -0.134067
v 0.570450 0.035060 -0.134067
v 0.570450 0.035060 -0.134067
v 0.565700 0.035060 -0.135650
v 0.565700 0.000000 -0.135650
v 0.570450 0.000000 -0.134067
v 0.572532 0.000000 -0.132579
v 0.572532 0.035060 -0.132579
v 0.570450 0.035060 -0.134067
v 0.572532 0.000000 -0.132579
v 0.574020 0.000000 -0.130497
v 0.574020 0.035060 -0.130497
v 0.572532 0.035060 -0.132579
v 0.574020 0.000000 -0.130497
v 0.575603 0.000000 -0.125747
v 0.575603 0.035060 -0.125747
v 0.575603 0.035060 -0.125747
v 0.574020 0.035060 -0.130497
v 0.574020 0.000000 -0.130497
v 0.575603 0.000000 -0.125747
v 0.576484 0.000000 -0.116053
v 0.576484 0.035060 -0.116053
v 0.576484 0.035060 -0.116053
v 0.575603 0.035060 -0.125747
v 0.575603 0.000000 -0.125747
v 0.576484 0.000000 -0.116053
v 0.576484 -0.000000 0.405523
v 0.576484 0.035060 0.405523
v 0.576484 0.035060 -0.116053
v 0.576484 -0.000000 0.405523
v 0.575603 -0.000000 0.415217
v 0.575603 0.035060 0.415217
v 0.575603 0.035060 0.415217
v 0.576484 0.035060 0.405523
v 0.576484 -0.000000 0.405523
v 0.575603 -0.000000 0.415217
v 0.574020 -0.000000 0.419967
v 0.574020 0.035060 0.419967
v 0.574020 0.035060 0.419967
v 0.575603 0.035060 0.415217
v 0.575603 -0.000000 0.415217
v 0.574020 -0.000000 0.419967
v 0.572532 -0.000000 0.422049
v 0.572532 0.035060 0.422049
v 0.572532 0.035060 0.422049
v 0.574020 0.035060 0.419967
v 0.574020 -0.000000 0.419967
v 0.572532 -0.000000 0.422049
v 0.570450 -0.000000 0.423537
v 0.570450 0.035060 0.423537
v 0.572532 0.035060 0.422049
v 0.570450 -0.000000 0.423537
v 0.565700 -0.000000 0.425120
v 0.565700 0.035060 0.425120
v 0.565700 0.035060 0.425120
v 0.570450 0.035060 0.423537
v 0.570450 -0.000000 0.423537
v 0.565700 -0.000000 0.425120
v 0.556006 -0.000000 0.426001
v 0.556006 0.035060 0.426001
v 0.556006 0.035060 0.426001
v 0.565700 0.035060 0.425120
v 0.565700 -0.000000 0.425120
v 0.556006 -0.000000 0.426001
v 0.006993 -0.000000 0.426001
v 0.006993 0.035060 0.426001
v 0.556006 0.035060 0.426001
v 0.528823 1.123691 0.489435
v 0.543411 1.123691 0.489435
v 0.543411 1.114304 0.491090
v 0.528823 1.114304 0.491090
v 0.543411 1.123691 0.489435
v 0.543411 1.123691 0.497018
v 0.543411 1.116897 0.498216
v 0.543411 1.114304 0.491090
v 0.543411 1.123691 0.497018
v 0.528823 1.123691 0.497018
v 0.528823 1.116897 0.498216
v 0.543411 1.116897 0.498216
v 0.528823 1.123691 0.497018
v 0.528823 1.123691 0.489435
v 0.528823 1.114304 0.491090
v 0.528823 1.116897 0.498216
v 0.543411 1.106048 0.495857
v 0.528823 1.106048 0.495857
v 0.543411 1.110922 0.501665
v 0.543411 1.106048 0.495857
v 0.528823 1.110922 0.501665
v 0.543411 1.110922 0.501665
v 0.528823 1.106048 0.495857
v 0.528823 1.110922 0.501665
v 0.528823 1.059419 0.495857
v 0.543411 1.059419 0.495857
v 0.543411 1.053291 0.503159
v 0.528823 1.053291 0.503159
v 0.543411 1.106488 0.506951
v 0.543411 1.099920 0.503159
v 0.528823 1.106488 0.506951
v 0.543411 1.106488 0.506951
v 0.528823 1.099920 0.503159
v 0.528823 1.106488 0.506951
v 0.528823 1.053291 0.503159
v 0.543411 1.053291 0.503159
v 0.543411 1.050031 0.512117
v 0.528823 1.050031 0.512117
v 0.543411 1.104128 0.513434
v 0.543411 1.096660 0.512117
v 0.543411 1.106488 0.506951
v 0.528823 1.106488 0.506951
v 0.528823 1.104128 0.513434
v 0.543411 1.104128 0.513434
v 0.528823 1.096660 0.512117
v 0.528823 1.104128 0.513434
v 0.543411 1.050031 0.521650
v 0.528823 1.050031 0.521650
v 0.543411 1.104128 0.520333
v 0.543411 1.096660 0.521650
v 0.528823 1.104128 0.520333
v 0.543411 1.104128 0.520333
v 0.528823 1.096660 0.521650
v 0.528823 1.104128 0.520333
v 0.543411 1.053291 0.530607
v 0.528823 1.053291 0.530607
v 0.543411 1.106488 0.526816
v 0.543411 1.099920 0.530607
v 0.528823 1.106488 0.526816
v 0.543411 1.106488 0.526816
v 0.528823 1.099920 0.530607
v 0.528823 1.106488 0.526816
v 0.528823 1.053291 0.530607
v 0.543411 1.053291 0.530607
v 0.543411 1.059419 0.537910
v 0.528823 1.059419 0.537910
v 0.543411 1.110922 0.532101
v 0.543411 1.106048 0.537910
v 0.543411 1.106488 0.526816
v 0.528823 1.106488 0.526816
v 0.528823 1.110922 0.532101
v 0.543411 1.110922 0.532101
v 0.528823 1.106048 0.537910
v 0.528823 1.110922 0.532101
v 0.543411 1.067674 0.542676
v 0.528823 1.067674 0.542676
v 0.543411 1.116897 0.535551
v 0.543411 1.114304 0.544566
v 0.528823 1.116897 0.535551
v 0.543411 1.116897 0.535551
v 0.528823 1.114304 0.544566
v 0.528823 1.116897 0.535551
v 0.528823 1.114304 0.544566
v 0.543411 1.114304 0.544566
v 0.543411 1.123691 0.544332
v 0.528823 1.123691 0.544332
v 0.543411 1.123691 0.536749
v 0.543411 1.123691 0.544332
v 0.528823 1.123691 0.536749
v 0.543411 1.123691 0.536749
v 0.528823 1.123691 0.544332
v 0.528823 1.123691 0.536749
v 0.543411 1.133079 0.542676
v 0.528823 1.133079 0.542676
v 0.543411 1.130486 0.535551
v 0.543411 1.133079 0.542676
v 0.528823 1.130486 0.535551
v 0.543411 1.130486 0.535551
v 0.528823 1.133079 0.542676
v 0.528823 1.130486 0.535551
v 0.543411 1.141335 0.537910
v 0.528823 1.141335 0.537910
v 0.543411 1.136461 0.532101
v 0.543411 1.141335 0.537910
v 0.528823 1.136461 0.532101
v 0.543411 1.136461 0.532101
v 0.528823 1.141335 0.537910
v 0.528823 1.136461 0.532101
v 0.543411 1.147463 0.530607
v 0.528823 1.147463 0.530607
v 0.543411 1.140895 0.526816
v 0.543411 1.147463 0.530607
v 0.528823 1.140895 0.526816
v 0.543411 1.140895 0.526816
v 0.528823 1.147463 0.530607
v 0.528823 1.140895 0.526816
v 0.528823 1.147463 0.530607
v 0.543411 1.147463 0.530607
v 0.543411 1.150723 0.521650
v 0.528823 1.150723 0.521650
v 0.543411 1.143255 0.520333
v 0.543411 1.150723 0.521650
v 0.543411 1.140895 0.526816
v 0.528823 1.140895 0.526816
v 0.528823 1.143255 0.520333
v 0.543411 1.143255 0.520333
v 0.528823 1.150723 0.521650
v 0.528823 1.143255 0.520333
v 0.543411 1.150723 0.512117
v 0.528823 1.150723 0.512117
v 0.543411 1.143255 0.513434
v 0.543411 1.150723 0.512117
v 0.528823 1.143255 0.513434
v 0.543411 1.143255 0.513434
v 0.528823 1.150723 0.512117
v 0.528823 1.143255 0.513434
v 0.543411 1.147463 0.503159
v 0.528823 1.147463 0.503159
v 0.543411 1.140895 0.506951
v 0.543411 1.147463 0.503159
v 0.528823 1.140895 0.506951
v 0.543411 1.140895 0.506951
v 0.528823 1.147463 0.503159
v 0.528823 1.140895 0.506951
v 0.528823 1.147463 0.503159
v 0.543411 1.147463 0.503159
v 0.543411 1.141335 0.495856
v 0.528823 1.141335 0.495856
v 0.543411 1.136461 0.501665
v 0.543411 1.141335 0.495856
v 0.543411 1.140895 0.506951
v 0.528823 1.140895 0.506951
v 0.528823 1.136461 0.501665
v 0.543411 1.136461 0.501665
v 0.528823 1.141335 0.495856
v 0.528823 1.136461 0.501665
v 0.543411 1.133079 0.491090
v 0.528823 1.133079 0.491090
v 0.543411 1.130486 0.498216
v 0.543411 1.133079 0.491090
v 0.528823 1.130486 0.498216
v 0.543411 1.130486 0.498216
v 0.528823 1.133079 0.491090
v 0.528823 1.130486 0.498216
v 0.026157 1.123691 0.489435
v 0.040745 1.123691 0.489435
v 0.040745 1.114304 0.491090
v 0.026157 1.114304 0.491090
v 0.040745 1.123691 0.489435
v 0.040745 1.123691 0.497018
v 0.040745 1.116897 0.498216
v 0.040745 1.114304 0.491090
v 0.040745 1.123691 0.497018
v 0.026157 1.123691 0.497018
v 0.026157 1.116897 0.498216
v 0.040745 1.116897 0.498216
v 0.026157 1.123691 0.497018
v 0.026157 1.123691 0.489435
v 0.026157 1.114304 0.491090
v 0.026157 1.116897 0.498216
v 0.040745 1.106048 0.495857
v 0.026157 1.106048 0.495857
v 0.040745 1.110922 0.501665
v 0.040745 1.106048 0.495857
v 0.026157 1.110922 0.501665
v 0.040745 1.110922 0.501665
v 0.026157 1.106048 0.495857
v 0.026157 1.110922 0.501665
v 0.026157 1.059419 0.495857
v 0.040745 1.059419 0.495857
v 0.040745 1.053291 0.503159
v 0.026157 1.053291 0.503159
v 0.040745 1.106488 0.506951
v 0.040745 1.099920 0.503159
v 0.026157 1.106488 0.506951
v 0.040745 1.106488 0.506951
v 0.026157 1.099920 0.503159
v 0.026157 1.106488 0.506951
v 0.026157 1.053291 0.503159
v 0.040745 1.053291 0.503159
v 0.040745 1.050031 0.512117
v 0.026157 1.050031 0.512117
v 0.040745 1.104128 0.513434
v 0.040745 1.096660 0.512117
v 0.040745 1.106488 0.506951
v 0.026157 1.106488 0.506951
v 0.026157 1.104128 0.513434
v 0.040745 1.104128 0.513434
v 0.026157 1.096660 0.512117
v 0.026157 1.104128 0.513434
v 0.040745 1.050031 0.521650
v 0.026157 1.050031 0.521650
v 0.040745 1.104128 0.520333
v 0.040745 1.096660 0.521650
v 0.026157 1.104128 0.520333
v 0.040745 1.104128 0.520333
v 0.026157 1.096660 0.521650
v 0.026157 1.104128 0.520333
v 0.040745 1.053291 0.530607
v 0.026157 1.053291 0.530607
v 0.040745 1.106488 0.526816
v 0.040745 1.099920 0.530607
v 0.026157 1.106488 0.526816
v 0.040745 1.106488 0.526816
v 0.026157 1.099920 0.530607
v 0.026157 1.106488 0.526816
v 0.026157 1.053291 0.530607
v 0.040745 1.053291 0.530607
v 0.040745 1.059419 0.537910
v 0.026157 1.059419 0.537910
v 0.040745 1.110922 0.532101
v 0.040745 1.106048 0.537910
v 0.040745 1.106488 0.526816
v 0.026157 1.106488 0.526816
v 0.026157 1.110922 0.532101
v 0.040745 1.110922 0.532101
v 0.026157 1.106048 0.537910
v 0.026157 1.110922 0.532101
v 0.040745 1.067674 0.542676
v 0.026157 1.067674 0.542676
v 0.040745 1.116897 0.535551
v 0.040745 1.114304 0.544566
v 0.026157 1.116897 0.535551
v 0.040745 1.116897 0.535551
v 0.026157 1.114304 0.544566
v 0.026157 1.116897 0.535551
v 0.026157 1.114304 0.544566
v 0.040745 1.114304 0.544566
v 0.040745 1.123691 0.544332
v 0.026157 1.123691 0.544332
v 0.040745 1.123691 0.536749
v 0.040745 1.123691 0.544332
v 0.026157 1.123691 0.536749
v 0.040745 1.123691 0.536749
v 0.026157 1.123691 0.544332
v 0.026157 1.123691 0.536749
v 0.040745 1.133079 0.542676
v 0.026157 1.133079 0.542676
v 0.040745 1.130486 0.535551
v 0.040745 1.133079 0.542676
v 0.026157 1.130486 0.535551
v 0.040745 1.130486 0.535551
v 0.026157 1.133079 0.542676
v 0.026157 1.130486 0.535551
v 0.040745 1.141335 0.537910
v 0.026157 1.141335 0.537910
v 0.040745 1.136461 0.532101
v 0.040745 1.141335 0.537910
v 0.026157 1.136461 0.532101
v 0.040745 1.136461 0.532101
v 0.026157 1.141335 0.537910
v 0.026157 1.136461 0.532101
v 0.040745 1.147463 0.530607
v 0.026157 1.147463 0.530607
v 0.040745 1.140895 0.526816
v 0.040745 1.147463 0.530607
v 0.026157 1.140895 0.526816
v 0.040745 1.140895 0.526816
v 0.026157 1.147463 0.530607
v 0.026157 1.140895 0.526816
v 0.026157 1.147463 0.530607
v 0.040745 1.147463 0.530607
v 0.040745 1.150723 0.521650
v 0.026157 1.150723 0.521650
v 0.040745 1.143255 0.520333
v 0.040745 1.150723 0.521650
v 0.040745 1.140895 0.526816
v 0.026157 1.140895 0.526816
v 0.026157 1.143255 0.520333
v 0.040745 1.143255 0.520333
v 0.026157 1.150723 0.521650
v 0.026157 1.143255 0.520333
v 0.040745 1.150723 0.512117
v 0.026157 1.150723 0.512117
v 0.040745 1.143255 0.513434
v 0.040745 1.150723 0.512117
v 0.026157 1.143255 0.513434
v 0.040745 1.143255 0.513434
v 0.026157 1.150723 0.512117
v 0.026157 1.143255 0.513434
v 0.040745 1.147463 0.503159
v 0.026157 1.147463 0.503159
v 0.040745 1.140895 0.506951
v 0.040745 1.147463 0.503159
v 0.026157 1.140895 0.506951
v 0.040745 1.140895 0.506951
v 0.026157 1.147463 0.503159
v 0.026157 1.140895 0.506951
v 0.026157 1.147463 0.503159
v 0.040745 1.147463 0.503159
v 0.040745 1.141335 0.495856
v 0.026157 1.141335 0.495856
v 0.040745 1.136461 0.501665
v 0.040745 1.141335 0.495856
v 0.040745 1.140895 0.506951
v 0.026157 1.140895 0.506951
v 0.026157 1.136461 0.501665
v 0.040745 1.136461 0.501665
v 0.026157 1.141335 0.495856
v 0.026157 1.136461 0.501665
v 0.040745 1.133079 0.491090
v 0.026157 1.133079 0.491090
v 0.040745 1.130486 0.498216
v 0.040745 1.133079 0.491090
v 0.026157 1.130486 0.498216
v 0.040745 1.130486 0.498216
v 0.026157 1.133079 0.491090
v 0.026157 1.130486 0.498216
v 0.528823 1.106048 0.495857
v 0.543411 1.106048 0.495857
v 0.543411 1.059419 0.495857
v 0.528823 1.059419 0.495857
v 0.543411 1.053291 0.503159
v 0.543411 1.059419 0.495857
v 0.543411 1.050031 0.512117
v 0.543411 1.050031 0.521650
v 0.543411 1.053291 0.530607
v 0.543411 1.059419 0.537910
v 0.543411 1.067674 0.542676
v 0.543411 1.114304 0.544566
v 0.528823 1.114304 0.544566
v 0.528823 1.067674 0.542676
v 0.528823 1.067674 0.542676
v 0.543411 1.067674 0.542676
v 0.543411 1.114304 0.544566
v 0.528823 1.059419 0.537910
v 0.528823 1.067674 0.542676
v 0.528823 1.053291 0.530607
v 0.528823 1.050031 0.521650
v 0.528823 1.050031 0.512117
v 0.528823 1.053291 0.503159
v 0.528823 1.059419 0.495857
v 0.026157 1.106048 0.495857
v 0.040745 1.106048 0.495857
v 0.040745 1.059419 0.495857
v 0.026157 1.059419 0.495857
v 0.040745 1.053291 0.503159
v 0.040745 1.059419 0.495857
v 0.040745 1.050031 0.512117
v 0.040745 1.050031 0.521650
v 0.040745 1.053291 0.530607
v 0.040745 1.106048 0.537910
v 0.040745 1.059419 0.537910
v 0.040745 1.106048 0.537910
v 0.040745 1.114304 0.544566
v 0.040745 1.067674 0.542676
v 0.040745 1.067674 0.542676
v 0.040745 1.114304 0.544566
v 0.026157 1.114304 0.544566
v 0.026157 1.067674 0.542676
v 0.026157 1.067674 0.542676
v 0.040745 1.067674 0.542676
v 0.040745 1.114304 0.544566
v 0.026157 1.059419 0.537910
v 0.026157 1.067674 0.542676
v 0.026157 1.053291 0.530607
v 0.026157 1.050031 0.521650
v 0.026157 1.050031 0.512117
v 0.026157 1.053291 0.503159
v 0.026157 1.059419 0.495857
vt 0.871083 0.147688
vt 0.858425 0.146583
vt 0.818774 0.146583
vt 0.779380 0.146583
vt 0.739987 0.146583
vt 0.700593 0.146583
vt 0.661199 0.146583
vt 0.633155 0.146583
vt 0.606831 0.146583
vt 0.393169 0.146583
vt 0.877285 0.149671
vt 0.880004 0.151535
vt 0.881946 0.154144
vt 0.884013 0.160096
vt 0.885164 0.172243
vt 0.885164 0.825778
vt 0.884013 0.837925
vt 0.881946 0.843877
vt 0.880004 0.846486
vt 0.877285 0.848350
vt 0.871083 0.850333
vt 0.858425 0.851438
vt 0.181226 0.146584
vt 0.141575 0.146584
vt 0.128917 0.147688
vt 0.220619 0.146584
vt 0.260013 0.146584
vt 0.299407 0.146584
vt 0.338801 0.146583
vt 0.366844 0.146583
vt 0.122715 0.149672
vt 0.119996 0.151535
vt 0.118054 0.154145
vt 0.115987 0.160096
vt 0.114836 0.172243
vt 0.114836 0.825778
vt 0.115987 0.837926
vt 0.118054 0.843877
vt 0.119996 0.846486
vt 0.122715 0.848350
vt 0.128917 0.850334
vt 0.141575 0.851438
vt 0.106883 0.859070
vt 0.893117 0.859070
vt 0.893117 0.138951
vt 0.106883 0.138951
vt 0.859980 1.000000
vt 0.886310 0.116541
vt 0.113690 0.116541
vt 0.140020 1.000000
vt 0.829249 1.000000
vt 0.853259 0.116541
vt 0.148720 0.116541
vt 0.172730 1.000000
vt 0.606831 1.000000
vt 0.611246 0.450180
vt 0.388754 0.450180
vt 0.393169 1.000000
vt 0.827270 1.000000
vt 0.851280 0.116541
vt 0.146741 0.116541
vt 0.170751 1.000000
vt 0.112157 0.914155
vt 0.887842 0.914155
vt 0.923544 0.886939
vt 0.076455 0.886938
vt 0.951906 0.852678
vt 0.951906 0.145344
vt 0.923545 0.111083
vt 0.923545 0.111083
vt 0.887843 0.083866
vt 0.112158 0.083866
vt 0.076456 0.111083
vt 0.048094 0.145344
vt 0.048094 0.852677
vt 0.076455 0.886938
vt 0.076456 0.111083
vt 0.923545 0.065123
vt 0.076456 0.065123
vt 0.106883 0.958182
vt 0.893117 0.958182
vt 0.886939 0.065123
vt 0.111083 0.065123
vt 0.138951 0.958182
vt 0.859070 0.958182
vt 0.923545 0.065123
vt 0.076456 0.065123
vt 0.106883 0.958182
vt 0.893117 0.958182
vt 0.888917 0.065123
vt 0.113062 0.065123
vt 0.140930 0.958182
vt 0.861049 0.958182
vt 0.064110 0.898785
vt 0.076567 0.907324
vt 0.092583 0.912447
vt 0.923433 0.907324
vt 0.935890 0.898786
vt 0.907417 0.912447
vt 0.944788 0.886832
vt 0.950126 0.871462
vt 0.944788 0.111190
vt 0.935890 0.099236
vt 0.950126 0.126559
vt 0.923433 0.090697
vt 0.907417 0.085574
vt 0.076567 0.090697
vt 0.064110 0.099236
vt 0.092583 0.085574
vt 0.055212 0.111190
vt 0.049874 0.126559
vt 0.055212 0.886832
vt 0.049874 0.871462
vt 0.929119 0.062387
vt 0.928271 0.075687
vt 0.949886 0.075687
vt 0.950777 0.062387
vt 0.967571 0.075687
vt 0.968497 0.062387
vt 0.981327 0.075687
vt 0.982279 0.062387
vt 0.094192 0.116541
vt 0.121851 1.000000
vt 0.078240 0.116541
vt 0.106986 1.000000
vt 0.065832 0.116541
vt 0.095424 1.000000
vt 0.892295 0.062387
vt 0.891737 0.082916
vt 0.912351 0.082918
vt 0.913079 0.062387
vt 0.929393 0.082918
vt 0.930084 0.062387
vt 0.942659 0.082918
vt 0.943310 0.062387
vt 0.130009 0.116541
vt 0.155294 1.000000
vt 0.114701 0.116541
vt 0.141029 1.000000
vt 0.102794 0.116541
vt 0.129934 1.000000
vt 0.929119 0.062387
vt 0.928298 0.082917
vt 0.949979 0.082918
vt 0.950777 0.062387
vt 0.967738 0.082918
vt 0.968497 0.062387
vt 0.981563 0.082918
vt 0.982279 0.062387
vt 0.114150 0.388837
vt 0.100574 0.116541
vt 0.094192 0.116541
vt 0.121851 1.000000
vt 0.140020 1.000000
vt 0.078240 0.116541
vt 0.106986 1.000000
vt 0.065832 0.116541
vt 0.095424 1.000000
vt 0.890316 0.062387
vt 0.889543 0.075687
vt 0.910286 0.075687
vt 0.911100 0.062387
vt 0.927258 0.075687
vt 0.928105 0.062387
vt 0.940458 0.075687
vt 0.941332 0.062387
vt 0.128031 0.116541
vt 0.153316 1.000000
vt 0.112722 0.116541
vt 0.139050 1.000000
vt 0.100815 0.116541
vt 0.127955 1.000000
vt 0.071729 0.075687
vt 0.072577 0.088987
vt 0.927423 0.088987
vt 0.880200 0.089818
vt 0.722405 0.075687
vt 0.722405 0.088987
vt 0.891307 0.098746
vt 0.890749 0.119277
vt 0.928271 0.090832
vt 0.071729 0.090832
vt 0.072577 0.119277
vt 0.927423 0.119277
vt 0.888770 0.088987
vt 0.277595 0.074143
vt 0.277595 0.085900
vt 0.277595 0.085900
vt 0.878149 1.000000
vt 0.905807 0.116541
vt 0.893014 1.000000
vt 0.921760 0.116541
vt 0.904576 1.000000
vt 0.934168 0.116541
vt 0.050114 0.075687
vt 0.051004 0.088987
vt 0.032428 0.075687
vt 0.033354 0.088987
vt 0.018673 0.075687
vt 0.019626 0.088987
vt 0.846684 1.000000
vt 0.871969 0.116541
vt 0.860949 1.000000
vt 0.887278 0.116541
vt 0.872045 1.000000
vt 0.899185 0.116541
vt 0.110456 0.075687
vt 0.089714 0.075687
vt 0.090528 0.088987
vt 0.111230 0.088987
vt 0.072742 0.075687
vt 0.073590 0.088987
vt 0.059542 0.075687
vt 0.060416 0.088987
vt 0.885850 0.388837
vt 0.859980 1.000000
vt 0.878149 1.000000
vt 0.905807 0.116541
vt 0.899426 0.116541
vt 0.893014 1.000000
vt 0.921760 0.116541
vt 0.904576 1.000000
vt 0.934168 0.116541
vt 0.050114 0.090832
vt 0.051004 0.119277
vt 0.032428 0.090832
vt 0.033354 0.119277
vt 0.018673 0.090832
vt 0.019626 0.119277
vt 0.844705 1.000000
vt 0.869990 0.116541
vt 0.858971 1.000000
vt 0.885299 0.116541
vt 0.870066 1.000000
vt 0.897206 0.116541
vt 0.067886 0.090832
vt 0.047143 0.090832
vt 0.047957 0.119277
vt 0.068659 0.119277
vt 0.030171 0.090832
vt 0.031019 0.119277
vt 0.016971 0.090832
vt 0.017845 0.119277
vt 0.070881 0.958337
vt 0.929119 0.958337
vt 0.049223 0.956447
vt 0.031503 0.950779
vt 0.017720 0.941332
vt 0.007876 0.928105
vt 0.001969 0.911100
vt 0.000000 0.890316
vt 0.000000 0.107705
vt 0.000000 0.277595
vt 0.001969 0.086921
vt 0.007876 0.069916
vt 0.017721 0.056690
vt 0.031503 0.047242
vt 0.049223 0.041574
vt 0.070882 0.039684
vt 0.929119 0.039685
vt 0.950777 0.041574
vt 0.968497 0.047243
vt 0.982280 0.056690
vt 0.992124 0.069916
vt 0.998031 0.086921
vt 1.000000 0.107705
vt 1.000000 0.890317
vt 1.000000 0.277595
vt 0.998031 0.911101
vt 0.992124 0.928106
vt 0.982279 0.941332
vt 0.968497 0.950779
vt 0.950777 0.956447
vt 0.886559 0.917785
vt 0.113441 0.917785
vt 0.072826 0.951252
vt 0.927174 0.951252
vt 0.093060 0.916010
vt 0.052137 0.949443
vt 0.075716 0.910466
vt 0.035878 0.944239
vt 0.061890 0.900990
vt 0.023569 0.935800
vt 0.052014 0.887721
vt 0.014776 0.923988
vt 0.046236 0.871078
vt 0.009353 0.908385
vt 0.044386 0.851519
vt 0.007469 0.888531
vt 0.044386 0.146502
vt 0.007469 0.109490
vt 0.007469 0.277595
vt 0.046236 0.126943
vt 0.009353 0.089637
vt 0.052014 0.110300
vt 0.014776 0.074033
vt 0.061889 0.097032
vt 0.023569 0.062221
vt 0.075716 0.087556
vt 0.035877 0.053783
vt 0.093059 0.082011
vt 0.052137 0.048578
vt 0.113441 0.080236
vt 0.072826 0.046770
vt 0.886559 0.080236
vt 0.927174 0.046769
vt 0.906940 0.082011
vt 0.947863 0.048578
vt 0.924284 0.087555
vt 0.964122 0.053782
vt 0.938110 0.097032
vt 0.976431 0.062221
vt 0.947986 0.110300
vt 0.985224 0.074033
vt 0.953764 0.126943
vt 0.990647 0.089636
vt 0.955614 0.146502
vt 0.992531 0.109490
vt 0.955614 0.851519
vt 0.992531 0.888531
vt 0.992531 0.277594
vt 0.953764 0.871078
vt 0.990647 0.908385
vt 0.947986 0.887721
vt 0.985224 0.923988
vt 0.938111 0.900990
vt 0.976431 0.935800
vt 0.924284 0.910466
vt 0.964123 0.944239
vt 0.906941 0.916010
vt 0.947863 0.949443
vt 0.886310 0.912515
vt 0.113690 0.912515
vt 0.113441 0.917785
vt 0.886559 0.917785
vt 0.094193 0.910814
vt 0.093060 0.916010
vt 0.078240 0.905711
vt 0.075716 0.910466
vt 0.065832 0.897206
vt 0.061890 0.900990
vt 0.056970 0.885299
vt 0.052014 0.887721
vt 0.051652 0.869991
vt 0.046236 0.871078
vt 0.049880 0.851280
vt 0.044386 0.851519
vt 0.049880 0.146741
vt 0.044386 0.146502
vt 0.051652 0.128031
vt 0.046236 0.126943
vt 0.056970 0.112722
vt 0.052014 0.110300
vt 0.065832 0.100815
vt 0.061889 0.097032
vt 0.078240 0.092311
vt 0.075716 0.087556
vt 0.094192 0.087208
vt 0.093059 0.082011
vt 0.100574 0.086651
vt 0.113441 0.080236
vt 0.113441 0.080236
vt 0.126852 0.085507
vt 0.371230 0.085507
vt 0.628770 0.085507
vt 0.873148 0.085506
vt 0.886559 0.080236
vt 0.899426 0.086651
vt 0.905807 0.087207
vt 0.906940 0.082011
vt 0.921760 0.092310
vt 0.924284 0.087555
vt 0.934168 0.100815
vt 0.938110 0.097032
vt 0.943030 0.112722
vt 0.947986 0.110300
vt 0.948348 0.128031
vt 0.953764 0.126943
vt 0.950120 0.146741
vt 0.955614 0.146502
vt 0.950120 0.851280
vt 0.955614 0.851519
vt 0.948348 0.869990
vt 0.953764 0.871078
vt 0.943030 0.885299
vt 0.947986 0.887721
vt 0.934168 0.897206
vt 0.938111 0.900990
vt 0.921760 0.905711
vt 0.924284 0.910466
vt 0.905808 0.910814
vt 0.906941 0.916010
vt 0.072577 0.956522
vt 0.927423 0.956522
vt 0.927174 0.951252
vt 0.072826 0.951252
vt 0.948996 0.954640
vt 0.947863 0.949443
vt 0.966646 0.948994
vt 0.964123 0.944239
vt 0.980374 0.939584
vt 0.976431 0.935800
vt 0.990180 0.926410
vt 0.985224 0.923988
vt 0.996063 0.909472
vt 0.990647 0.908385
vt 0.998024 0.888770
vt 0.992531 0.888531
vt 0.998024 0.277595
vt 0.992531 0.277594
vt 0.992531 0.277594
vt 0.998024 0.109251
vt 0.996063 0.088549
vt 0.990647 0.089636
vt 0.992531 0.109490
vt 0.990180 0.071611
vt 0.985224 0.074033
vt 0.980374 0.058437
vt 0.976431 0.062221
vt 0.966646 0.049027
vt 0.964122 0.053782
vt 0.948996 0.043381
vt 0.947863 0.048578
vt 0.927423 0.041499
vt 0.927174 0.046769
vt 0.072577 0.041499
vt 0.072826 0.046770
vt 0.051004 0.043381
vt 0.052137 0.048578
vt 0.033354 0.049028
vt 0.035877 0.053783
vt 0.019626 0.058437
vt 0.023569 0.062221
vt 0.009820 0.071611
vt 0.014776 0.074033
vt 0.003937 0.088549
vt 0.009353 0.089637
vt 0.001976 0.109251
vt 0.007469 0.109490
vt 0.001976 0.277595
vt 0.007469 0.277595
vt 0.001976 0.888770
vt 0.003937 0.909472
vt 0.009353 0.908385
vt 0.007469 0.888531
vt 0.009820 0.926410
vt 0.014776 0.923988
vt 0.019626 0.939584
vt 0.023569 0.935800
vt 0.033354 0.948994
vt 0.035878 0.944239
vt 0.051004 0.954640
vt 0.052137 0.949443
vt 0.113441 0.116858
vt 0.886559 0.116858
vt 0.886559 0.083633
vt 0.113441 0.083633
vt 0.906940 0.116829
vt 0.906940 0.083604
vt 0.924284 0.116799
vt 0.924284 0.083573
vt 0.938110 0.116786
vt 0.938110 0.083561
vt 0.099010 0.116786
vt 0.112279 0.116795
vt 0.112279 0.083570
vt 0.099010 0.083561
vt 0.128922 0.116821
vt 0.128922 0.083596
vt 0.148481 0.116845
vt 0.148481 0.083620
vt 0.853498 0.116845
vt 0.853498 0.083620
vt 0.873057 0.116821
vt 0.873057 0.083596
vt 0.889700 0.116795
vt 0.889700 0.083570
vt 0.902968 0.116786
vt 0.902968 0.083561
vt 0.061889 0.116786
vt 0.075716 0.116799
vt 0.075716 0.083573
vt 0.061889 0.083561
vt 0.093059 0.116829
vt 0.093059 0.083604
vt 0.113441 0.116858
vt 0.113441 0.083633
vt 0.886559 0.116858
vt 0.886559 0.083633
vt 0.906940 0.116829
vt 0.906940 0.083604
vt 0.924284 0.116799
vt 0.924284 0.083573
vt 0.938110 0.116786
vt 0.938110 0.083561
vt 0.097032 0.116786
vt 0.110300 0.116795
vt 0.110300 0.083570
vt 0.097032 0.083561
vt 0.126943 0.116821
vt 0.126943 0.083596
vt 0.146502 0.116845
vt 0.146502 0.083620
vt 0.851519 0.116845
vt 0.851519 0.083620
vt 0.871078 0.116821
vt 0.871078 0.083596
vt 0.887721 0.116795
vt 0.887721 0.083570
vt 0.900990 0.116786
vt 0.900990 0.083561
vt 0.061889 0.116786
vt 0.075716 0.116799
vt 0.075716 0.083573
vt 0.061889 0.083561
vt 0.093059 0.116829
vt 0.093059 0.083604
vt 0.072826 0.088671
vt 0.927174 0.088671
vt 0.927174 0.085735
vt 0.072826 0.085735
vt 0.947863 0.088699
vt 0.947863 0.085764
vt 0.964123 0.088730
vt 0.964123 0.085795
vt 0.976431 0.088742
vt 0.976431 0.085807
vt 0.064200 0.088742
vt 0.076012 0.088733
vt 0.076012 0.085798
vt 0.064200 0.085807
vt 0.091615 0.088708
vt 0.091615 0.085773
vt 0.111469 0.088683
vt 0.111469 0.085748
vt 0.722406 0.085748
vt 0.722406 0.085596
vt 0.890510 0.118973
vt 0.910364 0.118998
vt 0.910364 0.085773
vt 0.890510 0.085748
vt 0.925967 0.119024
vt 0.925967 0.085798
vt 0.937779 0.119032
vt 0.937779 0.085806
vt 0.023569 0.119032
vt 0.035878 0.119020
vt 0.035878 0.085794
vt 0.023569 0.085806
vt 0.052137 0.118989
vt 0.052137 0.085764
vt 0.072826 0.118961
vt 0.072826 0.085735
vt 0.927174 0.118961
vt 0.927174 0.085735
vt 0.947863 0.118989
vt 0.947863 0.085764
vt 0.964123 0.119020
vt 0.964123 0.085795
vt 0.976431 0.119032
vt 0.976431 0.085806
vt 0.062221 0.119032
vt 0.074033 0.119023
vt 0.074033 0.085798
vt 0.062221 0.085806
vt 0.089637 0.118998
vt 0.089637 0.085773
vt 0.109490 0.118973
vt 0.109490 0.085748
vt 0.277595 0.088683
vt 0.277595 0.085748
vt 0.888531 0.088683
vt 0.908385 0.088708
vt 0.908385 0.085773
vt 0.888531 0.085748
vt 0.923988 0.088734
vt 0.923988 0.085798
vt 0.935800 0.088742
vt 0.935800 0.085817
vt 0.023569 0.088742
vt 0.035878 0.088730
vt 0.035878 0.085805
vt 0.023569 0.085817
vt 0.052137 0.088699
vt 0.052137 0.085774
vt 0.109683 0.062387
vt 0.722405 0.062387
vt 0.007469 0.277595
vt 0.107705 0.062387
vt 0.108263 0.082916
vt 0.119780 0.089717
vt 0.277595 0.062387
vt 0.998024 0.277595
vt 0.722406 0.085596
vt 0.948996 0.088987
vt 0.966646 0.088987
vt 0.980374 0.088987
vt 0.932114 0.090832
vt 0.931341 0.119277
vt 0.952043 0.119277
vt 0.952857 0.090832
vt 0.968981 0.119277
vt 0.969828 0.090832
vt 0.982154 0.119277
vt 0.983028 0.090832
vt 0.948996 0.119277
vt 0.949886 0.090832
vt 0.966646 0.119277
vt 0.967571 0.090832
vt 0.980374 0.119277
vt 0.981327 0.090832
vt 0.909472 0.088987
vt 0.926410 0.088987
vt 0.939584 0.088987
vt 0.070881 0.062387
vt 0.070881 0.062387
vt 0.071680 0.082916
vt 0.049223 0.062387
vt 0.031503 0.062387
vt 0.017720 0.062387
vt 0.088899 0.062387
vt 0.071894 0.062387
vt 0.058668 0.062387
vt 0.049223 0.062387
vt 0.049972 0.082917
vt 0.031503 0.062387
vt 0.032204 0.082918
vt 0.017720 0.062387
vt 0.018386 0.082918
vt 0.086921 0.062387
vt 0.087600 0.082917
vt 0.069916 0.062387
vt 0.070551 0.082918
vt 0.056690 0.062387
vt 0.057293 0.082918
vt 0.108693 0.098746
vt 0.109251 0.119277
vt 0.902938 0.090832
vt 0.003937 0.047957
vt 0.001976 0.068659
vt 0.009820 0.031019
vt 0.019626 0.017846
vt 0.033354 0.008436
vt 0.051004 0.002790
vt 0.072577 0.000908
vt 0.927423 0.000907
vt 0.948996 0.002789
vt 0.966646 0.008435
vt 0.980374 0.017845
vt 0.990180 0.031019
vt 0.996063 0.047957
vt 0.998024 0.068659
vt 0.097061 0.090832
vt 0.000988 0.087340
vt 0.002953 0.047143
vt 0.000988 0.067886
vt 0.000988 0.097061
vt 0.002953 0.067883
vt 0.008848 0.030171
vt 0.010145 0.049379
vt 0.018673 0.016971
vt 0.026969 0.037847
vt 0.032429 0.007543
vt 0.047662 0.031228
vt 0.050114 0.001886
vt 0.070652 0.029222
vt 0.071729 0.000000
vt 0.928271 0.029176
vt 0.928271 0.000000
vt 0.952339 0.031228
vt 0.949886 0.001886
vt 0.973031 0.037847
vt 0.967572 0.007543
vt 0.989855 0.049380
vt 0.981327 0.016972
vt 0.997047 0.067883
vt 0.991152 0.030172
vt 0.999012 0.087341
vt 0.997047 0.047143
vt 0.999012 0.097062
vt 0.999012 0.067886
vt 0.894430 0.088853
vt 0.107114 0.087314
vt 0.105570 0.088853
vt 0.108011 0.085335
vt 0.892886 0.087314
vt 0.891989 0.085335
vt 0.896620 0.089952
vt 0.899456 0.090612
vt 0.103380 0.089952
vt 0.100544 0.090612
vt 0.912336 0.085336
vt 0.912347 0.087314
vt 0.912385 0.088853
vt 0.929425 0.085336
vt 0.929626 0.087314
vt 0.929996 0.088853
vt 0.942818 0.085336
vt 0.943445 0.087314
vt 0.944538 0.088853
vt 0.928320 0.085335
vt 0.950019 0.085336
vt 0.928402 0.087314
vt 0.950200 0.087314
vt 0.928547 0.088853
vt 0.950522 0.088853
vt 0.967839 0.085336
vt 0.968252 0.087314
vt 0.968978 0.088853
vt 0.981728 0.085336
vt 0.982379 0.087314
vt 0.983518 0.088853
vt 0.071695 0.085335
vt 0.071707 0.087314
vt 0.071717 0.088853
vt 0.049947 0.085336
vt 0.049778 0.087314
vt 0.049465 0.088853
vt 0.032121 0.085336
vt 0.031722 0.087314
vt 0.031007 0.088853
vt 0.018237 0.085336
vt 0.017598 0.087314
vt 0.016469 0.088853
vt 0.087630 0.085336
vt 0.087631 0.087314
vt 0.087603 0.088853
vt 0.070536 0.085336
vt 0.070349 0.087314
vt 0.069990 0.088853
vt 0.057148 0.085336
vt 0.056534 0.087314
vt 0.055450 0.088853
vt 0.087340 0.090832
vt 0.087457 0.090612
vt 0.087545 0.089953
vt 0.001580 0.087457
vt 0.004747 0.068757
vt 0.068757 0.090612
vt 0.069459 0.089953
vt 0.012744 0.051873
vt 0.006197 0.069459
vt 0.014857 0.053896
vt 0.053896 0.089952
vt 0.028633 0.040982
vt 0.029984 0.043530
vt 0.016482 0.055450
vt 0.031022 0.045490
vt 0.048409 0.034658
vt 0.049014 0.037446
vt 0.049478 0.039595
vt 0.070981 0.032689
vt 0.071248 0.035510
vt 0.928752 0.089952
vt 0.950986 0.089953
vt 0.928272 0.032657
vt 0.928276 0.035489
vt 0.071724 0.089952
vt 0.951593 0.034658
vt 0.950992 0.037448
vt 0.049008 0.089953
vt 0.971369 0.040983
vt 0.970023 0.043533
vt 0.950535 0.039597
vt 0.968993 0.045497
vt 0.987257 0.051874
vt 0.985149 0.053902
vt 0.983531 0.055462
vt 0.995255 0.068759
vt 0.993807 0.069466
vt 0.930534 0.089953
vt 0.946098 0.089952
vt 0.998420 0.087459
vt 0.912541 0.090612
vt 0.931241 0.090612
vt 0.912450 0.089953
vt 0.912659 0.090832
vt 0.739987 1.000000
vt 0.752441 0.399230
vt 0.714102 0.407652
vt 0.700593 1.000000
vt 0.126859 0.116541
vt 0.139572 0.370772
vt 0.170326 0.370114
vt 0.371230 0.116541
vt 0.213216 0.374338
vt 0.254912 0.382415
vt 0.298241 0.391920
vt 0.341963 0.413761
vt 0.628770 0.116541
vt 0.658037 0.413761
vt 0.873141 0.116541
vt 0.701759 0.391920
vt 0.744643 0.382507
vt 0.786784 0.374338
vt 0.829674 0.370115
vt 0.860427 0.370772
vt 0.220619 1.000000
vt 0.260013 1.000000
vt 0.247115 0.399139
vt 0.207587 0.391488
vt 0.338801 1.000000
vt 0.366844 1.000000
vt 0.362483 0.456687
vt 0.323846 0.426610
vt 0.299407 1.000000
vt 0.285898 0.407652
vt 0.181226 1.000000
vt 0.168809 0.387669
vt 0.831191 0.387669
vt 0.818774 1.000000
vt 0.792413 0.391488
vt 0.779380 1.000000
vt 0.637517 0.456687
vt 0.633155 1.000000
vt 0.661199 1.000000
vt 0.676154 0.426610
vt 0.126852 0.085506
vt 0.371230 0.085507
vt 0.371230 0.058627
vt 0.126859 0.058627
vt 0.122835 0.058978
vt 0.119543 0.060031
vt 0.116982 0.061786
vt 0.115153 0.064244
vt 0.114056 0.067404
vt 0.113690 0.071266
vt 0.113690 0.072867
vt 0.628770 0.085507
vt 0.628770 0.058627
vt 0.873148 0.085507
vt 0.886310 0.072867
vt 0.886310 0.071266
vt 0.885944 0.067404
vt 0.884847 0.064244
vt 0.883018 0.061787
vt 0.880457 0.060031
vt 0.877165 0.058978
vt 0.873141 0.058627
vt 0.913015 0.379799
vt 0.914651 0.379799
vt 0.928734 0.116541
vt 0.927133 0.116541
vt 0.169568 0.086968
vt 0.169568 0.085349
vt 0.126855 0.085349
vt 0.126855 0.086985
vt 0.210402 0.086968
vt 0.210402 0.085349
vt 0.251237 0.086968
vt 0.251237 0.085349
vt 0.292071 0.086968
vt 0.292071 0.085349
vt 0.913032 0.420183
vt 0.914651 0.420184
vt 0.914651 0.399784
vt 0.913032 0.399784
vt 0.913032 0.453421
vt 0.914653 0.453418
vt 0.898943 1.000000
vt 0.900557 1.000000
vt 0.393168 0.113690
vt 0.606831 0.113690
vt 0.619993 0.101057
vt 0.619993 0.099443
vt 0.619628 0.095583
vt 0.618531 0.092425
vt 0.616703 0.089968
vt 0.614143 0.088214
vt 0.610853 0.087161
vt 0.606831 0.086810
vt 0.393169 0.086810
vt 0.389147 0.087161
vt 0.385856 0.088214
vt 0.383297 0.089968
vt 0.381469 0.092425
vt 0.380372 0.095583
vt 0.380007 0.099443
vt 0.380007 0.101057
vt 0.086970 0.453451
vt 0.085349 0.453434
vt 0.099443 1.000000
vt 0.101057 1.000000
vt 0.086968 0.420184
vt 0.085349 0.420184
vt 0.086968 0.399784
vt 0.085349 0.399784
vt 0.748763 0.086968
vt 0.748763 0.085349
vt 0.707929 0.085349
vt 0.707929 0.086968
vt 0.789598 0.086968
vt 0.789598 0.085349
vt 0.830432 0.086968
vt 0.830432 0.085349
vt 0.873145 0.086968
vt 0.873145 0.085332
vt 0.072867 0.116541
vt 0.071266 0.116541
vt 0.085332 0.379799
vt 0.086968 0.379799
vt 0.610853 1.000000
vt 0.615985 0.451354
vt 0.614143 1.000000
vt 0.619511 0.452228
vt 0.616703 1.000000
vt 0.621823 0.452800
vt 0.384748 0.451172
vt 0.389147 1.000000
vt 0.381466 0.451984
vt 0.385856 1.000000
vt 0.378908 0.452615
vt 0.383297 1.000000
vt 0.122835 0.116541
vt 0.135687 0.373530
vt 0.119543 0.116541
vt 0.132507 0.375787
vt 0.116982 0.116541
vt 0.130034 0.377542
vt 0.170094 0.372796
vt 0.169905 0.374990
vt 0.169757 0.376696
vt 0.212356 0.376958
vt 0.211653 0.379101
vt 0.211105 0.380768
vt 0.253789 0.384983
vt 0.252870 0.387085
vt 0.252155 0.388719
vt 0.296356 0.394323
vt 0.294813 0.396289
vt 0.293614 0.397818
vt 0.339195 0.415724
vt 0.336931 0.417329
vt 0.335170 0.418579
vt 0.864313 0.373530
vt 0.877165 0.116541
vt 0.867493 0.375787
vt 0.880457 0.116541
vt 0.869965 0.377542
vt 0.883018 0.116541
vt 0.660804 0.415724
vt 0.663069 0.417329
vt 0.664830 0.418579
vt 0.703644 0.394323
vt 0.705186 0.396289
vt 0.706386 0.397818
vt 0.745902 0.385047
vt 0.746932 0.387125
vt 0.747733 0.388742
vt 0.787644 0.376958
vt 0.788347 0.379101
vt 0.788894 0.380768
vt 0.829906 0.372796
vt 0.830095 0.374990
vt 0.830243 0.376696
vt 0.918525 0.379548
vt 0.932596 0.116541
vt 0.921729 0.378796
vt 0.935756 0.116541
vt 0.924260 0.377542
vt 0.938213 0.116541
vt 0.169589 0.081477
vt 0.127208 0.081475
vt 0.169652 0.078282
vt 0.128268 0.078271
vt 0.128268 0.378796
vt 0.169652 0.377915
vt 0.210480 0.081477
vt 0.210715 0.078282
vt 0.210715 0.381958
vt 0.251339 0.081477
vt 0.251645 0.078282
vt 0.251645 0.389887
vt 0.292242 0.081478
vt 0.292757 0.078283
vt 0.292757 0.398910
vt 0.918521 0.420006
vt 0.918522 0.399566
vt 0.921711 0.419471
vt 0.921717 0.398910
vt 0.333912 0.419471
vt 0.918509 0.453332
vt 0.921676 0.453064
vt 0.924157 0.452615
vt 0.924221 0.418579
vt 0.904417 1.000000
vt 0.907575 1.000000
vt 0.910032 1.000000
vt 0.080789 0.453364
vt 0.095583 1.000000
vt 0.077388 0.453152
vt 0.092425 1.000000
vt 0.075147 0.452800
vt 0.089968 1.000000
vt 0.081479 0.420006
vt 0.078289 0.419471
vt 0.075779 0.418579
vt 0.081477 0.399566
vt 0.078283 0.398910
vt 0.666088 0.419471
vt 0.707243 0.398910
vt 0.748649 0.081477
vt 0.707757 0.081477
vt 0.748305 0.078282
vt 0.707243 0.078283
vt 0.748305 0.389897
vt 0.789520 0.081477
vt 0.789285 0.078282
vt 0.789285 0.381958
vt 0.830411 0.081477
vt 0.830348 0.078282
vt 0.830348 0.377915
vt 0.872792 0.081462
vt 0.871732 0.078264
vt 0.871732 0.378796
vt 0.067404 0.116541
vt 0.081462 0.379548
vt 0.064244 0.116541
vt 0.078264 0.378796
vt 0.061786 0.116541
vt 0.075735 0.377542
vt 0.625843 0.112286
vt 0.623284 0.110532
vt 0.629134 0.113339
vt 0.633155 0.113690
vt 0.376716 0.110532
vt 0.374157 0.112286
vt 0.370866 0.113339
vt 0.366844 0.113690
vt 0.107861 0.084611
vt 0.110411 0.082633
vt 0.104582 0.085950
vt 0.889589 0.082633
vt 0.892139 0.084611
vt 0.895418 0.085950
vt 0.112233 0.080016
vt 0.110411 0.082633
vt 0.113326 0.076761
vt 0.889589 0.082633
vt 0.887767 0.080016
vt 0.886674 0.076761
vt 0.378544 0.108076
vt 0.379641 0.104917
vt 0.621456 0.108076
vt 0.620359 0.104917
vt 0.118032 0.386076
vt 0.104582 0.116541
vt 0.121208 0.383816
vt 0.107861 0.116541
vt 0.123679 0.382059
vt 0.110411 0.116541
vt 0.895418 0.116541
vt 0.881968 0.386076
vt 0.892139 0.116541
vt 0.878792 0.383816
vt 0.889589 0.116541
vt 0.876321 0.382059
vt 0.751317 0.396661
vt 0.712215 0.405248
vt 0.750398 0.394558
vt 0.710672 0.403281
vt 0.749683 0.392923
vt 0.709472 0.401751
vt 0.248374 0.396597
vt 0.208447 0.388867
vt 0.249405 0.394518
vt 0.209151 0.386723
vt 0.250206 0.392900
vt 0.209698 0.385055
vt 0.370866 1.000000
vt 0.366496 0.455693
vt 0.374157 1.000000
vt 0.369779 0.454879
vt 0.376716 1.000000
vt 0.372333 0.454244
vt 0.326614 0.424646
vt 0.328879 0.423040
vt 0.330641 0.421790
vt 0.287784 0.405248
vt 0.289328 0.403281
vt 0.290528 0.401751
vt 0.169041 0.384986
vt 0.169230 0.382792
vt 0.169378 0.381084
vt 0.830959 0.384987
vt 0.830769 0.382792
vt 0.830622 0.381085
vt 0.791553 0.388867
vt 0.790849 0.386723
vt 0.790301 0.385055
vt 0.673386 0.424646
vt 0.633503 0.455694
vt 0.671121 0.423040
vt 0.630218 0.454882
vt 0.669359 0.421791
vt 0.627663 0.454252
vt 0.629134 1.000000
vt 0.625843 1.000000
vt 0.623284 1.000000
vt 0.923239 0.116541
vt 0.909164 0.380050
vt 0.919984 0.116541
vt 0.906021 0.380803
vt 0.917367 0.116541
vt 0.903584 0.382059
vt 0.126502 0.090836
vt 0.169546 0.090833
vt 0.125443 0.093979
vt 0.169483 0.094007
vt 0.169483 0.379865
vt 0.125443 0.380803
vt 0.210324 0.090833
vt 0.210089 0.094007
vt 0.210089 0.383864
vt 0.251122 0.090833
vt 0.250779 0.094007
vt 0.250779 0.391745
vt 0.291900 0.090833
vt 0.291385 0.094008
vt 0.291385 0.400658
vt 0.909167 0.400003
vt 0.909166 0.420362
vt 0.905992 0.400658
vt 0.905990 0.420898
vt 0.331899 0.420898
vt 0.909167 0.453515
vt 0.905992 0.453790
vt 0.903502 0.421790
vt 0.903506 0.454244
vt 0.895083 1.000000
vt 0.891924 1.000000
vt 0.889468 1.000000
vt 0.104917 1.000000
vt 0.090835 0.453536
vt 0.108076 1.000000
vt 0.094009 0.453803
vt 0.110532 1.000000
vt 0.096494 0.454252
vt 0.090833 0.420363
vt 0.094010 0.420898
vt 0.096498 0.421791
vt 0.090833 0.400003
vt 0.094008 0.400658
vt 0.708615 0.400658
vt 0.668101 0.420898
vt 0.708100 0.090833
vt 0.748865 0.090833
vt 0.708615 0.094008
vt 0.749172 0.094007
vt 0.749172 0.391755
vt 0.789676 0.090833
vt 0.789910 0.094007
vt 0.789910 0.383864
vt 0.830453 0.090833
vt 0.830517 0.094007
vt 0.830517 0.379865
vt 0.873498 0.090824
vt 0.874557 0.093972
vt 0.874557 0.380803
vt 0.090824 0.380050
vt 0.076761 0.116541
vt 0.093972 0.380803
vt 0.080016 0.116541
vt 0.096411 0.382059
vt 0.082633 0.116541
vt 0.859980 0.884331
vt 0.878149 0.882746
vt 0.871083 0.850333
vt 0.858425 0.851438
vt 0.893014 0.877991
vt 0.877285 0.848350
vt 0.904576 0.870066
vt 0.880004 0.846486
vt 0.912834 0.858971
vt 0.881946 0.843877
vt 0.917789 0.844705
vt 0.884013 0.837925
vt 0.919441 0.827270
vt 0.885164 0.825778
vt 0.919441 0.170751
vt 0.885164 0.172243
vt 0.917789 0.153316
vt 0.884013 0.160096
vt 0.912834 0.139050
vt 0.881946 0.154144
vt 0.904576 0.127955
vt 0.880004 0.151535
vt 0.893014 0.120030
vt 0.877285 0.149671
vt 0.878149 0.115275
vt 0.871083 0.147688
vt 0.859980 0.113690
vt 0.858425 0.146583
vt 0.818774 0.113690
vt 0.818774 0.146583
vt 0.779380 0.113690
vt 0.779380 0.146583
vt 0.739987 0.113690
vt 0.739987 0.146583
vt 0.700593 0.113690
vt 0.700593 0.146583
vt 0.661199 0.113690
vt 0.661199 0.146583
vt 0.633155 0.146583
vt 0.606831 0.146583
vt 0.393169 0.146583
vt 0.366844 0.146583
vt 0.338801 0.113690
vt 0.338801 0.146583
vt 0.299407 0.113690
vt 0.299407 0.146584
vt 0.260013 0.113690
vt 0.260013 0.146584
vt 0.220619 0.113690
vt 0.220619 0.146584
vt 0.181226 0.113690
vt 0.181226 0.146584
vt 0.140020 0.113690
vt 0.141575 0.146584
vt 0.121851 0.115275
vt 0.128917 0.147688
vt 0.106986 0.120030
vt 0.122715 0.149672
vt 0.095424 0.127955
vt 0.119996 0.151535
vt 0.087166 0.139051
vt 0.118054 0.154145
vt 0.082211 0.153316
vt 0.115987 0.160096
vt 0.080559 0.170751
vt 0.114836 0.172243
vt 0.080559 0.827270
vt 0.114836 0.825778
vt 0.082211 0.844706
vt 0.115987 0.837926
vt 0.087166 0.858971
vt 0.118054 0.843877
vt 0.095424 0.870066
vt 0.119996 0.846486
vt 0.106986 0.877991
vt 0.122715 0.848350
vt 0.121851 0.882746
vt 0.128917 0.850334
vt 0.140020 0.884331
vt 0.141575 0.851438
vt 0.858425 1.000000
vt 0.871083 1.000000
vt 0.871083 0.969533
vt 0.871083 0.969533
vt 0.858425 0.969533
vt 0.858425 1.000000
vt 0.871083 1.000000
vt 0.877285 1.000000
vt 0.877285 0.969533
vt 0.877285 0.969533
vt 0.871083 0.969533
vt 0.871083 1.000000
vt 0.877285 1.000000
vt 0.880004 1.000000
vt 0.880004 0.969533
vt 0.877285 0.969533
vt 0.153514 1.000000
vt 0.156123 1.000000
vt 0.156123 0.969533
vt 0.156123 0.969533
vt 0.153514 0.969533
vt 0.153514 1.000000
vt 0.156123 1.000000
vt 0.162075 1.000000
vt 0.162075 0.969533
vt 0.162075 0.969533
vt 0.156123 0.969533
vt 0.156123 1.000000
vt 0.162075 1.000000
vt 0.174222 1.000000
vt 0.174222 0.969533
vt 0.174222 0.969533
vt 0.162075 0.969533
vt 0.162075 1.000000
vt 0.174222 1.000000
vt 0.827757 1.000000
vt 0.827757 0.969533
vt 0.174222 0.969533
vt 0.827757 1.000000
vt 0.839904 1.000000
vt 0.839904 0.969533
vt 0.839904 0.969533
vt 0.827757 0.969533
vt 0.827757 1.000000
vt 0.839904 1.000000
vt 0.845856 1.000000
vt 0.845856 0.969533
vt 0.845856 0.969533
vt 0.839904 0.969533
vt 0.839904 1.000000
vt 0.845856 1.000000
vt 0.848465 1.000000
vt 0.848465 0.969533
vt 0.845856 0.969533
vt 0.119996 1.000000
vt 0.122715 1.000000
vt 0.122715 0.969533
vt 0.119996 0.969533
vt 0.122715 1.000000
vt 0.128917 1.000000
vt 0.128917 0.969533
vt 0.128917 0.969533
vt 0.122715 0.969533
vt 0.122715 1.000000
vt 0.128917 1.000000
vt 0.141575 1.000000
vt 0.141575 0.969533
vt 0.141575 0.969533
vt 0.128917 0.969533
vt 0.128917 1.000000
vt 0.141575 1.000000
vt 0.181226 1.000000
vt 0.181226 0.969533
vt 0.141575 0.969533
vt 0.220620 1.000000
vt 0.220620 0.969533
vt 0.260013 1.000000
vt 0.260013 0.969533
vt 0.299407 1.000000
vt 0.299407 0.969533
vt 0.338801 1.000000
vt 0.338801 0.969533
vt 0.366845 1.000000
vt 0.366845 0.969533
vt 0.393169 1.000000
vt 0.393169 0.969533
vt 0.606831 1.000000
vt 0.606831 0.969533
vt 0.633156 1.000000
vt 0.633156 0.969533
vt 0.661199 1.000000
vt 0.661199 0.969533
vt 0.700593 1.000000
vt 0.700593 0.969533
vt 0.739987 1.000000
vt 0.739987 0.969533
vt 0.779381 1.000000
vt 0.779381 0.969533
vt 0.818774 1.000000
vt 0.818774 0.969533
vt 0.858425 1.000000
vt 0.858425 0.969533
vt 0.858425 1.000000
vt 0.871083 1.000000
vt 0.871083 0.969533
vt 0.871083 0.969533
vt 0.858425 0.969533
vt 0.858425 1.000000
vt 0.871083 1.000000
vt 0.877285 1.000000
vt 0.877285 0.969533
vt 0.877285 0.969533
vt 0.871083 0.969533
vt 0.871083 1.000000
vt 0.877285 1.000000
vt 0.880004 1.000000
vt 0.880004 0.969533
vt 0.877285 0.969533
vt 0.151535 1.000000
vt 0.154145 1.000000
vt 0.154145 0.969533
vt 0.151535 0.969533
vt 0.154145 1.000000
vt 0.160096 1.000000
vt 0.160096 0.969533
vt 0.160096 0.969533
vt 0.154145 0.969533
vt 0.154145 1.000000
vt 0.160096 1.000000
vt 0.172243 1.000000
vt 0.172243 0.969533
vt 0.172243 0.969533
vt 0.160096 0.969533
vt 0.160096 1.000000
vt 0.172243 1.000000
vt 0.825778 1.000000
vt 0.825778 0.969533
vt 0.172243 0.969533
vt 0.825778 1.000000
vt 0.837926 1.000000
vt 0.837926 0.969533
vt 0.837926 0.969533
vt 0.825778 0.969533
vt 0.825778 1.000000
vt 0.837926 1.000000
vt 0.843877 1.000000
vt 0.843877 0.969533
vt 0.843877 0.969533
vt 0.837926 0.969533
vt 0.837926 1.000000
vt 0.843877 1.000000
vt 0.846486 1.000000
vt 0.846486 0.969533
vt 0.846486 0.969533
vt 0.843877 0.969533
vt 0.843877 1.000000
vt 0.119996 1.000000
vt 0.122715 1.000000
vt 0.122715 0.969533
vt 0.119996 0.969533
vt 0.122715 1.000000
vt 0.128917 1.000000
vt 0.128917 0.969533
vt 0.128917 0.969533
vt 0.122715 0.969533
vt 0.122715 1.000000
vt 0.128917 1.000000
vt 0.141575 1.000000
vt 0.141575 0.969533
vt 0.141575 0.969533
vt 0.128917 0.969533
vt 0.128917 1.000000
vt 0.141575 1.000000
vt 0.858425 1.000000
vt 0.858425 0.969533
vt 0.141575 0.969533
vt 0.177068 0.023491
vt 0.158020 0.023491
vt 0.158020 0.031649
vt 0.177068 0.031649
vt 0.069080 0.023491
vt 0.059578 0.023491
vt 0.058077 0.029395
vt 0.067005 0.031649
vt 0.841980 0.023491
vt 0.822932 0.023491
vt 0.822932 0.029395
vt 0.841980 0.029395
vt 0.940422 0.023491
vt 0.930920 0.023491
vt 0.932994 0.031649
vt 0.941923 0.029395
vt 0.158020 0.038823
vt 0.177068 0.038823
vt 0.053755 0.034588
vt 0.061033 0.038823
vt 0.822932 0.034588
vt 0.841980 0.034588
vt 0.938967 0.038823
vt 0.946245 0.034588
vt 0.177068 0.079345
vt 0.158020 0.079345
vt 0.158020 0.084670
vt 0.177068 0.084670
vt 0.047132 0.038441
vt 0.051883 0.044148
vt 0.822932 0.038441
vt 0.841980 0.038441
vt 0.948117 0.044148
vt 0.952868 0.038441
vt 0.177068 0.948117
vt 0.158020 0.948117
vt 0.158020 0.959341
vt 0.177068 0.959341
vt 0.039009 0.040492
vt 0.040659 0.046982
vt 0.841980 0.952868
vt 0.822932 0.952868
vt 0.822932 0.960991
vt 0.841980 0.960991
vt 0.959341 0.046982
vt 0.960991 0.040492
vt 0.158020 0.971286
vt 0.177068 0.971286
vt 0.030364 0.040492
vt 0.028714 0.046982
vt 0.822932 0.969636
vt 0.841980 0.969636
vt 0.971286 0.046982
vt 0.969636 0.040492
vt 0.158020 0.982510
vt 0.177068 0.982510
vt 0.022241 0.038441
vt 0.017490 0.044148
vt 0.822932 0.977759
vt 0.841980 0.977759
vt 0.982510 0.044148
vt 0.977759 0.038441
vt 0.822932 0.084670
vt 0.841980 0.084670
vt 0.841980 0.079345
vt 0.822932 0.079345
vt 0.015619 0.034588
vt 0.008340 0.038823
vt 0.158020 0.038441
vt 0.177068 0.038441
vt 0.177068 0.034588
vt 0.158020 0.034588
vt 0.991660 0.038823
vt 0.984381 0.034588
vt 0.841980 0.072171
vt 0.822932 0.072171
vt 0.011296 0.029395
vt 0.000000 0.031649
vt 0.177068 0.029395
vt 0.158020 0.029395
vt 1.000000 0.031649
vt 0.988704 0.029395
vt 0.822932 0.031649
vt 0.841980 0.031649
vt 0.841980 0.023491
vt 0.822932 0.023491
vt 0.009795 0.023491
vt 0.000294 0.023491
vt 0.177068 0.023491
vt 0.158020 0.023491
vt 0.999706 0.023491
vt 0.990205 0.023491
vt 0.841980 0.015333
vt 0.822932 0.015333
vt 0.011296 0.017586
vt 0.002368 0.015333
vt 0.177068 0.017586
vt 0.158020 0.017586
vt 0.997632 0.015333
vt 0.988704 0.017586
vt 0.841980 0.008158
vt 0.822932 0.008158
vt 0.015619 0.012394
vt 0.008340 0.008158
vt 0.177068 0.012394
vt 0.158020 0.012394
vt 0.991660 0.008158
vt 0.984381 0.012394
vt 0.841980 0.002833
vt 0.822932 0.002833
vt 0.022241 0.008540
vt 0.017490 0.002833
vt 0.177068 0.008540
vt 0.158020 0.008540
vt 0.982510 0.002833
vt 0.977759 0.008540
vt 0.822932 0.982510
vt 0.841980 0.982510
vt 0.841980 0.971286
vt 0.822932 0.971286
vt 0.030364 0.006490
vt 0.028714 0.000000
vt 0.158020 0.977759
vt 0.177068 0.977759
vt 0.177068 0.969636
vt 0.158020 0.969636
vt 0.971286 0.000000
vt 0.969636 0.006490
vt 0.841980 0.959341
vt 0.822932 0.959341
vt 0.039009 0.006490
vt 0.040659 0.000000
vt 0.177068 0.960991
vt 0.158020 0.960991
vt 0.959341 0.000000
vt 0.960991 0.006490
vt 0.841980 0.948117
vt 0.822932 0.948117
vt 0.047132 0.008540
vt 0.051883 0.002833
vt 0.177068 0.952868
vt 0.158020 0.952868
vt 0.948117 0.002833
vt 0.952868 0.008540
vt 0.177068 0.002833
vt 0.158020 0.002833
vt 0.158020 0.008158
vt 0.177068 0.008158
vt 0.053755 0.012394
vt 0.061033 0.008158
vt 0.841980 0.008540
vt 0.822932 0.008540
vt 0.822932 0.012394
vt 0.841980 0.012394
vt 0.938967 0.008158
vt 0.946245 0.012394
vt 0.158020 0.015333
vt 0.177068 0.015333
vt 0.058077 0.017586
vt 0.067005 0.015333
vt 0.822932 0.017586
vt 0.841980 0.017586
vt 0.932994 0.015333
vt 0.941923 0.017586
vt 0.833402 0.023491
vt 0.814354 0.023491
vt 0.814354 0.031649
vt 0.833402 0.031649
vt 0.069080 0.023491
vt 0.059578 0.023491
vt 0.058077 0.029395
vt 0.067006 0.031649
vt 0.185646 0.023491
vt 0.166598 0.023491
vt 0.166598 0.029395
vt 0.185646 0.029395
vt 0.940422 0.023491
vt 0.930920 0.023491
vt 0.932994 0.031649
vt 0.941923 0.029395
vt 0.814354 0.038823
vt 0.833402 0.038823
vt 0.053755 0.034588
vt 0.061033 0.038823
vt 0.166598 0.034588
vt 0.185646 0.034588
vt 0.938967 0.038823
vt 0.946245 0.034588
vt 0.833402 0.079345
vt 0.814354 0.079345
vt 0.814354 0.084670
vt 0.833402 0.084670
vt 0.047132 0.038441
vt 0.051883 0.044148
vt 0.166598 0.038441
vt 0.185646 0.038441
vt 0.948117 0.044148
vt 0.952868 0.038441
vt 0.833402 0.948117
vt 0.814354 0.948117
vt 0.814354 0.959341
vt 0.833402 0.959341
vt 0.039009 0.040492
vt 0.040659 0.046982
vt 0.185646 0.952868
vt 0.166598 0.952868
vt 0.166598 0.960991
vt 0.185646 0.960991
vt 0.959341 0.046982
vt 0.960991 0.040492
vt 0.814354 0.971286
vt 0.833402 0.971285
vt 0.030364 0.040492
vt 0.028714 0.046982
vt 0.166598 0.969636
vt 0.185646 0.969636
vt 0.971285 0.046982
vt 0.969636 0.040492
vt 0.814354 0.982510
vt 0.833402 0.982510
vt 0.022241 0.038441
vt 0.017490 0.044148
vt 0.166598 0.977759
vt 0.185646 0.977759
vt 0.982510 0.044148
vt 0.977759 0.038441
vt 0.166598 0.084670
vt 0.185646 0.084670
vt 0.185646 0.079345
vt 0.166598 0.079345
vt 0.015619 0.034588
vt 0.008340 0.038823
vt 0.814354 0.038441
vt 0.833402 0.038441
vt 0.833402 0.034588
vt 0.814354 0.034588
vt 0.991660 0.038823
vt 0.984381 0.034588
vt 0.185646 0.072171
vt 0.166598 0.072171
vt 0.011297 0.029395
vt 0.000000 0.031649
vt 0.833402 0.029395
vt 0.814354 0.029395
vt 1.000000 0.031649
vt 0.988703 0.029395
vt 0.166598 0.031649
vt 0.185646 0.031649
vt 0.185646 0.023491
vt 0.166598 0.023491
vt 0.009795 0.023491
vt 0.000294 0.023491
vt 0.833402 0.023491
vt 0.814354 0.023491
vt 0.999706 0.023491
vt 0.990205 0.023491
vt 0.185646 0.015333
vt 0.166598 0.015333
vt 0.011297 0.017586
vt 0.002368 0.015333
vt 0.833402 0.017586
vt 0.814354 0.017586
vt 0.997632 0.015333
vt 0.988703 0.017586
vt 0.185646 0.008158
vt 0.166598 0.008158
vt 0.015619 0.012394
vt 0.008340 0.008158
vt 0.833402 0.012394
vt 0.814354 0.012394
vt 0.991660 0.008158
vt 0.984381 0.012394
vt 0.185646 0.002833
vt 0.166598 0.002833
vt 0.022241 0.008540
vt 0.017490 0.002833
vt 0.833402 0.008540
vt 0.814354 0.008540
vt 0.982510 0.002833
vt 0.977759 0.008540
vt 0.166598 0.982510
vt 0.185646 0.982510
vt 0.185646 0.971285
vt 0.166598 0.971285
vt 0.030364 0.006490
vt 0.028715 0.000000
vt 0.814354 0.977759
vt 0.833402 0.977759
vt 0.833402 0.969635
vt 0.814354 0.969635
vt 0.971285 0.000000
vt 0.969635 0.006490
vt 0.185646 0.959341
vt 0.166598 0.959341
vt 0.039009 0.006490
vt 0.040659 0.000000
vt 0.833402 0.960991
vt 0.814354 0.960991
vt 0.959341 0.000000
vt 0.960991 0.006490
vt 0.185646 0.948117
vt 0.166598 0.948117
vt 0.047132 0.008540
vt 0.051883 0.002833
vt 0.833402 0.952868
vt 0.814354 0.952868
vt 0.948117 0.002833
vt 0.952868 0.008540
vt 0.833402 0.002833
vt 0.814354 0.002833
vt 0.814354 0.008158
vt 0.833402 0.008158
vt 0.053755 0.012394
vt 0.061033 0.008158
vt 0.185646 0.008540
vt 0.166598 0.008540
vt 0.166598 0.012394
vt 0.185646 0.012394
vt 0.938967 0.008158
vt 0.946245 0.012394
vt 0.814354 0.015333
vt 0.833402 0.015333
vt 0.058077 0.017586
vt 0.067006 0.015333
vt 0.166598 0.017586
vt 0.185646 0.017586
vt 0.932994 0.015333
vt 0.941923 0.017586
vt 0.177068 0.038823
vt 0.158020 0.038823
vt 0.158020 0.079345
vt 0.177068 0.079345
vt 0.051883 0.084670
vt 0.061033 0.079345
vt 0.040659 0.087503
vt 0.028714 0.087503
vt 0.017490 0.084670
vt 0.008340 0.079345
vt 0.002368 0.072171
vt 0.841980 0.031649
vt 0.822932 0.031649
vt 0.822932 0.072171
vt 0.822932 0.072171
vt 0.841980 0.072171
vt 0.841980 0.031649
vt 0.991660 0.079345
vt 0.997632 0.072171
vt 0.982510 0.084670
vt 0.971286 0.087503
vt 0.959341 0.087503
vt 0.948117 0.084670
vt 0.938967 0.079345
vt 0.833402 0.038823
vt 0.814354 0.038823
vt 0.814354 0.079345
vt 0.833402 0.079345
vt 0.051883 0.084670
vt 0.061033 0.079345
vt 0.040659 0.087503
vt 0.028714 0.087503
vt 0.017490 0.084670
vt 0.008340 0.038823
vt 0.008340 0.079345
vt 0.008340 0.038823
vt 0.000000 0.031649
vt 0.002368 0.072171
vt 0.002368 0.072171
vt 0.185646 0.031649
vt 0.166598 0.031649
vt 0.166598 0.072171
vt 0.166598 0.072171
vt 0.185646 0.072171
vt 0.185646 0.031649
vt 0.991660 0.079345
vt 0.997632 0.072171
vt 0.982510 0.084670
vt 0.971285 0.087503
vt 0.959341 0.087503
vt 0.948117 0.084670
vt 0.938967 0.079345
vn 0.000000 1.000000 -0.000000
vn 0.000000 1.000000 -0.000000
vn 0.000000 1.000000 -0.000000
vn 0.000000 1.000000 -0.000000
vn 0.000000 1.000000 -0.000000
vn 0.000000 1.000000 -0.000000
vn 0.000000 1.000000 -0.000000
vn 0.000000 1.000000 -0.000000
vn 0.000000 1.000000 -0.000000
vn 0.000000 1.000000 -0.000000
vn 0.000000 1.000000 -0.000000
vn 0.000000 1.000000 -0.000000
vn 0.000000 1.000000 -0.000000
vn 0.000000 1.000000 -0.000000
vn 0.000000 1.000000 -0.000000
vn 0.000000 1.000000 -0.000000
vn 0.000000 1.000000 -0.000000
vn 0.000000 1.000000 -0.000000
vn 0.000000 1.000000 -0.000000
vn 0.000000 1.000000 -0.000000
vn 0.000000 1.000000 -0.000000
vn 0.000000 1.000000 -0.000000
vn 0.000000 1.000000 -0.000000
vn 0.000000 1.000000 -0.000000
vn 0.000000 1.000000 -0.000000
vn 0.000000 1.000000 -0.000000
vn 0.000000 1.000000 -0.000000
vn 0.000000 1.000000 -0.000000
vn 0.000000 1.000000 -0.000000
vn 0.000000 1.000000 -0.000000
vn 0.000000 1.000000 -0.000000
vn 0.000000 1.000000 -0.000000
vn 0.000000 1.000000 -0.000000
vn 0.000000 1.000000 -0.000000
vn 0.000000 1.000000 -0.000000
vn 0.000000 1.000000 -0.000000
vn 0.000000 1.000000 -0.000000
vn 0.000000 1.000000 -0.000000
vn 0.000000 1.000000 -0.000000
vn 0.000000 1.000000 -0.000000
vn 0.000000 1.000000 -0.000000
vn 0.000000 1.000000 -0.000000
vn 0.000000 -1.000000 0.000000
vn 0.000000 -1.000000 0.000000
vn 0.000000 -1.000000 0.000000
vn 0.000000 -1.000000 0.000000
vn 0.044761 0.022985 -0.998733
vn 0.045844 0.023005 -0.998684
vn -0.045844 0.023005 -0.998684
vn -0.044761 0.022985 -0.998733
vn 0.998710 0.023927 0.044790
vn 0.998663 0.023945 0.045815
vn 0.998663 0.023945 -0.045814
vn 0.998710 0.023927 -0.044790
vn -0.045184 0.018197 0.998813
vn -0.026460 0.028457 0.999245
vn 0.037244 0.032309 0.998784
vn 0.045193 0.018182 0.998813
vn -0.998710 0.023927 -0.044790
vn -0.998663 0.023945 -0.045815
vn -0.998663 0.023945 0.045814
vn -0.998710 0.023927 0.044790
vn 0.001110 -0.998995 0.044805
vn -0.001110 -0.998995 0.044805
vn 0.000000 -1.000000 -0.000000
vn -0.000000 -1.000000 -0.000000
vn -0.042938 -0.999077 0.001123
vn -0.042938 -0.999077 -0.001123
vn 0.000000 -1.000000 0.000000
vn 0.000000 -1.000000 0.000000
vn -0.001110 -0.998995 -0.044805
vn 0.001110 -0.998995 -0.044805
vn -0.000000 -1.000000 0.000000
vn 0.042938 -0.999077 -0.001123
vn 0.042938 -0.999077 0.001123
vn 0.000000 -1.000000 0.000000
vn 0.000000 -1.000000 0.000000
vn 0.000000 -0.021638 0.999766
vn 0.000000 -0.021638 0.999766
vn 0.000000 -0.021638 0.999766
vn 0.000000 -0.021638 0.999766
vn -0.999743 -0.022670 0.000000
vn -0.999743 -0.022670 0.000000
vn -0.999743 -0.022670 0.000000
vn -0.999743 -0.022670 0.000000
vn 0.000000 -0.021638 -0.999766
vn 0.000000 -0.021638 -0.999766
vn 0.000000 -0.021638 -0.999766
vn 0.000000 -0.021638 -0.999766
vn 0.999743 -0.022670 0.000000
vn 0.999743 -0.022670 0.000000
vn 0.999743 -0.022670 0.000000
vn 0.999743 -0.022670 0.000000
vn 0.024929 -0.999375 0.025068
vn 0.015819 -0.999301 0.033872
vn 0.006764 -0.999111 0.041610
vn -0.015819 -0.999301 0.033872
vn -0.024929 -0.999375 0.025068
vn -0.006764 -0.999111 0.041610
vn -0.033196 -0.999325 0.015705
vn -0.040190 -0.999170 0.006686
vn -0.033196 -0.999325 -0.015705
vn -0.024929 -0.999375 -0.025068
vn -0.040190 -0.999170 -0.006686
vn -0.015819 -0.999301 -0.033872
vn -0.006764 -0.999111 -0.041610
vn 0.015819 -0.999301 -0.033872
vn 0.024929 -0.999375 -0.025068
vn 0.006764 -0.999111 -0.041610
vn 0.033196 -0.999325 -0.015705
vn 0.040190 -0.999170 -0.006686
vn 0.033196 -0.999325 0.015705
vn 0.040190 -0.999170 0.006686
vn 0.046414 0.049179 -0.997711
vn 0.045256 0.049133 -0.997766
vn 0.204412 0.055165 -0.977329
vn 0.206852 0.055250 -0.976811
vn 0.452870 0.062368 -0.889393
vn 0.454571 0.062407 -0.888522
vn 0.705573 0.065792 -0.705576
vn 0.705683 0.065792 -0.705466
vn -0.205816 0.025843 -0.978249
vn -0.203536 0.025806 -0.978727
vn -0.454374 0.029214 -0.890332
vn -0.452786 0.029198 -0.891141
vn -0.706823 0.030815 -0.706719
vn -0.706719 0.030815 -0.706823
vn 0.998713 0.024688 0.044295
vn 0.998871 0.021972 0.042116
vn 0.979043 0.019150 0.202749
vn 0.978243 0.026276 0.205792
vn 0.892517 0.005524 0.450980
vn 0.890336 0.029436 0.454352
vn 0.708791 -0.013853 0.705282
vn 0.706749 0.030814 0.706793
vn 0.978248 0.026604 -0.205727
vn 0.978690 0.026572 -0.203615
vn 0.890379 0.029643 -0.454255
vn 0.891073 0.029631 -0.452891
vn 0.706823 0.030815 -0.706719
vn 0.706719 0.030814 -0.706823
vn -0.045786 0.022729 0.998693
vn -0.044263 -0.022409 0.998769
vn -0.202753 -0.019915 0.979027
vn -0.205880 0.025490 0.978245
vn -0.452086 -0.016720 0.891817
vn -0.454472 0.028975 0.890289
vn -0.706482 -0.015262 0.707566
vn -0.706918 0.030816 0.706624
vn -0.152789 0.026777 0.987896
vn 0.133714 0.037439 0.990313
vn 0.202152 0.031517 0.978847
vn 0.201921 0.023147 0.979128
vn 0.044518 0.017361 0.998858
vn 0.454375 0.029214 0.890331
vn 0.452786 0.029198 0.891141
vn 0.706823 0.030815 0.706719
vn 0.706719 0.030815 0.706823
vn -0.997615 0.051233 -0.046261
vn -0.997670 0.051135 -0.045164
vn -0.977240 0.056792 -0.204393
vn -0.976760 0.056865 -0.206653
vn -0.889341 0.063286 -0.452843
vn -0.888593 0.063314 -0.454306
vn -0.705573 0.065791 -0.705577
vn -0.705684 0.065790 -0.705466
vn -0.978248 0.026604 0.205727
vn -0.978690 0.026572 0.203615
vn -0.890379 0.029643 0.454255
vn -0.891073 0.029631 0.452891
vn -0.706823 0.030815 0.706719
vn -0.706719 0.030814 0.706823
vn -0.045256 0.049133 -0.997766
vn -0.044101 0.049088 -0.997820
vn 0.044101 0.049088 -0.997820
vn 0.999689 0.024583 -0.004086
vn 0.998829 0.048362 -0.001578
vn 0.998864 0.047521 -0.003401
vn 0.999724 0.023335 -0.002676
vn 0.999730 0.023054 -0.002759
vn -0.033247 -0.688761 0.724225
vn 0.033247 -0.688762 0.724225
vn 0.044760 0.022985 0.998733
vn -0.044760 0.022985 0.998733
vn -0.997713 0.051156 -0.044171
vn -0.998529 0.054170 -0.002266
vn -0.997225 0.035760 -0.065294
vn -0.994573 0.055617 0.087926
vn 0.203536 0.025806 -0.978727
vn 0.205817 0.025843 -0.978249
vn 0.452786 0.029198 -0.891141
vn 0.454375 0.029214 -0.890331
vn 0.706719 0.030814 -0.706823
vn 0.706823 0.030815 -0.706719
vn -0.204413 0.055165 -0.977329
vn -0.201991 0.055081 -0.977837
vn -0.452869 0.062368 -0.889393
vn -0.451186 0.062330 -0.890250
vn -0.705573 0.065791 -0.705577
vn -0.705464 0.065792 -0.705686
vn 0.978690 0.026572 0.203615
vn 0.978248 0.026604 0.205727
vn 0.891073 0.029631 0.452891
vn 0.890378 0.029643 0.454255
vn 0.706719 0.030815 0.706823
vn 0.706823 0.030815 0.706719
vn 0.997666 0.051139 -0.045253
vn 0.977240 0.056792 -0.204392
vn 0.977711 0.056719 -0.202149
vn 0.997717 0.051098 -0.044162
vn 0.889341 0.063286 -0.452844
vn 0.890078 0.063257 -0.451398
vn 0.705573 0.065792 -0.705576
vn 0.705464 0.065792 -0.705686
vn 0.152956 0.026972 0.987865
vn -0.044394 0.017166 0.998867
vn -0.201920 0.023147 0.979128
vn -0.202151 0.031517 0.978847
vn -0.134131 0.036811 0.990280
vn -0.452786 0.029198 0.891141
vn -0.454375 0.029214 0.890331
vn -0.706719 0.030814 0.706823
vn -0.706823 0.030815 0.706719
vn 0.152359 -0.672590 0.724162
vn 0.203537 0.025807 0.978727
vn 0.339752 -0.664350 0.665738
vn 0.452787 0.029198 0.891141
vn 0.530940 -0.660518 0.530866
vn 0.706719 0.030815 0.706823
vn -0.978690 0.026572 -0.203615
vn -0.978248 0.026604 -0.205727
vn -0.891073 0.029631 -0.452891
vn -0.890379 0.029643 -0.454255
vn -0.706719 0.030815 -0.706823
vn -0.706823 0.030815 -0.706719
vn -0.724514 -0.688459 0.033238
vn -0.724428 -0.672306 0.152346
vn -0.978691 0.026572 0.203614
vn -0.998710 0.023927 0.044790
vn -0.665914 -0.664183 0.339734
vn -0.891074 0.029631 0.452890
vn -0.530944 -0.660515 0.530866
vn -0.706719 0.030815 0.706823
vn 0.005413 -0.996441 0.084120
vn -0.005413 -0.996441 0.084121
vn 0.017944 -0.997211 0.072441
vn 0.031907 -0.997758 0.058829
vn 0.045310 -0.997953 0.045125
vn 0.058223 -0.997813 0.031294
vn 0.070689 -0.997349 0.017280
vn 0.081030 -0.996699 0.005109
vn 0.081029 -0.996699 -0.005109
vn 0.085167 -0.996367 0.000000
vn 0.070689 -0.997349 -0.017280
vn 0.058223 -0.997813 -0.031294
vn 0.045310 -0.997953 -0.045125
vn 0.031907 -0.997758 -0.058829
vn 0.017944 -0.997211 -0.072441
vn 0.005413 -0.996441 -0.084121
vn -0.005413 -0.996441 -0.084120
vn -0.017944 -0.997211 -0.072441
vn -0.031907 -0.997758 -0.058829
vn -0.045310 -0.997953 -0.045125
vn -0.058223 -0.997813 -0.031294
vn -0.070689 -0.997349 -0.017280
vn -0.081030 -0.996699 -0.005109
vn -0.081029 -0.996699 0.005109
vn -0.085167 -0.996367 0.000000
vn -0.070689 -0.997349 0.017280
vn -0.058223 -0.997813 0.031294
vn -0.045310 -0.997953 0.045125
vn -0.031907 -0.997758 0.058829
vn -0.017944 -0.997211 0.072441
vn 0.001368 0.996062 0.088650
vn -0.001708 0.996049 0.088783
vn -0.007645 0.996653 0.081393
vn 0.006827 0.996449 0.083923
vn -0.010645 0.996626 0.081379
vn -0.020133 0.997405 0.069122
vn -0.027455 0.997556 0.064252
vn -0.032928 0.997830 0.057017
vn -0.044664 0.997960 0.045609
vn -0.044885 0.997960 0.045397
vn -0.061077 0.997761 0.027234
vn -0.056882 0.997837 0.032943
vn -0.076109 0.997043 0.010590
vn -0.069474 0.997398 0.019230
vn -0.084764 0.996400 0.001458
vn -0.080980 0.996696 0.006307
vn -0.084877 0.996390 -0.001725
vn -0.079425 0.996819 -0.006603
vn -0.086276 0.996271 -0.000000
vn -0.077659 0.996923 -0.010689
vn -0.067982 0.997505 -0.019026
vn -0.062197 0.997690 -0.027325
vn -0.056625 0.997883 -0.031998
vn -0.044818 0.997978 -0.045062
vn -0.045311 0.997975 -0.044651
vn -0.027145 0.997671 -0.062571
vn -0.033358 0.997793 -0.057423
vn -0.010466 0.996812 -0.079101
vn -0.020177 0.997282 -0.070865
vn -0.001368 0.996062 -0.088650
vn -0.006827 0.996449 -0.083923
vn 0.001657 0.996051 -0.088764
vn 0.007138 0.996608 -0.081980
vn 0.010588 0.996657 -0.081015
vn 0.019922 0.997416 -0.069023
vn 0.027326 0.997578 -0.063970
vn 0.032783 0.997850 -0.056753
vn 0.044616 0.997971 -0.045414
vn 0.045036 0.997979 -0.044822
vn 0.061077 0.997761 -0.027234
vn 0.057111 0.997839 -0.032492
vn 0.076109 0.997043 -0.010590
vn 0.069474 0.997398 -0.019230
vn 0.084764 0.996400 -0.001458
vn 0.080980 0.996696 -0.006307
vn 0.084877 0.996390 0.001725
vn 0.079425 0.996819 0.006603
vn 0.086276 0.996271 -0.000000
vn 0.077659 0.996923 0.010689
vn 0.067982 0.997505 0.019026
vn 0.062193 0.997690 0.027329
vn 0.056619 0.997883 0.032003
vn 0.044818 0.997978 0.045062
vn 0.045311 0.997975 0.044651
vn 0.027148 0.997671 0.062567
vn 0.033363 0.997793 0.057417
vn 0.010466 0.996812 0.079101
vn 0.020177 0.997282 0.070865
vn 0.003909 0.996278 0.086115
vn -0.002968 0.996332 0.085516
vn -0.002853 0.996277 0.086163
vn 0.003662 0.996335 0.085463
vn -0.014711 0.997012 0.075828
vn -0.014597 0.996901 0.077301
vn -0.030918 0.997610 0.061799
vn -0.031026 0.997531 0.062997
vn -0.047045 0.997807 0.046569
vn -0.047033 0.997798 0.046767
vn -0.061924 0.997617 0.030423
vn -0.061265 0.997675 0.029843
vn -0.074769 0.997091 0.014792
vn -0.073660 0.997183 0.014163
vn -0.082734 0.996565 0.003756
vn -0.082172 0.996612 0.003542
vn -0.082217 0.996610 -0.002947
vn -0.082775 0.996564 -0.002847
vn -0.073654 0.997179 -0.014430
vn -0.074913 0.997087 -0.014331
vn -0.060888 0.997675 -0.030625
vn -0.061853 0.997613 -0.030701
vn -0.046528 0.997800 -0.047227
vn -0.046525 0.997805 -0.047120
vn -0.030792 0.997536 -0.063033
vn -0.030046 0.997611 -0.062212
vn -0.015149 0.996906 -0.077128
vn -0.014413 0.997016 -0.075832
vn -0.008996 0.996063 -0.088186
vn -0.005880 0.996711 -0.080831
vn 0.004676 0.987146 -0.159754
vn 0.001999 0.995837 -0.091135
vn 0.000000 0.996270 -0.086292
vn 0.000000 0.996270 -0.086292
vn -0.001999 0.995836 -0.091137
vn -0.003333 0.988718 -0.149750
vn 0.008994 0.996062 -0.088198
vn 0.013897 0.996962 -0.076635
vn 0.013687 0.996953 -0.076799
vn 0.030918 0.997610 -0.061799
vn 0.031026 0.997531 -0.062997
vn 0.047045 0.997807 -0.046569
vn 0.047033 0.997798 -0.046767
vn 0.061924 0.997617 -0.030423
vn 0.061265 0.997675 -0.029843
vn 0.074769 0.997091 -0.014792
vn 0.073660 0.997183 -0.014163
vn 0.082734 0.996565 -0.003756
vn 0.082172 0.996612 -0.003542
vn 0.082217 0.996610 0.002947
vn 0.082775 0.996564 0.002847
vn 0.073654 0.997179 0.014430
vn 0.074913 0.997087 0.014331
vn 0.060885 0.997675 0.030630
vn 0.061850 0.997613 0.030706
vn 0.046527 0.997800 0.047227
vn 0.046524 0.997805 0.047121
vn 0.030798 0.997536 0.063030
vn 0.030052 0.997611 0.062209
vn 0.015150 0.996906 0.077129
vn 0.014413 0.997016 0.075832
vn -0.003906 0.996278 0.086115
vn 0.004713 0.996334 0.085423
vn 0.004947 0.996277 0.086068
vn -0.004011 0.996332 0.085477
vn 0.016741 0.997021 0.075290
vn 0.017495 0.996906 0.076630
vn 0.031687 0.997614 0.061329
vn 0.032498 0.997533 0.062219
vn 0.046647 0.997803 0.047038
vn 0.046650 0.997797 0.047158
vn 0.061211 0.997610 0.032064
vn 0.060170 0.997676 0.031975
vn 0.074501 0.997088 0.016273
vn 0.073208 0.997183 0.016357
vn 0.082569 0.996558 0.007385
vn 0.082019 0.996603 0.007474
vn 0.744524 0.660028 -0.100233
vn -0.015747 -0.189408 -0.981772
vn -0.004706 -0.056332 0.998401
vn 0.072917 0.987770 -0.137819
vn 0.033909 0.999397 -0.007488
vn 0.074342 0.997091 -0.016796
vn 0.075669 0.986691 -0.143928
vn 0.027436 0.999524 -0.014103
vn 0.061283 0.997615 -0.031774
vn 0.021147 0.999558 -0.020883
vn 0.047230 0.997805 -0.046420
vn 0.014813 0.999494 -0.028163
vn 0.032598 0.997611 -0.060901
vn 0.007819 0.999335 -0.035615
vn 0.016966 0.997016 -0.075305
vn 0.001899 0.999122 -0.041856
vn 0.004011 0.996332 -0.085477
vn -0.002292 0.999135 -0.041519
vn -0.004947 0.996277 -0.086068
vn -0.007761 0.999360 -0.034905
vn -0.017495 0.996906 -0.076630
vn -0.014339 0.999511 -0.027772
vn -0.032492 0.997533 -0.062222
vn -0.020887 0.999560 -0.021060
vn -0.046651 0.997798 -0.047157
vn -0.027735 0.999510 -0.014516
vn -0.060174 0.997676 -0.031970
vn -0.034516 0.999376 -0.007544
vn -0.073207 0.997183 -0.016357
vn -0.074173 0.989320 -0.125475
vn -0.075854 0.988500 -0.130819
vn -0.082121 0.988476 -0.127164
vn -0.080257 0.964747 -0.250643
vn -0.082138 0.996611 0.004449
vn -0.073197 0.997187 0.016152
vn -0.074342 0.997091 0.016796
vn -0.082693 0.996564 0.004650
vn -0.060570 0.997678 0.031145
vn -0.061283 0.997615 0.031774
vn -0.047216 0.997795 0.046642
vn -0.047230 0.997805 0.046420
vn -0.032722 0.997527 0.062195
vn -0.032598 0.997611 0.060901
vn -0.016869 0.996902 0.076818
vn -0.016966 0.997016 0.075305
vn -0.045198 -0.000000 -0.998978
vn 0.045198 -0.000000 -0.998978
vn 0.045258 -0.000000 -0.998975
vn -0.045258 -0.000000 -0.998975
vn 0.204407 -0.000000 -0.978886
vn 0.204741 -0.000000 -0.978816
vn 0.453512 -0.000000 -0.891250
vn 0.453818 -0.000000 -0.891094
vn 0.707086 -0.000000 -0.707127
vn 0.707112 -0.000000 -0.707102
vn 0.707086 -0.000000 -0.707127
vn 0.891224 -0.000000 -0.453563
vn 0.891099 -0.000000 -0.453808
vn 0.707112 -0.000000 -0.707102
vn 0.978875 -0.000000 -0.204459
vn 0.978816 -0.000000 -0.204744
vn 0.998977 -0.000000 -0.045217
vn 0.998975 -0.000000 -0.045269
vn 0.998977 0.000000 0.045217
vn 0.998975 0.000000 0.045269
vn 0.978875 0.000000 0.204459
vn 0.978816 0.000000 0.204744
vn 0.891224 0.000000 0.453564
vn 0.891099 0.000000 0.453809
vn 0.707086 0.000000 0.707128
vn 0.707112 0.000000 0.707101
vn 0.707086 0.000000 0.707128
vn 0.453512 0.000000 0.891250
vn 0.453819 0.000000 0.891094
vn 0.707112 0.000000 0.707101
vn 0.204407 0.000000 0.978886
vn 0.204741 0.000000 0.978816
vn 0.045198 0.000000 0.998978
vn 0.045258 0.000000 0.998975
vn -0.045198 0.000000 0.998978
vn -0.045258 0.000000 0.998975
vn -0.204407 0.000000 0.978886
vn -0.204741 0.000000 0.978816
vn -0.453512 0.000000 0.891250
vn -0.453818 0.000000 0.891094
vn -0.707086 0.000000 0.707127
vn -0.707112 0.000000 0.707102
vn -0.707086 0.000000 0.707127
vn -0.891224 0.000000 0.453563
vn -0.891099 0.000000 0.453808
vn -0.707112 0.000000 0.707102
vn -0.978875 0.000000 0.204459
vn -0.978816 0.000000 0.204744
vn -0.998977 0.000000 0.045217
vn -0.998975 0.000000 0.045269
vn -0.998977 -0.000000 -0.045217
vn -0.998975 -0.000000 -0.045269
vn -0.978875 -0.000000 -0.204459
vn -0.978816 -0.000000 -0.204744
vn -0.891224 -0.000000 -0.453564
vn -0.891100 -0.000000 -0.453808
vn -0.707086 -0.000000 -0.707128
vn -0.707112 -0.000000 -0.707102
vn -0.707086 -0.000000 -0.707128
vn -0.453512 -0.000000 -0.891250
vn -0.453818 -0.000000 -0.891094
vn -0.707112 -0.000000 -0.707102
vn -0.204407 -0.000000 -0.978886
vn -0.204741 -0.000000 -0.978816
vn -0.045430 0.000000 0.998968
vn 0.045430 0.000000 0.998968
vn 0.045370 0.000000 0.998970
vn -0.045360 0.000000 0.998971
vn 0.205098 0.000000 0.978741
vn 0.204755 0.000000 0.978813
vn 0.454065 0.000001 0.890969
vn 0.453735 0.000000 0.891137
vn 0.707131 0.000007 0.707083
vn 0.707101 0.000007 0.707112
vn 0.707131 0.000007 0.707083
vn 0.891001 0.000001 0.454001
vn 0.891135 0.000001 0.453738
vn 0.707101 0.000007 0.707112
vn 0.978753 0.000011 0.205042
vn 0.978814 0.000010 0.204750
vn 0.998964 0.000011 0.045518
vn 0.998971 0.000011 0.045361
vn -1.000000 0.000000 0.000000
vn 1.000000 0.000000 0.000017
vn 0.998758 -0.000000 -0.049834
vn 0.978753 -0.000000 -0.205041
vn 0.978815 -0.000000 -0.204749
vn 0.998971 -0.000000 -0.045361
vn 0.891001 -0.000000 -0.454001
vn 0.891134 -0.000000 -0.453740
vn 0.707131 -0.000000 -0.707082
vn 0.707102 -0.000000 -0.707112
vn 0.707131 -0.000000 -0.707082
vn 0.454064 -0.000000 -0.890969
vn 0.453735 -0.000000 -0.891137
vn 0.707102 -0.000000 -0.707112
vn 0.205098 -0.000000 -0.978741
vn 0.204755 -0.000000 -0.978813
vn 0.045430 -0.000000 -0.998968
vn 0.045370 -0.000000 -0.998970
vn -0.045430 -0.000000 -0.998968
vn -0.045370 -0.000000 -0.998970
vn -0.205098 -0.000000 -0.978741
vn -0.204755 -0.000000 -0.978813
vn -0.454064 -0.000000 -0.890969
vn -0.453736 -0.000000 -0.891136
vn -0.707131 -0.000000 -0.707083
vn -0.707102 -0.000000 -0.707111
vn -0.707131 -0.000000 -0.707083
vn -0.891001 -0.000000 -0.454001
vn -0.891134 -0.000000 -0.453740
vn -0.707102 -0.000000 -0.707111
vn -0.978753 -0.000000 -0.205041
vn -0.978815 -0.000000 -0.204749
vn -0.998779 -0.000000 -0.049408
vn -0.998971 -0.000000 -0.045361
vn -1.000000 0.000000 0.000000
vn -1.000000 0.000000 0.000000
vn -0.998968 0.000000 0.045413
vn -0.978753 0.000000 0.205041
vn -0.978815 0.000000 0.204749
vn -0.998971 0.000000 0.045361
vn -0.891001 0.000000 0.454001
vn -0.891156 0.000000 0.453697
vn -0.707131 0.000000 0.707082
vn -0.707139 0.000000 0.707074
vn -0.707131 0.000000 0.707082
vn -0.454064 0.000000 0.890969
vn -0.453735 0.000000 0.891137
vn -0.707139 0.000000 0.707074
vn -0.205098 0.000000 0.978741
vn -0.204729 0.000000 0.978819
vn 0.997613 0.051181 -0.046347
vn 0.998781 0.049370 -0.000000
vn -0.082904 0.996558 -0.000000
vn -0.998714 0.024843 0.044197
vn -0.998884 0.021824 0.041878
vn -0.999729 0.023059 -0.003134
vn -0.998440 0.055833 -0.000000
vn 0.999541 -0.005567 -0.029766
vn 1.000000 0.000000 0.000000
vn 0.201991 0.055081 -0.977837
vn 0.451187 0.062330 -0.890250
vn 0.705464 0.065792 -0.705686
vn 0.724514 -0.688459 0.033238
vn 0.998710 0.023927 0.044790
vn 0.978691 0.026572 0.203614
vn 0.724439 -0.672294 0.152347
vn 0.891074 0.029631 0.452890
vn 0.665908 -0.664189 0.339733
vn 0.706719 0.030815 0.706823
vn 0.530940 -0.660518 0.530866
vn -0.203537 0.025806 0.978727
vn -0.152358 -0.672589 0.724162
vn -0.452787 0.029198 0.891141
vn -0.339750 -0.664352 0.665738
vn -0.706719 0.030815 0.706823
vn -0.530944 -0.660515 0.530866
vn -0.977711 0.056720 -0.202150
vn -0.890078 0.063258 -0.451397
vn -0.705464 0.065792 -0.705686
vn -0.046414 0.049179 -0.997711
vn 0.045828 0.022798 0.998689
vn 0.044625 -0.022376 0.998753
vn -0.206852 0.055249 -0.976811
vn -0.454571 0.062406 -0.888522
vn -0.705684 0.065790 -0.705466
vn 0.976760 0.056866 -0.206653
vn 0.888593 0.063314 -0.454307
vn 0.705683 0.065792 -0.705466
vn 0.205904 0.025655 0.978236
vn 0.203471 -0.019834 0.978880
vn 0.454471 0.029212 0.890282
vn 0.453166 -0.016705 0.891269
vn 0.706749 0.030814 0.706793
vn 0.708791 -0.013853 0.705282
vn -0.978233 0.026445 0.205815
vn -0.979159 0.017935 0.202302
vn -0.890329 0.029675 0.454350
vn -0.892163 0.003049 0.451703
vn -0.706918 0.030816 0.706624
vn -0.706482 -0.015262 0.707566
vn -0.999721 0.023492 -0.002630
vn -0.999730 0.023049 -0.003009
vn 0.979064 -0.202607 0.019601
vn -0.000031 1.000000 -0.000000
vn 0.000051 1.000000 -0.000000
vn -0.000013 1.000000 -0.000000
vn 0.000009 1.000000 -0.000000
vn 0.000009 1.000000 -0.000000
vn -0.000000 1.000000 -0.000000
vn -0.000002 1.000000 -0.000000
vn 0.000000 1.000000 -0.000000
vn -0.000002 1.000000 -0.000000
vn -0.000006 1.000000 -0.000000
vn -0.000001 1.000000 -0.000000
vn 0.000020 1.000000 -0.000000
vn 0.000015 1.000000 -0.000000
vn -0.000051 1.000000 -0.000000
vn -0.999735 0.023031 -0.000002
vn 0.512766 -0.857890 0.033107
vn -0.724428 -0.672306 0.152346
vn -0.724514 -0.688459 0.033238
vn -0.999735 0.023031 -0.000002
vn -0.074905 -0.996977 0.020633
vn -0.665914 -0.664183 0.339734
vn -0.028702 -0.999300 0.024012
vn -0.530944 -0.660515 0.530866
vn -0.018440 -0.999174 0.036221
vn -0.339750 -0.664352 0.665738
vn -0.008547 -0.999127 0.040886
vn -0.152358 -0.672589 0.724162
vn -0.002058 -0.999026 0.044071
vn -0.033247 -0.688761 0.724225
vn 0.001904 -0.999025 0.044104
vn 0.033247 -0.688762 0.724225
vn 0.008517 -0.999128 0.040870
vn 0.152359 -0.672590 0.724162
vn 0.018435 -0.999174 0.036221
vn 0.339752 -0.664350 0.665738
vn 0.028605 -0.999331 0.022801
vn 0.530940 -0.660518 0.530866
vn 0.071340 -0.997245 0.020335
vn 0.665908 -0.664189 0.339733
vn -0.520570 -0.852993 0.037539
vn 0.724439 -0.672294 0.152347
vn 0.979064 -0.202607 0.019601
vn 0.724514 -0.688459 0.033238
vn 0.999297 -0.009198 0.036353
vn -0.999324 0.006327 0.036218
vn -0.999435 -0.006654 0.032936
vn -0.999115 0.015673 0.039025
vn 0.999252 0.005736 0.038253
vn 0.999075 0.015844 0.039965
vn 0.998892 -0.032108 0.034413
vn 0.996779 -0.074538 0.029580
vn -0.999307 -0.023537 0.028819
vn -0.998902 -0.042451 0.019797
vn 0.979639 -0.009645 0.200537
vn 0.979539 -0.063814 0.190867
vn 0.973207 -0.153357 0.171317
vn 0.892913 -0.086375 0.441866
vn 0.876766 -0.251889 0.409674
vn 0.806913 -0.482116 0.341256
vn 0.703335 -0.177048 0.688457
vn 0.652761 -0.438885 0.617482
vn 0.525046 -0.707652 0.472817
vn -0.043884 -0.183711 0.982000
vn -0.200199 -0.183569 0.962405
vn -0.040268 -0.438972 0.897598
vn -0.182971 -0.442500 0.877904
vn -0.032138 -0.700978 0.712458
vn -0.144598 -0.706491 0.692793
vn -0.445294 -0.181785 0.876737
vn -0.406265 -0.443088 0.799138
vn -0.319894 -0.708716 0.628800
vn -0.697058 -0.179693 0.694133
vn -0.642122 -0.440643 0.627306
vn -0.513734 -0.708065 0.484480
vn 0.044341 -0.183767 0.981969
vn 0.040519 -0.439030 0.897558
vn 0.032016 -0.701023 0.712420
vn 0.200596 -0.183608 0.962314
vn 0.183134 -0.442513 0.877863
vn 0.144544 -0.706507 0.692788
vn 0.445858 -0.181823 0.876442
vn 0.406561 -0.443119 0.798971
vn 0.319982 -0.708730 0.628739
vn 0.703335 -0.177048 0.688457
vn 0.652761 -0.438885 0.617482
vn 0.525046 -0.707652 0.472817
vn -0.980489 -0.012289 0.196190
vn -0.981101 -0.066547 0.181691
vn -0.974998 -0.156097 0.158154
vn -0.892950 -0.091288 0.440803
vn -0.876770 -0.256012 0.407103
vn -0.806901 -0.483908 0.338739
vn -0.697058 -0.179693 0.694133
vn -0.642122 -0.440643 0.627306
vn -0.513734 -0.708065 0.484480
vn 0.512766 -0.857890 0.033107
vn -0.716875 -0.693626 0.070520
vn -0.936508 -0.328250 0.123305
vn -0.716875 -0.693626 0.070520
vn -0.324034 -0.940479 0.102480
vn -0.324034 -0.940479 0.102480
vn -0.625585 -0.745704 0.229280
vn -0.143260 -0.982046 0.122728
vn -0.625585 -0.745704 0.229280
vn -0.328652 -0.897050 0.295448
vn -0.328652 -0.897050 0.295448
vn -0.087797 -0.981096 0.172459
vn -0.201375 -0.896052 0.395650
vn -0.513734 -0.708065 0.484480
vn -0.319894 -0.708716 0.628800
vn -0.040224 -0.980488 0.192419
vn -0.091524 -0.894271 0.438066
vn -0.144598 -0.706491 0.692793
vn -0.009313 -0.979202 0.202672
vn -0.020665 -0.890430 0.454651
vn -0.020665 -0.890430 0.454651
vn -0.091524 -0.894271 0.438066
vn 0.008910 -0.979196 0.202722
vn 0.020255 -0.890434 0.454661
vn 0.020255 -0.890434 0.454661
vn 0.040112 -0.980492 0.192420
vn 0.091372 -0.894278 0.438084
vn 0.091372 -0.894278 0.438084
vn 0.087782 -0.981098 0.172457
vn 0.201372 -0.896059 0.395636
vn 0.144544 -0.706507 0.692788
vn 0.319982 -0.708730 0.628739
vn 0.145719 -0.982322 0.117514
vn 0.336405 -0.897350 0.285650
vn 0.525046 -0.707652 0.472817
vn 0.318159 -0.942623 0.101173
vn 0.623622 -0.747268 0.229537
vn 0.623622 -0.747268 0.229537
vn 0.336405 -0.897350 0.285650
vn 0.713723 -0.695923 0.079320
vn 0.713723 -0.695923 0.079320
vn 0.318159 -0.942623 0.101173
vn 0.935210 -0.326171 0.137818
vn -0.520570 -0.852993 0.037539
vn -0.000069 0.016138 0.999870
vn -0.018243 0.059389 0.998068
vn -0.030118 0.059089 0.997798
vn -0.000164 0.016504 0.999864
vn 0.046084 0.038592 0.998192
vn 0.031820 0.075380 0.996647
vn 0.002829 0.078118 0.996940
vn 0.002552 0.032348 0.999473
vn 0.016549 0.076290 0.996948
vn 0.023404 0.075889 0.996842
vn 0.034800 0.066445 0.997183
vn 0.052342 0.057584 0.996968
vn -0.000958 0.030425 0.999537
vn -0.051693 0.058304 0.996960
vn -0.047597 0.037058 0.998179
vn -0.041927 0.074852 0.996313
vn -0.024646 0.079289 0.996547
vn -0.017670 0.078874 0.996728
vn -0.003194 0.078662 0.996896
vn -0.032275 0.074663 0.996686
vn 0.000064 0.015929 0.999873
vn 0.000070 0.016138 0.999870
vn 0.018220 0.059369 0.998070
vn 0.013340 0.061653 0.998009
vn 0.000303 0.017236 0.999851
vn 0.045444 0.017939 0.998806
vn 0.063599 0.033433 0.997415
vn 0.045851 0.049850 0.997704
vn 0.000164 0.016504 0.999864
vn 0.030128 0.059117 0.997796
vn -0.000093 0.015965 0.999873
vn 0.000501 0.063331 0.997992
vn -0.000940 0.063133 0.998005
vn -0.000031 0.015781 0.999875
vn -0.013331 0.061650 0.998009
vn -0.000064 0.015929 0.999873
vn -0.063607 0.033461 0.997414
vn -0.045460 0.017964 0.998805
vn -0.000303 0.017236 0.999851
vn -0.045894 0.049806 0.997704
vn -0.000001 -1.000000 0.000004
vn 0.000000 -1.000000 0.000000
vn -0.000000 -1.000000 0.000000
vn 0.000000 -1.000000 -0.000274
vn 0.000001 -1.000000 -0.000004
vn -0.000034 -1.000000 0.000103
vn 0.000023 -1.000000 -0.000023
vn -0.000103 -1.000000 0.000034
vn 0.000003 -1.000000 0.000005
vn 0.000019 -1.000000 0.000017
vn -0.000006 -1.000000 -0.000006
vn 0.000000 -1.000000 0.000000
vn 0.000000 -1.000000 0.000000
vn 0.000003 -1.000000 -0.000000
vn 0.000006 -1.000000 -0.000006
vn -0.000006 -1.000000 0.000009
vn 0.000103 -1.000000 0.000034
vn 0.000000 -1.000000 -0.000002
vn -0.000137 -1.000000 -0.000137
vn 0.000009 -1.000000 0.000012
vn 0.000034 -1.000000 0.000103
vn 0.000006 -1.000000 0.000005
vn 0.681481 0.728791 0.066686
vn 0.681846 0.728939 0.061105
vn 0.998316 0.034945 0.046306
vn 0.998436 0.034857 0.043712
vn 0.057366 0.997325 0.045307
vn 0.057365 0.997319 0.045438
vn 0.681846 0.728939 0.061105
vn 0.681481 0.728791 0.066686
vn 0.213184 0.975963 0.045261
vn 0.213183 0.975960 0.045334
vn 0.296080 0.954092 0.045221
vn 0.296080 0.954095 0.045151
vn 0.462382 0.885506 0.045634
vn 0.462382 0.885489 0.045953
vn 0.683584 0.728484 0.044977
vn 0.683580 0.728478 0.045145
vn 0.462382 0.885489 0.045953
vn 0.462382 0.885506 0.045634
vn 0.936038 0.348695 0.047374
vn 0.935662 0.349450 0.049208
vn 0.998931 0.006165 0.045810
vn 0.998977 0.006151 0.044800
vn 0.000000 1.000000 -0.000000
vn 0.000000 1.000000 -0.000000
vn 0.000000 1.000000 -0.000000
vn 0.000000 1.000000 -0.000000
vn 0.000000 1.000000 -0.000000
vn 0.000000 1.000000 -0.000000
vn 0.000000 1.000000 -0.000000
vn 0.000000 1.000000 -0.000000
vn 0.000000 1.000000 -0.000000
vn 0.000000 1.000000 -0.000000
vn 0.000000 1.000000 -0.000000
vn 0.000000 1.000000 -0.000000
vn 0.000000 1.000000 -0.000000
vn 0.000000 1.000000 -0.000000
vn 0.000000 1.000000 -0.000000
vn 0.000000 1.000000 -0.000000
vn 0.000000 1.000000 -0.000000
vn 0.000000 1.000000 -0.000000
vn -0.936698 0.346922 0.047356
vn -0.936161 0.350055 0.032611
vn -0.998979 0.006221 0.044740
vn -0.998931 0.006146 0.045812
vn -0.683629 0.728418 0.045379
vn -0.683604 0.728429 0.045578
vn -0.462395 0.885499 0.045634
vn -0.462388 0.885486 0.045958
vn -0.296063 0.954097 0.045221
vn -0.296065 0.954100 0.045153
vn -0.462388 0.885486 0.045958
vn -0.462395 0.885499 0.045634
vn -0.213183 0.975963 0.045261
vn -0.213181 0.975960 0.045334
vn -0.057364 0.997324 0.045319
vn -0.057356 0.997320 0.045420
vn -0.681472 0.728809 0.066581
vn -0.681834 0.728942 0.061202
vn -0.998436 0.034848 0.043722
vn -0.998316 0.034943 0.046301
vn -0.681834 0.728942 0.061202
vn -0.681472 0.728809 0.066581
vn -0.204523 0.018857 0.978680
vn -0.121128 0.056491 0.991028
vn -0.453859 0.019096 0.890869
vn -0.321846 0.127609 0.938153
vn -0.707656 0.017567 0.706338
vn -0.620793 0.232701 0.748643
vn 0.166157 0.073165 0.983381
vn 0.204636 0.018642 0.978661
vn 0.385767 0.153710 0.909701
vn 0.454045 0.018376 0.890789
vn 0.625431 0.240764 0.742205
vn 0.707721 0.016416 0.706301
vn 0.206379 0.043018 0.977526
vn 0.128901 0.175143 0.976068
vn 0.454378 0.048058 0.889512
vn 0.268719 0.316700 0.909666
vn 0.706084 0.049679 0.706383
vn 0.430268 0.478934 0.765174
vn 0.012416 0.230053 0.973099
vn 0.026583 0.469599 0.882479
vn 0.040814 0.712599 0.700383
vn 0.049607 0.227041 0.972621
vn 0.100867 0.461742 0.881261
vn 0.152687 0.698997 0.698634
vn 0.069884 0.225656 0.971697
vn 0.141277 0.455603 0.878901
vn 0.212966 0.686456 0.695287
vn 0.102684 0.197727 0.974864
vn 0.213246 0.409078 0.887232
vn 0.326948 0.626479 0.707551
vn 0.152116 0.164627 0.974556
vn 0.317268 0.339729 0.885395
vn 0.485625 0.518389 0.703876
vn -0.129164 0.174608 0.976129
vn -0.206373 0.043060 0.977525
vn -0.268648 0.316235 0.909848
vn -0.454372 0.048082 0.889514
vn -0.430032 0.478575 0.765532
vn -0.706080 0.049686 0.706387
vn -0.153532 0.161882 0.974793
vn -0.321260 0.334864 0.885810
vn -0.491193 0.513602 0.703522
vn -0.102800 0.197680 0.974861
vn -0.213342 0.409041 0.887226
vn -0.327010 0.626456 0.707543
vn -0.069941 0.225552 0.971717
vn -0.141342 0.455520 0.878934
vn -0.213002 0.686416 0.695315
vn -0.049630 0.227036 0.972621
vn -0.100892 0.461739 0.881259
vn -0.152706 0.698993 0.698634
vn -0.011898 0.230149 0.973083
vn -0.026242 0.469672 0.882451
vn -0.040606 0.712647 0.700347
vn 0.658098 0.707048 0.258825
vn 0.977587 0.040203 0.206655
vn 0.572961 0.622353 0.533284
vn 0.889412 0.046466 0.454739
vn 0.430268 0.478934 0.765174
vn 0.706084 0.049679 0.706383
vn 0.056201 0.977181 0.204839
vn 0.658098 0.707048 0.258825
vn 0.051193 0.890821 0.451461
vn 0.572961 0.622353 0.533284
vn 0.572961 0.622353 0.533284
vn 0.051193 0.890821 0.451461
vn 0.208907 0.956383 0.204182
vn 0.190573 0.872449 0.450017
vn 0.190573 0.872449 0.450017
vn 0.290217 0.935184 0.202987
vn 0.265061 0.854186 0.447335
vn 0.265061 0.854186 0.447335
vn 0.452767 0.867085 0.207762
vn 0.411511 0.788189 0.457620
vn 0.411511 0.788189 0.457620
vn 0.669584 0.713646 0.205834
vn 0.452767 0.867085 0.207762
vn 0.609539 0.649920 0.453945
vn 0.411511 0.788189 0.457620
vn 0.609539 0.649920 0.453945
vn 0.912693 0.342003 0.223662
vn 0.815742 0.308695 0.489155
vn 0.625431 0.240764 0.742205
vn 0.485625 0.518389 0.703876
vn 0.979028 0.008879 0.203533
vn 0.891648 0.012860 0.452547
vn 0.707721 0.016416 0.706301
vn -0.925218 0.343194 0.161832
vn -0.979061 0.009331 0.203353
vn -0.852253 0.315109 0.417577
vn -0.891708 0.013860 0.452399
vn -0.620793 0.232701 0.748643
vn -0.707656 0.017567 0.706338
vn -0.670645 0.712866 0.205076
vn -0.613307 0.647174 0.452791
vn -0.491193 0.513602 0.703522
vn -0.452775 0.867082 0.207758
vn -0.411540 0.788178 0.457613
vn -0.613307 0.647174 0.452791
vn -0.411540 0.788178 0.457613
vn -0.290188 0.935191 0.202997
vn -0.452775 0.867082 0.207758
vn -0.265055 0.854182 0.447346
vn -0.411540 0.788178 0.457613
vn -0.265055 0.854182 0.447346
vn -0.208908 0.956382 0.204184
vn -0.190582 0.872446 0.450018
vn -0.190582 0.872446 0.450018
vn -0.056158 0.977185 0.204830
vn -0.051083 0.890835 0.451446
vn -0.051083 0.890835 0.451446
vn -0.658038 0.706995 0.259120
vn -0.572777 0.622159 0.533708
vn -0.572777 0.622159 0.533708
vn -0.977588 0.040198 0.206655
vn -0.658038 0.706995 0.259120
vn -0.889410 0.046462 0.454743
vn -0.572777 0.622159 0.533708
vn -0.706080 0.049686 0.706387
vn -0.430032 0.478575 0.765532
vn 0.000000 1.000000 -0.000000
vn 0.000000 1.000000 -0.000000
vn 0.000000 1.000000 -0.000000
vn 0.000000 1.000000 -0.000000
vn 0.000000 1.000000 -0.000000
vn 0.000000 1.000000 -0.000000
vn 0.000000 1.000000 -0.000000
vn 0.000000 1.000000 -0.000000
vn -0.104007 0.968017 -0.228312
vn -0.567305 0.335332 -0.752142
vn -0.024537 0.992967 -0.115822
vn 0.567301 0.335333 -0.752144
vn 0.104011 0.968015 -0.228317
vn 0.024505 0.992973 -0.115775
vn 0.000000 -1.000000 0.000018
vn 0.000006 -1.000000 0.000033
vn -0.000016 -1.000000 -0.000013
vn 0.000005 -1.000000 0.000004
vn 0.000006 -1.000000 0.000003
vn 0.000016 -1.000000 -0.000013
vn 0.000000 1.000000 -0.000000
vn 0.000000 1.000000 -0.000000
vn 0.000000 1.000000 -0.000000
vn 0.000000 1.000000 -0.000000
vn 0.049089 0.090660 0.994671
vn 0.285143 0.042542 0.957540
vn 0.175739 0.223086 0.958827
vn 0.513487 0.047504 0.856781
vn 0.345050 0.396369 0.850783
vn 0.737745 0.048961 0.673301
vn -0.285070 0.041367 0.957614
vn -0.047735 0.092123 0.994603
vn -0.513417 0.046633 0.856871
vn -0.174768 0.224487 0.958677
vn -0.737697 0.048421 0.673394
vn -0.344598 0.397525 0.850427
vn -0.065405 0.211016 0.975292
vn -0.105689 0.202830 0.973493
vn -0.138181 0.445374 0.884617
vn -0.218630 0.418916 0.881312
vn -0.211527 0.681677 0.700409
vn -0.331729 0.635368 0.697326
vn 0.065332 0.210961 0.975309
vn 0.047701 0.218542 0.974661
vn 0.138097 0.445333 0.884651
vn 0.100050 0.458167 0.883217
vn 0.211481 0.681655 0.700444
vn 0.152645 0.698904 0.698736
vn 0.204872 0.018457 0.978615
vn 0.213149 0.088865 0.972970
vn 0.453485 0.018272 0.891077
vn 0.436434 0.170774 0.883381
vn 0.706413 0.016386 0.707610
vn 0.663364 0.253161 0.704172
vn 0.155856 0.166178 0.973701
vn 0.323075 0.344334 0.881508
vn 0.490587 0.522812 0.697131
vn 0.105685 0.202826 0.973495
vn 0.218617 0.418912 0.881317
vn 0.331716 0.635366 0.697334
vn 0.010351 0.224232 0.974481
vn 0.025320 0.468920 0.882878
vn 0.040257 0.714550 0.698426
vn -0.011041 0.224214 0.974477
vn -0.025877 0.468935 0.882854
vn -0.040611 0.714581 0.698373
vn -0.047700 0.218545 0.974660
vn -0.100057 0.458168 0.883216
vn -0.152652 0.698899 0.698739
vn -0.155934 0.166125 0.973698
vn -0.213085 0.088926 0.972978
vn -0.323145 0.344303 0.881495
vn -0.436314 0.170923 0.883411
vn -0.490656 0.522798 0.697093
vn -0.663221 0.253388 0.704225
vn -0.204867 0.018501 0.978615
vn -0.453480 0.018303 0.891078
vn -0.706410 0.016401 0.707613
vn 0.979575 0.039909 0.197079
vn 0.647799 0.698461 0.304151
vn 0.900033 0.045894 0.433399
vn 0.526543 0.578983 0.622520
vn 0.737745 0.048961 0.673301
vn 0.345050 0.396369 0.850783
vn 0.647799 0.698461 0.304151
vn 0.056174 0.977486 0.203388
vn 0.526543 0.578983 0.622520
vn 0.051022 0.892170 0.448810
vn 0.051022 0.892170 0.448810
vn 0.526543 0.578983 0.622520
vn 0.208943 0.956553 0.203346
vn 0.190686 0.873001 0.448896
vn 0.190686 0.873001 0.448896
vn 0.290181 0.935065 0.203590
vn 0.264682 0.852959 0.449894
vn 0.264682 0.852959 0.449894
vn 0.453131 0.867786 0.204009
vn 0.413583 0.792074 0.448963
vn 0.413583 0.792074 0.448963
vn 0.453131 0.867786 0.204009
vn 0.669974 0.713973 0.203417
vn 0.413583 0.792074 0.448963
vn 0.611683 0.651847 0.448262
vn 0.611683 0.651847 0.448262
vn 0.915685 0.342619 0.210077
vn 0.831710 0.313466 0.458255
vn 0.490587 0.522812 0.697131
vn 0.663364 0.253161 0.704172
vn 0.978535 0.008912 0.205886
vn 0.890488 0.012879 0.454824
vn 0.706413 0.016386 0.707610
vn -0.978535 0.008900 0.205891
vn -0.915661 0.342659 0.210120
vn -0.890486 0.012878 0.454829
vn -0.831610 0.313644 0.458315
vn -0.706410 0.016401 0.707613
vn -0.663221 0.253388 0.704225
vn -0.670053 0.713929 0.203308
vn -0.611759 0.651834 0.448179
vn -0.490656 0.522798 0.697093
vn -0.453142 0.867781 0.204005
vn -0.413594 0.792072 0.448956
vn -0.413594 0.792072 0.448956
vn -0.611759 0.651834 0.448179
vn -0.453142 0.867781 0.204005
vn -0.290151 0.935074 0.203590
vn -0.413594 0.792072 0.448956
vn -0.264676 0.852965 0.449885
vn -0.264676 0.852965 0.449885
vn -0.208943 0.956556 0.203331
vn -0.190690 0.873005 0.448887
vn -0.190690 0.873005 0.448887
vn -0.056206 0.977489 0.203363
vn -0.051176 0.892193 0.448745
vn -0.051176 0.892193 0.448745
vn -0.647780 0.698665 0.303724
vn -0.526457 0.579671 0.621953
vn -0.526457 0.579671 0.621953
vn -0.647780 0.698665 0.303724
vn -0.979570 0.039834 0.197117
vn -0.526457 0.579671 0.621953
vn -0.900012 0.045640 0.433469
vn -0.344598 0.397525 0.850427
vn -0.737697 0.048421 0.673394
vn 0.000000 1.000000 -0.000000
vn 0.000000 1.000000 -0.000000
vn 0.000000 1.000000 -0.000000
vn 0.000000 1.000000 -0.000000
vn 0.000000 1.000000 -0.000000
vn 0.000000 1.000000 -0.000000
vn 0.000000 1.000000 -0.000000
vn 0.000000 1.000000 -0.000000
vn 0.000000 1.000000 -0.000000
vn 0.000000 1.000000 -0.000000
vn 0.000000 1.000000 -0.000000
vn 0.000000 1.000000 -0.000000
vn 0.000000 1.000000 -0.000000
vn 0.000000 1.000000 -0.000000
vn 0.000000 1.000000 -0.000000
vn 0.000000 1.000000 -0.000000
vn 0.000000 1.000000 -0.000000
vn 0.000000 1.000000 -0.000000
vn 0.000000 1.000000 -0.000000
vn 0.000000 1.000000 -0.000000
vn 0.000000 1.000000 -0.000000
vn 0.000000 1.000000 -0.000000
vn 0.000000 1.000000 -0.000000
vn 0.000000 1.000000 -0.000000
vn 0.000000 1.000000 -0.000000
vn 0.000000 1.000000 -0.000000
vn 0.000000 1.000000 -0.000000
vn 0.000000 1.000000 -0.000000
vn 0.000000 1.000000 -0.000000
vn 0.000000 1.000000 -0.000000
vn 0.000000 1.000000 -0.000000
vn 0.000000 1.000000 -0.000000
vn 0.000000 1.000000 -0.000000
vn 0.000000 1.000000 -0.000000
vn 0.000000 1.000000 -0.000000
vn 0.000000 1.000000 -0.000000
vn 0.000000 1.000000 -0.000000
vn 0.000000 1.000000 -0.000000
vn 0.000000 1.000000 -0.000000
vn 0.000000 1.000000 -0.000000
vn 0.000000 1.000000 -0.000000
vn 0.000000 1.000000 -0.000000
vn 0.000000 1.000000 -0.000000
vn 0.000000 1.000000 -0.000000
vn 0.000000 1.000000 -0.000000
vn 0.000000 1.000000 -0.000000
vn 0.000000 1.000000 -0.000000
vn 0.000000 1.000000 -0.000000
vn 0.000000 1.000000 -0.000000
vn 0.000000 1.000000 -0.000000
vn 0.000000 1.000000 -0.000000
vn 0.000000 1.000000 -0.000000
vn 0.000000 1.000000 -0.000000
vn 0.000000 1.000000 -0.000000
vn 0.000000 1.000000 -0.000000
vn 0.000000 1.000000 -0.000000
vn 0.000000 1.000000 -0.000000
vn 0.000000 1.000000 -0.000000
vn 0.000000 1.000000 -0.000000
vn 0.000000 1.000000 -0.000000
vn 0.000000 1.000000 -0.000000
vn 0.000000 1.000000 -0.000000
vn 0.000000 1.000000 -0.000000
vn 0.000000 1.000000 -0.000000
vn 0.000000 1.000000 -0.000000
vn 0.000000 1.000000 -0.000000
vn 0.000000 1.000000 -0.000000
vn 0.000000 1.000000 -0.000000
vn 0.000000 1.000000 -0.000000
vn 0.000000 1.000000 -0.000000
vn 0.000000 1.000000 -0.000000
vn 0.000000 1.000000 -0.000000
vn 0.000000 1.000000 -0.000000
vn 0.000000 1.000000 -0.000000
vn 0.000000 1.000000 -0.000000
vn 0.000000 1.000000 -0.000000
vn 0.000000 1.000000 -0.000000
vn 0.000000 1.000000 -0.000000
vn 0.000000 1.000000 -0.000000
vn 0.000000 1.000000 -0.000000
vn 0.090538 0.000000 0.995893
vn 0.090538 0.000000 0.995893
vn 0.090538 0.000000 0.995893
vn 0.090538 0.000000 0.995893
vn 0.090538 0.000000 0.995893
vn 0.090538 0.000000 0.995893
vn 0.316228 0.000000 0.948683
vn 0.316228 0.000000 0.948683
vn 0.316228 0.000000 0.948683
vn 0.316228 0.000000 0.948683
vn 0.316228 0.000000 0.948683
vn 0.316228 0.000000 0.948683
vn 0.581240 0.000000 0.813732
vn 0.581240 0.000000 0.813732
vn 0.581240 0.000000 0.813732
vn 0.581240 0.000000 0.813732
vn 0.813730 -0.000000 0.581242
vn 0.813730 -0.000000 0.581242
vn 0.813730 -0.000000 0.581242
vn 0.813728 0.000000 0.581246
vn 0.813728 0.000000 0.581246
vn 0.813728 0.000000 0.581246
vn 0.948685 0.000000 0.316223
vn 0.948685 0.000000 0.316223
vn 0.948685 0.000000 0.316223
vn 0.948685 -0.000000 0.316222
vn 0.948685 -0.000000 0.316222
vn 0.948685 -0.000000 0.316222
vn 0.995893 0.000000 0.090540
vn 0.995893 0.000000 0.090540
vn 0.995893 0.000000 0.090540
vn 0.995893 0.000000 0.090540
vn 0.995893 0.000000 0.090540
vn 0.995893 0.000000 0.090540
vn 1.000000 0.000000 0.000000
vn 1.000000 0.000000 0.000000
vn 1.000000 0.000000 0.000000
vn 1.000000 0.000000 0.000000
vn 0.995893 -0.000000 -0.090540
vn 0.995893 -0.000000 -0.090540
vn 0.995893 -0.000000 -0.090540
vn 0.995893 -0.000000 -0.090540
vn 0.995893 -0.000000 -0.090540
vn 0.995893 -0.000000 -0.090540
vn 0.948685 -0.000000 -0.316223
vn 0.948685 -0.000000 -0.316223
vn 0.948685 -0.000000 -0.316223
vn 0.948685 -0.000000 -0.316223
vn 0.948685 -0.000000 -0.316223
vn 0.948685 -0.000000 -0.316223
vn 0.813730 -0.000000 -0.581242
vn 0.813730 -0.000000 -0.581242
vn 0.813730 -0.000000 -0.581242
vn 0.813730 -0.000000 -0.581242
vn 0.581240 -0.000000 -0.813732
vn 0.581240 -0.000000 -0.813732
vn 0.581240 -0.000000 -0.813732
vn 0.581240 -0.000000 -0.813732
vn 0.316228 -0.000000 -0.948683
vn 0.316228 -0.000000 -0.948683
vn 0.316228 -0.000000 -0.948683
vn 0.316228 -0.000000 -0.948683
vn 0.316228 -0.000000 -0.948683
vn 0.316228 -0.000000 -0.948683
vn 0.090538 -0.000000 -0.995893
vn 0.090538 -0.000000 -0.995893
vn 0.090538 -0.000000 -0.995893
vn 0.090538 -0.000000 -0.995893
vn 0.090538 -0.000000 -0.995893
vn 0.090538 -0.000000 -0.995893
vn 0.000000 -0.000000 -1.000000
vn 0.000000 -0.000000 -1.000000
vn 0.000000 -0.000000 -1.000000
vn 0.000000 -0.000000 -1.000000
vn 0.000000 -0.000000 -1.000000
vn 0.000000 -0.000000 -1.000000
vn 0.000000 -0.000000 -1.000000
vn 0.000000 -0.000000 -1.000000
vn 0.000000 -0.000000 -1.000000
vn 0.000000 -0.000000 -1.000000
vn 0.000000 -0.000000 -1.000000
vn 0.000000 -0.000000 -1.000000
vn 0.000000 -0.000000 -1.000000
vn 0.000000 -0.000000 -1.000000
vn 0.000000 -0.000000 -1.000000
vn 0.000000 -0.000000 -1.000000
vn 0.000000 -0.000000 -1.000000
vn 0.000000 -0.000000 -1.000000
vn 0.000000 -0.000000 -1.000000
vn 0.000000 -0.000000 -1.000000
vn 0.000000 -0.000000 -1.000000
vn 0.000000 -0.000000 -1.000000
vn 0.000000 -0.000000 -1.000000
vn 0.000000 -0.000000 -1.000000
vn 0.000000 -0.000000 -1.000000
vn 0.000000 -0.000000 -1.000000
vn 0.000000 -0.000000 -1.000000
vn 0.000000 -0.000000 -1.000000
vn 0.000000 -0.000000 -1.000000
vn 0.000000 -0.000000 -1.000000
vn 0.000000 -0.000000 -1.000000
vn 0.000000 -0.000000 -1.000000
vn -0.090538 -0.000000 -0.995893
vn -0.090538 -0.000000 -0.995893
vn -0.090538 -0.000000 -0.995893
vn -0.090538 -0.000000 -0.995893
vn -0.090538 -0.000000 -0.995893
vn -0.090538 -0.000000 -0.995893
vn -0.316228 -0.000000 -0.948683
vn -0.316228 -0.000000 -0.948683
vn -0.316228 -0.000000 -0.948683
vn -0.316228 -0.000000 -0.948683
vn -0.316228 -0.000000 -0.948683
vn -0.316228 -0.000000 -0.948683
vn -0.581240 -0.000000 -0.813732
vn -0.581240 -0.000000 -0.813732
vn -0.581240 -0.000000 -0.813732
vn -0.581240 -0.000000 -0.813732
vn -0.813730 -0.000000 -0.581242
vn -0.813730 -0.000000 -0.581242
vn -0.813730 -0.000000 -0.581242
vn -0.813730 -0.000000 -0.581242
vn -0.948685 -0.000000 -0.316223
vn -0.948685 -0.000000 -0.316223
vn -0.948685 -0.000000 -0.316223
vn -0.948685 -0.000000 -0.316223
vn -0.948685 -0.000000 -0.316223
vn -0.948685 -0.000000 -0.316223
vn -0.995893 -0.000000 -0.090540
vn -0.995893 -0.000000 -0.090540
vn -0.995893 -0.000000 -0.090540
vn -0.995893 -0.000000 -0.090540
vn -0.995893 -0.000000 -0.090540
vn -0.995893 -0.000000 -0.090540
vn -1.000000 0.000000 0.000000
vn -1.000000 0.000000 0.000000
vn -1.000000 0.000000 0.000000
vn -1.000000 0.000000 0.000000
vn -0.995893 0.000000 0.090540
vn -0.995893 0.000000 0.090540
vn -0.995893 0.000000 0.090540
vn -0.995893 0.000000 0.090540
vn -0.995893 0.000000 0.090540
vn -0.995893 0.000000 0.090540
vn -0.948685 -0.000000 0.316223
vn -0.948685 -0.000000 0.316223
vn -0.948685 -0.000000 0.316223
vn -0.948685 0.000000 0.316222
vn -0.948685 0.000000 0.316222
vn -0.948685 0.000000 0.316222
vn -0.813730 0.000000 0.581242
vn -0.813730 0.000000 0.581242
vn -0.813730 0.000000 0.581242
vn -0.813728 -0.000000 0.581246
vn -0.813728 -0.000000 0.581246
vn -0.813728 -0.000000 0.581246
vn -0.581240 0.000000 0.813732
vn -0.581240 0.000000 0.813732
vn -0.581240 0.000000 0.813732
vn -0.581240 0.000000 0.813732
vn -0.316228 0.000000 0.948683
vn -0.316228 0.000000 0.948683
vn -0.316228 0.000000 0.948683
vn -0.316228 0.000000 0.948683
vn -0.316228 0.000000 0.948683
vn -0.316228 0.000000 0.948683
vn -0.090538 0.000000 0.995893
vn -0.090538 0.000000 0.995893
vn -0.090538 0.000000 0.995893
vn -0.090538 0.000000 0.995893
vn -0.090538 0.000000 0.995893
vn -0.090538 0.000000 0.995893
vn 0.000000 0.000000 1.000000
vn 0.000000 0.000000 1.000000
vn 0.000000 0.000000 1.000000
vn 0.000000 0.000000 1.000000
vn 0.000000 0.000000 1.000000
vn 0.000000 -0.000000 1.000000
vn 0.000000 0.342019 0.939693
vn 0.000000 0.342019 0.939693
vn 1.000000 0.000000 0.000000
vn 1.000000 0.000000 0.000000
vn 1.000000 0.000000 0.000000
vn 1.000000 0.000000 0.000000
vn 0.000000 -0.000000 -1.000000
vn 0.000000 0.000000 -1.000000
vn 0.000000 -0.342022 -0.939692
vn 0.000000 -0.342022 -0.939692
vn -1.000000 0.000000 0.000000
vn -1.000000 0.000000 0.000000
vn -1.000000 0.000000 0.000000
vn -1.000000 0.000000 0.000000
vn 0.000000 0.499998 0.866027
vn 0.000000 0.499998 0.866027
vn 1.000000 0.000000 0.000000
vn 1.000000 0.000000 0.000000
vn 0.000000 -0.642788 -0.766044
vn 0.000000 -0.642788 -0.766044
vn -1.000000 0.000000 0.000000
vn -1.000000 0.000000 0.000000
vn 0.000000 0.766045 0.642787
vn 0.000000 0.766045 0.642787
vn 0.000000 0.866026 0.499999
vn 0.000000 0.866026 0.499999
vn 1.000000 0.000000 0.000000
vn 1.000000 0.000000 0.000000
vn 0.000000 -0.866025 -0.500000
vn 0.000000 -0.866025 -0.500000
vn -1.000000 0.000000 0.000000
vn -1.000000 0.000000 0.000000
vn 0.000000 0.866026 0.499999
vn 0.000000 0.866026 0.499999
vn 0.000000 0.984808 0.173647
vn 0.000000 0.984808 0.173647
vn 1.000000 0.000000 0.000000
vn 1.000000 0.000000 0.000000
vn 0.000000 -0.866025 -0.500000
vn 0.000000 -0.866025 -0.500000
vn 0.000000 -0.984808 -0.173647
vn 0.000000 -0.984808 -0.173647
vn -1.000000 0.000000 0.000000
vn -1.000000 0.000000 0.000000
vn 0.000000 0.984808 -0.173648
vn 0.000000 0.984808 -0.173648
vn 1.000000 0.000000 0.000000
vn 1.000000 0.000000 0.000000
vn 0.000000 -0.984808 0.173648
vn 0.000000 -0.984808 0.173648
vn -1.000000 0.000000 0.000000
vn -1.000000 0.000000 0.000000
vn 0.000000 0.866026 -0.499998
vn 0.000000 0.866026 -0.499998
vn 1.000000 0.000000 0.000000
vn 1.000000 0.000000 0.000000
vn 0.000000 -0.866025 0.500001
vn 0.000000 -0.866025 0.500001
vn -1.000000 0.000000 0.000000
vn -1.000000 0.000000 0.000000
vn 0.000000 0.866026 -0.499998
vn 0.000000 0.866026 -0.499998
vn 0.000000 0.642788 -0.766044
vn 0.000000 0.642788 -0.766044
vn 1.000000 0.000000 0.000000
vn 1.000000 0.000000 0.000000
vn 0.000000 -0.866025 0.500001
vn 0.000000 -0.866025 0.500001
vn 0.000000 -0.642788 0.766044
vn 0.000000 -0.642788 0.766044
vn -1.000000 0.000000 0.000000
vn -1.000000 0.000000 0.000000
vn 0.000000 0.499999 -0.866026
vn 0.000000 0.499999 -0.866026
vn 1.000000 0.000000 0.000000
vn 1.000000 0.000000 0.000000
vn 0.000000 -0.342022 0.939692
vn 0.000000 -0.342022 0.939692
vn -1.000000 0.000000 0.000000
vn -1.000000 0.000000 0.000000
vn 0.000000 -0.024958 -0.999689
vn 0.000000 -0.024958 -0.999689
vn 0.000000 -0.099580 -0.995030
vn 0.000000 -0.099580 -0.995030
vn 1.000000 0.000000 0.000000
vn 1.000000 0.000000 0.000000
vn 0.000000 -0.000000 1.000000
vn 0.000000 0.000000 1.000000
vn -1.000000 0.000000 0.000000
vn -1.000000 0.000000 0.000000
vn 0.000000 -0.342020 -0.939693
vn 0.000000 -0.342020 -0.939693
vn 1.000000 0.000000 0.000000
vn 1.000000 0.000000 0.000000
vn 0.000000 0.342022 0.939692
vn 0.000000 0.342022 0.939692
vn -1.000000 0.000000 0.000000
vn -1.000000 0.000000 0.000000
vn 0.000000 -0.642788 -0.766044
vn 0.000000 -0.642788 -0.766044
vn 1.000000 0.000000 0.000000
vn 1.000000 0.000000 0.000000
vn 0.000000 0.642788 0.766044
vn 0.000000 0.642788 0.766044
vn -1.000000 0.000000 0.000000
vn -1.000000 0.000000 0.000000
vn 0.000000 -0.866026 -0.499999
vn 0.000000 -0.866026 -0.499999
vn 1.000000 0.000000 0.000000
vn 1.000000 0.000000 0.000000
vn 0.000000 0.866025 0.500000
vn 0.000000 0.866025 0.500000
vn -1.000000 0.000000 0.000000
vn -1.000000 0.000000 0.000000
vn 0.000000 -0.866026 -0.499999
vn 0.000000 -0.866026 -0.499999
vn 0.000000 -0.984808 -0.173647
vn 0.000000 -0.984808 -0.173647
vn 1.000000 0.000000 0.000000
vn 1.000000 0.000000 0.000000
vn 0.000000 0.866025 0.500000
vn 0.000000 0.866025 0.500000
vn 0.000000 0.984808 0.173647
vn 0.000000 0.984808 0.173647
vn -1.000000 0.000000 0.000000
vn -1.000000 0.000000 0.000000
vn 0.000000 -0.984808 0.173648
vn 0.000000 -0.984808 0.173648
vn 1.000000 0.000000 0.000000
vn 1.000000 0.000000 0.000000
vn 0.000000 0.984808 -0.173648
vn 0.000000 0.984808 -0.173648
vn -1.000000 0.000000 0.000000
vn -1.000000 0.000000 0.000000
vn 0.000000 -0.866025 0.500001
vn 0.000000 -0.866025 0.500001
vn 1.000000 0.000000 0.000000
vn 1.000000 0.000000 0.000000
vn 0.000000 0.866025 -0.500001
vn 0.000000 0.866025 -0.500001
vn -1.000000 0.000000 0.000000
vn -1.000000 0.000000 0.000000
vn 0.000000 -0.866025 0.500001
vn 0.000000 -0.866025 0.500001
vn 0.000000 -0.642786 0.766046
vn 0.000000 -0.642786 0.766046
vn 1.000000 0.000000 0.000000
vn 1.000000 0.000000 0.000000
vn 0.000000 0.866025 -0.500001
vn 0.000000 0.866025 -0.500001
vn 0.000000 0.642788 -0.766044
vn 0.000000 0.642788 -0.766044
vn -1.000000 0.000000 0.000000
vn -1.000000 0.000000 0.000000
vn 0.000000 -0.342019 0.939693
vn 0.000000 -0.342019 0.939693
vn 1.000000 0.000000 0.000000
vn 1.000000 0.000000 0.000000
vn 0.000000 0.342022 -0.939692
vn 0.000000 0.342022 -0.939692
vn -1.000000 0.000000 0.000000
vn -1.000000 0.000000 0.000000
vn 0.000000 0.000001 1.000000
vn 0.000000 0.000001 1.000000
vn 0.000000 0.342021 0.939692
vn 0.000000 0.342021 0.939692
vn 1.000000 0.000000 0.000000
vn 1.000000 0.000000 0.000000
vn 1.000000 0.000000 0.000000
vn 1.000000 0.000000 0.000000
vn 0.000000 -0.000001 -1.000000
vn 0.000000 -0.000001 -1.000000
vn 0.000000 -0.342018 -0.939693
vn 0.000000 -0.342018 -0.939693
vn -1.000000 0.000000 0.000000
vn -1.000000 0.000000 0.000000
vn -1.000000 0.000000 0.000000
vn -1.000000 0.000000 0.000000
vn 0.000000 0.500002 0.866024
vn 0.000000 0.500002 0.866024
vn 1.000000 0.000000 0.000000
vn 1.000000 0.000000 0.000000
vn 0.000000 -0.642786 -0.766046
vn 0.000000 -0.642786 -0.766046
vn -1.000000 0.000000 0.000000
vn -1.000000 0.000000 0.000000
vn 0.000000 0.766045 0.642787
vn 0.000000 0.766045 0.642787
vn 0.000000 0.866026 0.499999
vn 0.000000 0.866026 0.499999
vn 1.000000 0.000000 0.000000
vn 1.000000 0.000000 0.000000
vn 0.000000 -0.866025 -0.500000
vn 0.000000 -0.866025 -0.500000
vn -1.000000 0.000000 0.000000
vn -1.000000 0.000000 0.000000
vn 0.000000 0.866026 0.499999
vn 0.000000 0.866026 0.499999
vn 0.000000 0.984808 0.173647
vn 0.000000 0.984808 0.173647
vn 1.000000 0.000000 0.000000
vn 1.000000 0.000000 0.000000
vn 0.000000 -0.866025 -0.500000
vn 0.000000 -0.866025 -0.500000
vn 0.000000 -0.984808 -0.173647
vn 0.000000 -0.984808 -0.173647
vn -1.000000 0.000000 0.000000
vn -1.000000 0.000000 0.000000
vn 0.000000 0.984808 -0.173648
vn 0.000000 0.984808 -0.173648
vn 1.000000 0.000000 0.000000
vn 1.000000 0.000000 0.000000
vn 0.000000 -0.984808 0.173648
vn 0.000000 -0.984808 0.173648
vn -1.000000 0.000000 0.000000
vn -1.000000 0.000000 0.000000
vn 0.000000 0.866026 -0.499999
vn 0.000000 0.866026 -0.499999
vn 1.000000 0.000000 0.000000
vn 1.000000 0.000000 0.000000
vn 0.000000 -0.866025 0.500001
vn 0.000000 -0.866025 0.500001
vn -1.000000 0.000000 0.000000
vn -1.000000 0.000000 0.000000
vn 0.000000 0.866026 -0.499999
vn 0.000000 0.866026 -0.499999
vn 0.000000 0.642788 -0.766044
vn 0.000000 0.642788 -0.766044
vn 1.000000 0.000000 0.000000
vn 1.000000 0.000000 0.000001
vn 0.000000 -0.866025 0.500001
vn 0.000000 -0.866025 0.500001
vn 0.000000 -0.642786 0.766046
vn 0.000000 -0.642786 0.766046
vn -1.000000 0.000000 0.000000
vn -1.000000 0.000000 0.000000
vn 0.000000 0.500002 -0.866024
vn 0.000000 0.500002 -0.866024
vn 1.000000 -0.000000 0.000003
vn 1.000000 -0.000001 0.000003
vn 0.000000 -0.342018 0.939693
vn 0.000000 -0.342018 0.939693
vn -1.000000 0.000000 0.000000
vn -1.000000 0.000000 0.000000
vn 0.000000 -0.024958 -0.999689
vn 0.000000 -0.024958 -0.999689
vn 0.000000 -0.099580 -0.995030
vn 0.000000 -0.099580 -0.995030
vn 1.000000 -0.000001 0.000001
vn 1.000000 -0.000002 0.000000
vn 0.000000 -0.000001 1.000000
vn 0.000000 -0.000001 1.000000
vn -1.000000 0.000000 0.000000
vn -1.000000 0.000000 0.000000
vn 0.000000 -0.342020 -0.939693
vn 0.000000 -0.342020 -0.939693
vn 1.000000 0.000000 0.000000
vn 1.000000 0.000000 0.000000
vn 0.000000 0.342019 0.939693
vn 0.000000 0.342019 0.939693
vn -1.000000 0.000000 0.000000
vn -1.000000 0.000000 0.000000
vn 0.000000 -0.642788 -0.766044
vn 0.000000 -0.642788 -0.766044
vn 1.000000 0.000000 0.000000
vn 1.000000 0.000000 0.000000
vn 0.000000 0.642789 0.766043
vn 0.000000 0.642789 0.766043
vn -1.000000 0.000000 0.000000
vn -1.000000 0.000000 0.000000
vn 0.000000 -0.866026 -0.499999
vn 0.000000 -0.866026 -0.499999
vn 1.000000 0.000000 0.000000
vn 1.000000 0.000000 0.000000
vn 0.000000 0.866027 0.499998
vn 0.000000 0.866027 0.499998
vn -1.000000 0.000000 0.000000
vn -1.000000 0.000000 0.000000
vn 0.000000 -0.866026 -0.499999
vn 0.000000 -0.866026 -0.499999
vn 0.000000 -0.984808 -0.173647
vn 0.000000 -0.984808 -0.173647
vn 1.000000 0.000000 0.000000
vn 1.000000 0.000000 0.000000
vn 0.000000 0.866027 0.499998
vn 0.000000 0.866027 0.499998
vn 0.000000 0.984808 0.173647
vn 0.000000 0.984808 0.173647
vn -1.000000 0.000000 0.000000
vn -1.000000 0.000000 0.000000
vn 0.000000 -0.984808 0.173648
vn 0.000000 -0.984808 0.173648
vn 1.000000 0.000000 0.000000
vn 1.000000 0.000000 0.000000
vn 0.000000 0.984808 -0.173647
vn 0.000000 0.984808 -0.173647
vn -1.000000 0.000000 0.000000
vn -1.000000 0.000000 0.000000
vn 0.000000 -0.866026 0.499998
vn 0.000000 -0.866026 0.499998
vn 1.000000 0.000000 0.000000
vn 1.000000 0.000000 0.000000
vn 0.000000 0.866027 -0.499997
vn 0.000000 0.866027 -0.499997
vn -1.000000 0.000000 0.000000
vn -1.000000 0.000000 0.000000
vn 0.000000 -0.866026 0.499998
vn 0.000000 -0.866026 0.499998
vn 0.000000 -0.642788 0.766044
vn 0.000000 -0.642788 0.766044
vn 1.000000 0.000000 0.000000
vn 1.000000 0.000000 0.000000
vn 0.000000 0.866027 -0.499997
vn 0.000000 0.866027 -0.499997
vn 0.000000 0.642789 -0.766043
vn 0.000000 0.642789 -0.766043
vn -1.000000 0.000000 0.000000
vn -1.000000 0.000000 0.000000
vn 0.000000 -0.342018 0.939693
vn 0.000000 -0.342018 0.939693
vn 1.000000 0.000000 0.000000
vn 1.000000 0.000000 0.000000
vn 0.000000 0.342017 -0.939694
vn 0.000000 0.342017 -0.939694
vn -1.000000 0.000000 0.000000
vn -1.000000 0.000000 0.000000
vn 0.000000 0.000000 1.000000
vn 0.000000 0.000000 1.000000
vn 0.000000 0.000000 1.000000
vn 0.000000 0.000000 1.000000
vn 1.000000 0.000000 0.000000
vn 1.000000 0.000000 0.000000
vn 1.000000 0.000000 0.000000
vn 1.000000 0.000000 0.000000
vn 1.000000 0.000000 0.000000
vn 1.000000 0.000000 0.000000
vn 1.000000 0.000000 0.000000
vn 0.000000 0.040493 -0.999180
vn 0.000000 0.040493 -0.999180
vn 0.000000 0.040493 -0.999180
vn 0.000000 0.040493 -0.999180
vn 0.000000 0.040493 -0.999180
vn 0.000000 0.040493 -0.999180
vn -1.000000 0.000000 0.000000
vn -1.000000 0.000000 0.000000
vn -1.000000 0.000000 0.000000
vn -1.000000 0.000000 0.000000
vn -1.000000 0.000000 0.000000
vn -1.000000 0.000000 0.000000
vn -1.000000 0.000000 0.000000
vn 0.000000 0.000000 1.000000
vn 0.000000 0.000000 1.000000
vn 0.000000 0.000000 1.000000
vn 0.000000 0.000000 1.000000
vn 1.000000 0.000000 0.000000
vn 1.000000 0.000000 0.000000
vn 1.000000 0.000000 0.000000
vn 1.000000 0.000000 0.000000
vn 1.000000 0.000000 0.000000
vn 1.000000 0.000000 0.000000
vn 1.000000 0.000000 0.000000
vn 1.000000 0.000001 0.000005
vn 1.000000 0.000001 0.000005
vn 1.000000 0.000001 0.000005
vn 1.000000 0.000000 0.000000
vn 0.000000 0.040493 -0.999180
vn 0.000000 0.040493 -0.999180
vn 0.000000 0.040493 -0.999180
vn 0.000000 0.040493 -0.999180
vn 0.000000 0.040493 -0.999180
vn 0.000000 0.040493 -0.999180
vn -1.000000 0.000000 0.000000
vn -1.000000 0.000000 0.000000
vn -1.000000 0.000000 0.000000
vn -1.000000 0.000000 0.000000
vn -1.000000 0.000000 0.000000
vn -1.000000 0.000000 0.000000
vn -1.000000 0.000000 0.000000
usemtl mat26
f 1/1/1 2/2/2 3/3/3
f 1/1/1 3/3/3 4/4/4
f 1/1/1 4/4/4 5/5/5
f 1/1/1 5/5/5 6/6/6
f 1/1/1 6/6/6 7/7/7
f 1/1/1 7/7/7 8/8/8
f 1/1/1 8/8/8 9/9/9
f 1/1/1 9/9/9 10/10/10
f 11/11/11 1/1/1 10/10/10
f 12/12/12 11/11/11 10/10/10
f 13/13/13 12/12/12 10/10/10
f 14/14/14 13/13/13 10/10/10
f 15/15/15 14/14/14 10/10/10
f 16/16/16 15/15/15 10/10/10
f 17/17/17 16/16/16 10/10/10
f 18/18/18 17/17/17 10/10/10
f 19/19/19 18/18/18 10/10/10
f 20/20/20 19/19/19 10/10/10
f 21/21/21 20/20/20 10/10/10
f 22/22/22 21/21/21 10/10/10
f 23/23/23 24/24/24 25/25/25
f 26/26/26 23/23/23 25/25/25
f 27/27/27 26/26/26 25/25/25
f 28/28/28 27/27/27 25/25/25
f 29/29/29 28/28/28 25/25/25
f 30/30/30 29/29/29 25/25/25
f 10/10/10 30/30/30 25/25/25
f 10/10/10 25/25/25 31/31/31
f 10/10/10 31/31/31 32/32/32
f 10/10/10 32/32/32 33/33/33
f 10/10/10 33/33/33 34/34/34
f 10/10/10 34/34/34 35/35/35
f 10/10/10 35/35/35 36/36/36
f 10/10/10 36/36/36 37/37/37
f 10/10/10 37/37/37 38/38/38
f 10/10/10 38/38/38 39/39/39
f 10/10/10 39/39/39 40/40/40
f 10/10/10 40/40/40 41/41/41
f 10/10/10 41/41/41 42/42/42
f 22/22/22 10/10/10 42/42/42
f 43/43/43 44/44/44 45/45/45
f 45/45/45 46/46/46 43/43/43
f 47/47/47 48/48/48 49/49/49
f 49/49/49 50/50/50 47/47/47
f 51/51/51 52/52/52 53/53/53
f 53/53/53 54/54/54 51/51/51
f 55/55/55 56/56/56 57/57/57
f 57/57/57 58/58/58 55/55/55
f 59/59/59 60/60/60 61/61/61
f 61/61/61 62/62/62 59/59/59
f 63/63/63 64/64/64 65/65/65
f 66/66/66 63/63/63 65/65/65
f 67/67/67 68/68/68 69/69/69
f 65/65/65 67/67/67 70/70/70
f 69/69/69 71/71/71 72/72/72
f 69/69/69 72/72/72 73/73/73
f 74/74/74 75/75/75 76/76/76
f 74/74/74 76/76/76 77/77/77
f 78/78/78 79/79/79 80/80/80
f 80/80/80 81/81/81 78/78/78
f 82/82/82 83/83/83 84/84/84
f 84/84/84 85/85/85 82/82/82
f 86/86/86 87/87/87 88/88/88
f 88/88/88 89/89/89 86/86/86
f 90/90/90 91/91/91 92/92/92
f 92/92/92 93/93/93 90/90/90
f 66/66/66 94/94/94 95/95/95
f 66/66/66 95/95/95 96/96/96
f 66/66/66 96/96/96 63/63/63
f 97/97/97 98/98/98 65/65/65
f 99/99/99 97/97/97 65/65/65
f 64/64/64 99/99/99 65/65/65
f 65/65/65 98/98/98 100/100/100
f 65/65/65 100/100/100 101/101/101
f 65/65/65 101/101/101 67/67/67
f 102/102/102 103/103/103 69/69/69
f 104/104/104 102/102/102 69/69/69
f 68/68/68 104/104/104 69/69/69
f 69/69/69 103/103/103 105/105/105
f 69/69/69 105/105/105 106/106/106
f 69/69/69 106/106/106 71/71/71
f 107/107/107 108/108/108 73/73/73
f 109/109/109 107/107/107 73/73/73
f 72/72/72 109/109/109 73/73/73
f 73/73/73 108/108/108 110/110/110
f 73/73/73 110/110/110 111/111/111
f 73/73/73 111/111/111 74/74/74
f 112/112/112 94/94/94 66/66/66
f 113/113/113 112/112/112 66/66/66
f 75/75/75 113/113/113 66/66/66
f 114/114/114 115/115/115 116/116/116
f 116/116/116 117/117/117 114/114/114
f 117/117/117 116/116/116 118/118/118
f 118/118/118 119/119/119 117/117/117
f 119/119/119 118/118/118 120/120/120
f 120/120/120 121/121/121 119/119/119
f 49/49/49 122/122/122 123/123/123
f 123/123/123 50/50/50 49/49/49
f 122/122/122 124/124/124 125/125/125
f 125/125/125 123/123/123 122/122/122
f 124/124/124 126/126/126 127/127/127
f 127/127/127 125/125/125 124/124/124
f 128/128/128 129/129/129 130/130/130
f 130/130/130 131/131/131 128/128/128
f 131/131/131 130/130/130 132/132/132
f 132/132/132 133/133/133 131/131/131
f 133/133/133 132/132/132 134/134/134
f 134/134/134 135/135/135 133/133/133
f 53/53/53 136/136/136 137/137/137
f 137/137/137 54/54/54 53/53/53
f 136/136/136 138/138/138 139/139/139
f 139/139/139 137/137/137 136/136/136
f 138/138/138 140/140/140 141/141/141
f 141/141/141 139/139/139 138/138/138
f 142/142/142 143/143/143 144/144/144
f 144/144/144 145/145/145 142/142/142
f 145/145/145 144/144/144 146/146/146
f 146/146/146 147/147/147 145/145/145
f 147/147/147 146/146/146 148/148/148
f 148/148/148 149/149/149 147/147/147
f 150/150/150 151/151/151 152/152/152
f 150/150/150 152/152/152 153/153/153
f 154/154/154 150/150/150 153/153/153
f 152/152/152 155/155/155 156/156/156
f 156/156/156 153/153/153 152/152/152
f 155/155/155 157/157/157 158/158/158
f 158/158/158 156/156/156 155/155/155
f 159/159/159 160/160/160 161/161/161
f 161/161/161 162/162/162 159/159/159
f 162/162/162 161/161/161 163/163/163
f 163/163/163 164/164/164 162/162/162
f 164/164/164 163/163/163 165/165/165
f 165/165/165 166/166/166 164/164/164
f 61/61/61 167/167/167 168/168/168
f 168/168/168 62/62/62 61/61/61
f 167/167/167 169/169/169 170/170/170
f 170/170/170 168/168/168 167/167/167
f 169/169/169 171/171/171 172/172/172
f 172/172/172 170/170/170 169/169/169
f 115/115/115 173/173/173 174/174/174
f 174/174/174 175/175/175 115/115/115
f 176/176/176 177/177/177 178/178/178
f 179/179/179 176/176/176 178/178/178
f 180/180/180 179/179/179 178/178/178
f 181/181/181 182/182/182 183/183/183
f 183/183/183 184/184/184 181/181/181
f 185/185/185 160/160/160 186/186/186
f 186/186/186 187/187/187 188/188/188
f 185/185/185 186/186/186 188/188/188
f 47/47/47 189/189/189 190/190/190
f 190/190/190 48/48/48 47/47/47
f 189/189/189 191/191/191 192/192/192
f 192/192/192 190/190/190 189/189/189
f 191/191/191 193/193/193 194/194/194
f 194/194/194 192/192/192 191/191/191
f 173/173/173 195/195/195 196/196/196
f 196/196/196 174/174/174 173/173/173
f 195/195/195 197/197/197 198/198/198
f 198/198/198 196/196/196 195/195/195
f 197/197/197 199/199/199 200/200/200
f 200/200/200 198/198/198 197/197/197
f 51/51/51 201/201/201 202/202/202
f 202/202/202 52/52/52 51/51/51
f 201/201/201 203/203/203 204/204/204
f 204/204/204 202/202/202 201/201/201
f 203/203/203 205/205/205 206/206/206
f 206/206/206 204/204/204 203/203/203
f 207/207/207 208/208/208 209/209/209
f 209/209/209 210/210/210 207/207/207
f 208/208/208 211/211/211 212/212/212
f 212/212/212 209/209/209 208/208/208
f 211/211/211 213/213/213 214/214/214
f 214/214/214 212/212/212 211/211/211
f 215/215/215 216/216/216 217/217/217
f 215/215/215 217/217/217 218/218/218
f 219/219/219 215/215/215 218/218/218
f 217/217/217 220/220/220 221/221/221
f 221/221/221 218/218/218 217/217/217
f 220/220/220 222/222/222 223/223/223
f 223/223/223 221/221/221 220/220/220
f 182/182/182 224/224/224 225/225/225
f 225/225/225 183/183/183 182/182/182
f 224/224/224 226/226/226 227/227/227
f 227/227/227 225/225/225 224/224/224
f 226/226/226 228/228/228 229/229/229
f 229/229/229 227/227/227 226/226/226
f 59/59/59 230/230/230 231/231/231
f 231/231/231 60/60/60 59/59/59
f 230/230/230 232/232/232 233/233/233
f 233/233/233 231/231/231 230/230/230
f 232/232/232 234/234/234 235/235/235
f 235/235/235 233/233/233 232/232/232
f 236/236/236 237/237/237 238/238/238
f 238/238/238 239/239/239 236/236/236
f 237/237/237 240/240/240 241/241/241
f 241/241/241 238/238/238 237/237/237
f 240/240/240 242/242/242 243/243/243
f 243/243/243 241/241/241 240/240/240
f 64/64/64 63/63/63 244/244/244
f 244/244/244 245/245/245 64/64/64
f 63/63/63 96/96/96 246/246/246
f 246/246/246 244/244/244 63/63/63
f 96/96/96 95/95/95 247/247/247
f 247/247/247 246/246/246 96/96/96
f 95/95/95 94/94/94 248/248/248
f 248/248/248 247/247/247 95/95/95
f 94/94/94 112/112/112 249/249/249
f 249/249/249 248/248/248 94/94/94
f 112/112/112 113/113/113 250/250/250
f 250/250/250 249/249/249 112/112/112
f 113/113/113 75/75/75 251/251/251
f 251/251/251 250/250/250 113/113/113
f 75/75/75 74/74/74 252/252/252
f 75/75/75 252/252/252 253/253/253
f 75/75/75 253/253/253 251/251/251
f 74/74/74 111/111/111 254/254/254
f 254/254/254 252/252/252 74/74/74
f 111/111/111 110/110/110 255/255/255
f 255/255/255 254/254/254 111/111/111
f 110/110/110 108/108/108 256/256/256
f 256/256/256 255/255/255 110/110/110
f 108/108/108 107/107/107 257/257/257
f 257/257/257 256/256/256 108/108/108
f 107/107/107 109/109/109 258/258/258
f 258/258/258 257/257/257 107/107/107
f 109/109/109 72/72/72 259/259/259
f 259/259/259 258/258/258 109/109/109
f 72/72/72 71/71/71 260/260/260
f 260/260/260 259/259/259 72/72/72
f 71/71/71 106/106/106 261/261/261
f 261/261/261 260/260/260 71/71/71
f 106/106/106 105/105/105 262/262/262
f 262/262/262 261/261/261 106/106/106
f 105/105/105 103/103/103 263/263/263
f 263/263/263 262/262/262 105/105/105
f 103/103/103 102/102/102 264/264/264
f 264/264/264 263/263/263 103/103/103
f 102/102/102 104/104/104 265/265/265
f 265/265/265 264/264/264 102/102/102
f 104/104/104 68/68/68 266/266/266
f 266/266/266 265/265/265 104/104/104
f 68/68/68 67/67/67 267/267/267
f 68/68/68 267/267/267 268/268/268
f 68/68/68 268/268/268 266/266/266
f 67/67/67 101/101/101 269/269/269
f 269/269/269 267/267/267 67/67/67
f 101/101/101 100/100/100 270/270/270
f 270/270/270 269/269/269 101/101/101
f 100/100/100 98/98/98 271/271/271
f 271/271/271 270/270/270 100/100/100
f 98/98/98 97/97/97 272/272/272
f 272/272/272 271/271/271 98/98/98
f 97/97/97 99/99/99 273/273/273
f 273/273/273 272/272/272 97/97/97
f 99/99/99 64/64/64 245/245/245
f 245/245/245 273/273/273 99/99/99
f 274/274/274 275/275/275 276/276/276
f 276/276/276 277/277/277 274/274/274
f 275/275/275 278/278/278 279/279/279
f 279/279/279 276/276/276 275/275/275
f 278/278/278 280/280/280 281/281/281
f 281/281/281 279/279/279 278/278/278
f 280/280/280 282/282/282 283/283/283
f 283/283/283 281/281/281 280/280/280
f 282/282/282 284/284/284 285/285/285
f 285/285/285 283/283/283 282/282/282
f 284/284/284 286/286/286 287/287/287
f 287/287/287 285/285/285 284/284/284
f 286/286/286 288/288/288 289/289/289
f 289/289/289 287/287/287 286/286/286
f 288/288/288 290/290/290 291/291/291
f 288/288/288 291/291/291 292/292/292
f 288/288/288 292/292/292 289/289/289
f 290/290/290 293/293/293 294/294/294
f 294/294/294 291/291/291 290/290/290
f 293/293/293 295/295/295 296/296/296
f 296/296/296 294/294/294 293/293/293
f 295/295/295 297/297/297 298/298/298
f 298/298/298 296/296/296 295/295/295
f 297/297/297 299/299/299 300/300/300
f 300/300/300 298/298/298 297/297/297
f 299/299/299 301/301/301 302/302/302
f 302/302/302 300/300/300 299/299/299
f 301/301/301 303/303/303 304/304/304
f 304/304/304 302/302/302 301/301/301
f 303/303/303 305/305/305 306/306/306
f 306/306/306 304/304/304 303/303/303
f 305/305/305 307/307/307 308/308/308
f 308/308/308 306/306/306 305/305/305
f 307/307/307 309/309/309 310/310/310
f 310/310/310 308/308/308 307/307/307
f 309/309/309 311/311/311 312/312/312
f 312/312/312 310/310/310 309/309/309
f 311/311/311 313/313/313 314/314/314
f 314/314/314 312/312/312 311/311/311
f 313/313/313 315/315/315 316/316/316
f 316/316/316 314/314/314 313/313/313
f 315/315/315 317/317/317 318/318/318
f 318/318/318 316/316/316 315/315/315
f 317/317/317 319/319/319 320/320/320
f 317/317/317 320/320/320 321/321/321
f 317/317/317 321/321/321 318/318/318
f 319/319/319 322/322/322 323/323/323
f 323/323/323 320/320/320 319/319/319
f 322/322/322 324/324/324 325/325/325
f 325/325/325 323/323/323 322/322/322
f 324/324/324 326/326/326 327/327/327
f 327/327/327 325/325/325 324/324/324
f 326/326/326 328/328/328 329/329/329
f 329/329/329 327/327/327 326/326/326
f 328/328/328 330/330/330 331/331/331
f 331/331/331 329/329/329 328/328/328
f 330/330/330 274/274/274 277/277/277
f 277/277/277 331/331/331 330/330/330
f 332/332/332 333/333/333 334/334/334
f 334/334/334 335/335/335 332/332/332
f 333/333/333 336/336/336 337/337/337
f 337/337/337 334/334/334 333/333/333
f 336/336/336 338/338/338 339/339/339
f 339/339/339 337/337/337 336/336/336
f 338/338/338 340/340/340 341/341/341
f 341/341/341 339/339/339 338/338/338
f 340/340/340 342/342/342 343/343/343
f 343/343/343 341/341/341 340/340/340
f 342/342/342 344/344/344 345/345/345
f 345/345/345 343/343/343 342/342/342
f 344/344/344 346/346/346 347/347/347
f 347/347/347 345/345/345 344/344/344
f 346/346/346 348/348/348 349/349/349
f 349/349/349 347/347/347 346/346/346
f 348/348/348 350/350/350 351/351/351
f 351/351/351 349/349/349 348/348/348
f 350/350/350 352/352/352 353/353/353
f 353/353/353 351/351/351 350/350/350
f 352/352/352 354/354/354 355/355/355
f 355/355/355 353/353/353 352/352/352
f 354/354/354 356/356/356 357/357/357
f 357/357/357 355/355/355 354/354/354
f 356/356/356 358/358/358 359/359/359
f 359/359/359 357/357/357 356/356/356
f 358/358/358 360/360/360 361/361/361
f 358/358/358 361/361/361 359/359/359
f 362/362/362 363/363/363 364/364/364
f 362/362/362 364/364/364 365/365/365
f 365/365/365 366/366/366 367/367/367
f 362/362/362 365/365/365 367/367/367
f 367/367/367 368/368/368 369/369/369
f 367/367/367 369/369/369 370/370/370
f 369/369/369 371/371/371 372/372/372
f 372/372/372 370/370/370 369/369/369
f 371/371/371 373/373/373 374/374/374
f 374/374/374 372/372/372 371/371/371
f 373/373/373 375/375/375 376/376/376
f 376/376/376 374/374/374 373/373/373
f 375/375/375 377/377/377 378/378/378
f 378/378/378 376/376/376 375/375/375
f 377/377/377 379/379/379 380/380/380
f 380/380/380 378/378/378 377/377/377
f 379/379/379 381/381/381 382/382/382
f 382/382/382 380/380/380 379/379/379
f 381/381/381 383/383/383 384/384/384
f 384/384/384 382/382/382 381/381/381
f 383/383/383 385/385/385 386/386/386
f 386/386/386 384/384/384 383/383/383
f 385/385/385 387/387/387 388/388/388
f 388/388/388 386/386/386 385/385/385
f 387/387/387 389/389/389 390/390/390
f 390/390/390 388/388/388 387/387/387
f 389/389/389 391/391/391 392/392/392
f 392/392/392 390/390/390 389/389/389
f 391/391/391 332/332/332 335/335/335
f 335/335/335 392/392/392 391/391/391
f 393/393/393 394/394/394 395/395/395
f 395/395/395 396/396/396 393/393/393
f 394/394/394 397/397/397 398/398/398
f 398/398/398 395/395/395 394/394/394
f 397/397/397 399/399/399 400/400/400
f 400/400/400 398/398/398 397/397/397
f 399/399/399 401/401/401 402/402/402
f 402/402/402 400/400/400 399/399/399
f 401/401/401 403/403/403 404/404/404
f 404/404/404 402/402/402 401/401/401
f 403/403/403 405/405/405 406/406/406
f 406/406/406 404/404/404 403/403/403
f 405/405/405 407/407/407 408/408/408
f 408/408/408 406/406/406 405/405/405
f 409/409/409 410/410/410 411/411/411
f 409/409/409 411/411/411 408/408/408
f 407/407/407 409/409/409 408/408/408
f 412/412/412 413/413/413 414/414/414
f 414/414/414 415/415/415 412/412/412
f 413/413/413 416/416/416 417/417/417
f 417/417/417 414/414/414 413/413/413
f 416/416/416 418/418/418 419/419/419
f 419/419/419 417/417/417 416/416/416
f 418/418/418 420/420/420 421/421/421
f 421/421/421 419/419/419 418/418/418
f 420/420/420 422/422/422 423/423/423
f 423/423/423 421/421/421 420/420/420
f 422/422/422 424/424/424 425/425/425
f 425/425/425 423/423/423 422/422/422
f 424/424/424 426/426/426 427/427/427
f 427/427/427 425/425/425 424/424/424
f 426/426/426 428/428/428 429/429/429
f 429/429/429 427/427/427 426/426/426
f 428/428/428 430/430/430 431/431/431
f 431/431/431 429/429/429 428/428/428
f 430/430/430 432/432/432 433/433/433
f 433/433/433 431/431/431 430/430/430
f 432/432/432 434/434/434 435/435/435
f 435/435/435 433/433/433 432/432/432
f 434/434/434 436/436/436 437/437/437
f 437/437/437 435/435/435 434/434/434
f 436/436/436 438/438/438 439/439/439
f 439/439/439 437/437/437 436/436/436
f 440/440/440 441/441/441 439/439/439
f 438/438/438 440/440/440 439/439/439
f 442/442/442 443/443/443 444/444/444
f 444/444/444 445/445/445 442/442/442
f 443/443/443 446/446/446 447/447/447
f 447/447/447 444/444/444 443/443/443
f 446/446/446 448/448/448 449/449/449
f 449/449/449 447/447/447 446/446/446
f 448/448/448 450/450/450 451/451/451
f 451/451/451 449/449/449 448/448/448
f 450/450/450 452/452/452 453/453/453
f 453/453/453 451/451/451 450/450/450
f 452/452/452 393/393/393 396/396/396
f 396/396/396 453/453/453 452/452/452
f 454/454/454 455/455/455 456/456/456
f 456/456/456 457/457/457 454/454/454
f 455/455/455 458/458/458 459/459/459
f 459/459/459 456/456/456 455/455/455
f 458/458/458 460/460/460 461/461/461
f 461/461/461 459/459/459 458/458/458
f 460/460/460 462/462/462 463/463/463
f 463/463/463 461/461/461 460/460/460
f 464/464/464 465/465/465 466/466/466
f 466/466/466 467/467/467 464/464/464
f 465/465/465 468/468/468 469/469/469
f 469/469/469 466/466/466 465/465/465
f 468/468/468 470/470/470 471/471/471
f 471/471/471 469/469/469 468/468/468
f 470/470/470 472/472/472 473/473/473
f 473/473/473 471/471/471 470/470/470
f 472/472/472 474/474/474 475/475/475
f 475/475/475 473/473/473 472/472/472
f 474/474/474 476/476/476 477/477/477
f 477/477/477 475/475/475 474/474/474
f 476/476/476 478/478/478 479/479/479
f 479/479/479 477/477/477 476/476/476
f 480/480/480 481/481/481 482/482/482
f 482/482/482 483/483/483 480/480/480
f 481/481/481 484/484/484 485/485/485
f 485/485/485 482/482/482 481/481/481
f 484/484/484 486/486/486 487/487/487
f 487/487/487 485/485/485 484/484/484
f 486/486/486 488/488/488 489/489/489
f 489/489/489 487/487/487 486/486/486
f 488/488/488 490/490/490 491/491/491
f 491/491/491 489/489/489 488/488/488
f 490/490/490 492/492/492 493/493/493
f 493/493/493 491/491/491 490/490/490
f 492/492/492 494/494/494 495/495/495
f 495/495/495 493/493/493 492/492/492
f 496/496/496 497/497/497 498/498/498
f 498/498/498 499/499/499 496/496/496
f 497/497/497 500/500/500 501/501/501
f 501/501/501 498/498/498 497/497/497
f 500/500/500 502/502/502 503/503/503
f 503/503/503 501/501/501 500/500/500
f 502/502/502 504/504/504 505/505/505
f 505/505/505 503/503/503 502/502/502
f 504/504/504 506/506/506 507/507/507
f 507/507/507 505/505/505 504/504/504
f 506/506/506 508/508/508 509/509/509
f 509/509/509 507/507/507 506/506/506
f 508/508/508 510/510/510 511/511/511
f 511/511/511 509/509/509 508/508/508
f 512/512/512 513/513/513 514/514/514
f 514/514/514 515/515/515 512/512/512
f 513/513/513 516/516/516 517/517/517
f 517/517/517 514/514/514 513/513/513
f 516/516/516 454/454/454 457/457/457
f 457/457/457 517/517/517 516/516/516
f 518/518/518 519/519/519 520/520/520
f 520/520/520 521/521/521 518/518/518
f 519/519/519 522/522/522 523/523/523
f 523/523/523 520/520/520 519/519/519
f 522/522/522 524/524/524 525/525/525
f 525/525/525 523/523/523 522/522/522
f 524/524/524 526/526/526 527/527/527
f 527/527/527 525/525/525 524/524/524
f 528/528/528 529/529/529 530/530/530
f 530/530/530 531/531/531 528/528/528
f 529/529/529 532/532/532 533/533/533
f 533/533/533 530/530/530 529/529/529
f 532/532/532 534/534/534 535/535/535
f 535/535/535 533/533/533 532/532/532
f 536/536/536 535/535/535 534/534/534
f 534/534/534 537/537/537 536/536/536
f 538/538/538 539/539/539 540/540/540
f 540/540/540 541/541/541 538/538/538
f 539/539/539 542/542/542 543/543/543
f 543/543/543 540/540/540 539/539/539
f 542/542/542 544/544/544 545/545/545
f 545/545/545 543/543/543 542/542/542
f 546/546/546 547/547/547 548/548/548
f 548/548/548 549/549/549 546/546/546
f 547/547/547 550/550/550 551/551/551
f 551/551/551 548/548/548 547/547/547
f 550/550/550 552/552/552 553/553/553
f 553/553/553 551/551/551 550/550/550
f 552/552/552 554/554/554 555/555/555
f 555/555/555 553/553/553 552/552/552
f 554/554/554 556/556/556 557/557/557
f 557/557/557 555/555/555 554/554/554
f 556/556/556 558/558/558 559/559/559
f 559/559/559 557/557/557 556/556/556
f 558/558/558 560/560/560 561/561/561
f 561/561/561 559/559/559 558/558/558
f 562/562/562 563/563/563 564/564/564
f 564/564/564 565/565/565 562/562/562
f 563/563/563 566/566/566 567/567/567
f 567/567/567 564/564/564 563/563/563
f 566/566/566 568/568/568 569/569/569
f 569/569/569 567/567/567 566/566/566
f 570/570/570 571/571/571 569/569/569
f 569/569/569 568/568/568 570/570/570
f 572/572/572 573/573/573 574/574/574
f 574/574/574 575/575/575 572/572/572
f 573/573/573 576/576/576 577/577/577
f 577/577/577 574/574/574 573/573/573
f 576/576/576 578/578/578 579/579/579
f 579/579/579 577/577/577 576/576/576
f 580/580/580 581/581/581 582/582/582
f 582/582/582 583/583/583 580/580/580
f 581/581/581 584/584/584 585/585/585
f 585/585/585 582/582/582 581/581/581
f 584/584/584 518/518/518 521/521/521
f 521/521/521 585/585/585 584/584/584
f 586/586/586 207/207/207 177/177/177
f 177/177/177 587/587/587 586/586/586
f 442/442/442 445/445/445 588/588/588
f 588/588/588 440/440/440 442/442/442
f 589/589/589 590/590/590 591/591/591
f 589/589/589 591/591/591 186/186/186
f 592/592/592 589/589/589 186/186/186
f 570/570/570 572/572/572 575/575/575
f 570/570/570 575/575/575 571/571/571
f 593/593/593 412/412/412 415/415/415
f 409/409/409 593/593/593 415/415/415
f 409/409/409 415/415/415 410/410/410
f 538/538/538 541/541/541 536/536/536
f 594/594/594 538/538/538 536/536/536
f 537/537/537 594/594/594 536/536/536
f 115/115/115 175/175/175 595/595/595
f 595/595/595 116/116/116 115/115/115
f 116/116/116 595/595/595 596/596/596
f 596/596/596 118/118/118 116/116/116
f 118/118/118 596/596/596 597/597/597
f 597/597/597 120/120/120 118/118/118
f 598/598/598 599/599/599 600/600/600
f 600/600/600 601/601/601 598/598/598
f 601/601/601 600/600/600 602/602/602
f 602/602/602 603/603/603 601/601/601
f 602/602/602 604/604/604 605/605/605
f 605/605/605 603/603/603 602/602/602
f 181/181/181 184/184/184 606/606/606
f 606/606/606 607/607/607 181/181/181
f 607/607/607 606/606/606 608/608/608
f 608/608/608 609/609/609 607/607/607
f 608/608/608 610/610/610 611/611/611
f 611/611/611 609/609/609 608/608/608
f 160/160/160 185/185/185 612/612/612
f 612/612/612 161/161/161 160/160/160
f 161/161/161 612/612/612 613/613/613
f 613/613/613 163/163/163 161/161/161
f 163/163/163 613/613/613 614/614/614
f 614/614/614 165/165/165 163/163/163
f 114/114/114 615/615/615 173/173/173
f 173/173/173 115/115/115 114/114/114
f 128/128/128 587/587/587 177/177/177
f 129/129/129 128/128/128 177/177/177
f 176/176/176 129/129/129 177/177/177
f 142/142/142 616/616/616 617/617/617
f 617/617/617 143/143/143 142/142/142
f 159/159/159 592/592/592 186/186/186
f 186/186/186 160/160/160 159/159/159
f 615/615/615 618/618/618 195/195/195
f 195/195/195 173/173/173 615/615/615
f 618/618/618 619/619/619 197/197/197
f 197/197/197 195/195/195 618/618/618
f 619/619/619 620/620/620 199/199/199
f 199/199/199 197/197/197 619/619/619
f 586/586/586 621/621/621 208/208/208
f 208/208/208 207/207/207 586/586/586
f 621/621/621 622/622/622 211/211/211
f 211/211/211 208/208/208 621/621/621
f 622/622/622 623/623/623 213/213/213
f 213/213/213 211/211/211 622/622/622
f 616/616/616 624/624/624 625/625/625
f 625/625/625 617/617/617 616/616/616
f 624/624/624 626/626/626 627/627/627
f 627/627/627 625/625/625 624/624/624
f 626/626/626 628/628/628 629/629/629
f 629/629/629 627/627/627 626/626/626
f 589/589/589 630/630/630 631/631/631
f 631/631/631 590/590/590 589/589/589
f 630/630/630 632/632/632 633/633/633
f 633/633/633 631/631/631 630/630/630
f 632/632/632 634/634/634 635/635/635
f 635/635/635 633/633/633 632/632/632
f 210/210/210 178/178/178 177/177/177
f 177/177/177 207/207/207 210/210/210
f 636/636/636 637/637/637 187/187/187
f 636/636/636 187/187/187 186/186/186
f 591/591/591 636/636/636 186/186/186
f 179/179/179 180/180/180 599/599/599
f 179/179/179 599/599/599 598/598/598
f 638/638/638 179/179/179 598/598/598
f 438/438/438 436/436/436 639/639/639
f 639/639/639 640/640/640 438/438/438
f 436/436/436 434/434/434 641/641/641
f 641/641/641 639/639/639 436/436/436
f 434/434/434 432/432/432 642/642/642
f 642/642/642 641/641/641 434/434/434
f 432/432/432 430/430/430 643/643/643
f 643/643/643 642/642/642 432/432/432
f 430/430/430 428/428/428 644/644/644
f 644/644/644 643/643/643 430/430/430
f 428/428/428 426/426/426 645/645/645
f 645/645/645 644/644/644 428/428/428
f 426/426/426 424/424/424 646/646/646
f 646/646/646 645/645/645 426/426/426
f 424/424/424 422/422/422 647/647/647
f 647/647/647 646/646/646 424/424/424
f 422/422/422 420/420/420 648/648/648
f 648/648/648 647/647/647 422/422/422
f 420/420/420 418/418/418 649/649/649
f 649/649/649 648/648/648 420/420/420
f 418/418/418 416/416/416 650/650/650
f 650/650/650 649/649/649 418/418/418
f 416/416/416 413/413/413 651/651/651
f 651/651/651 650/650/650 416/416/416
f 413/413/413 412/412/412 652/652/652
f 652/652/652 651/651/651 413/413/413
f 636/636/636 653/653/653 236/236/236
f 636/636/636 236/236/236 239/239/239
f 637/637/637 636/636/636 239/239/239
f 654/654/654 655/655/655 656/656/656
f 656/656/656 657/657/657 654/654/654
f 658/658/658 659/659/659 655/655/655
f 655/655/655 654/654/654 658/658/658
f 660/660/660 661/661/661 659/659/659
f 659/659/659 658/658/658 660/660/660
f 662/662/662 663/663/663 661/661/661
f 661/661/661 660/660/660 662/662/662
f 664/664/664 665/665/665 663/663/663
f 663/663/663 662/662/662 664/664/664
f 666/666/666 667/667/667 665/665/665
f 665/665/665 664/664/664 666/666/666
f 668/668/668 669/669/669 667/667/667
f 667/667/667 666/666/666 668/668/668
f 668/668/668 670/670/670 671/671/671
f 671/671/671 669/669/669 668/668/668
f 670/670/670 672/672/672 673/673/673
f 673/673/673 671/671/671 670/670/670
f 672/672/672 674/674/674 675/675/675
f 675/675/675 673/673/673 672/672/672
f 674/674/674 676/676/676 677/677/677
f 677/677/677 675/675/675 674/674/674
f 676/676/676 678/678/678 679/679/679
f 679/679/679 677/677/677 676/676/676
f 678/678/678 680/680/680 681/681/681
f 681/681/681 679/679/679 678/678/678
f 179/179/179 682/682/682 176/176/176
f 683/683/683 684/684/684 591/591/591
f 685/685/685 683/683/683 591/591/591
f 590/590/590 685/685/685 591/591/591
f 176/176/176 682/682/682 686/686/686
f 176/176/176 686/686/686 687/687/687
f 176/176/176 687/687/687 129/129/129
f 591/591/591 684/684/684 636/636/636
f 688/688/688 682/682/682 179/179/179
f 689/689/689 688/688/688 179/179/179
f 638/638/638 689/689/689 179/179/179
f 636/636/636 684/684/684 690/690/690
f 636/636/636 690/690/690 691/691/691
f 636/636/636 691/691/691 653/653/653
f 130/130/130 129/129/129 687/687/687
f 687/687/687 692/692/692 130/130/130
f 692/692/692 687/687/687 686/686/686
f 686/686/686 693/693/693 692/692/692
f 693/693/693 686/686/686 682/682/682
f 682/682/682 694/694/694 693/693/693
f 132/132/132 130/130/130 692/692/692
f 692/692/692 695/695/695 132/132/132
f 695/695/695 692/692/692 693/693/693
f 693/693/693 696/696/696 695/695/695
f 696/696/696 693/693/693 694/694/694
f 694/694/694 697/697/697 696/696/696
f 134/134/134 132/132/132 695/695/695
f 695/695/695 698/698/698 134/134/134
f 698/698/698 695/695/695 696/696/696
f 696/696/696 699/699/699 698/698/698
f 699/699/699 696/696/696 697/697/697
f 697/697/697 700/700/700 699/699/699
f 144/144/144 143/143/143 701/701/701
f 701/701/701 702/702/702 144/144/144
f 702/702/702 701/701/701 703/703/703
f 703/703/703 704/704/704 702/702/702
f 704/704/704 703/703/703 705/705/705
f 705/705/705 706/706/706 704/704/704
f 146/146/146 144/144/144 702/702/702
f 702/702/702 707/707/707 146/146/146
f 707/707/707 702/702/702 704/704/704
f 704/704/704 708/708/708 707/707/707
f 708/708/708 704/704/704 706/706/706
f 706/706/706 709/709/709 708/708/708
f 148/148/148 146/146/146 707/707/707
f 707/707/707 710/710/710 148/148/148
f 710/710/710 707/707/707 708/708/708
f 708/708/708 711/711/711 710/710/710
f 711/711/711 708/708/708 709/709/709
f 709/709/709 712/712/712 711/711/711
f 143/143/143 617/617/617 713/713/713
f 713/713/713 701/701/701 143/143/143
f 701/701/701 713/713/713 714/714/714
f 714/714/714 703/703/703 701/701/701
f 703/703/703 714/714/714 715/715/715
f 715/715/715 705/705/705 703/703/703
f 617/617/617 625/625/625 716/716/716
f 716/716/716 713/713/713 617/617/617
f 713/713/713 716/716/716 717/717/717
f 717/717/717 714/714/714 713/713/713
f 714/714/714 717/717/717 718/718/718
f 718/718/718 715/715/715 714/714/714
f 625/625/625 627/627/627 719/719/719
f 719/719/719 716/716/716 625/625/625
f 716/716/716 719/719/719 720/720/720
f 720/720/720 717/717/717 716/716/716
f 717/717/717 720/720/720 721/721/721
f 721/721/721 718/718/718 717/717/717
f 627/627/627 629/629/629 722/722/722
f 722/722/722 719/719/719 627/627/627
f 719/719/719 722/722/722 723/723/723
f 723/723/723 720/720/720 719/719/719
f 720/720/720 723/723/723 724/724/724
f 724/724/724 721/721/721 720/720/720
f 590/590/590 631/631/631 725/725/725
f 725/725/725 685/685/685 590/590/590
f 685/685/685 725/725/725 726/726/726
f 726/726/726 683/683/683 685/685/685
f 683/683/683 726/726/726 727/727/727
f 727/727/727 684/684/684 683/683/683
f 631/631/631 633/633/633 728/728/728
f 728/728/728 725/725/725 631/631/631
f 725/725/725 728/728/728 729/729/729
f 729/729/729 726/726/726 725/725/725
f 726/726/726 729/729/729 730/730/730
f 730/730/730 727/727/727 726/726/726
f 633/633/633 635/635/635 731/731/731
f 731/731/731 728/728/728 633/633/633
f 728/728/728 731/731/731 732/732/732
f 732/732/732 729/729/729 728/728/728
f 729/729/729 732/732/732 733/733/733
f 733/733/733 730/730/730 729/729/729
f 734/734/734 653/653/653 691/691/691
f 691/691/691 735/735/735 734/734/734
f 735/735/735 691/691/691 690/690/690
f 690/690/690 736/736/736 735/735/735
f 736/736/736 690/690/690 684/684/684
f 684/684/684 727/727/727 736/736/736
f 658/658/658 654/654/654 737/737/737
f 737/737/737 738/738/738 658/658/658
f 739/739/739 735/735/735 736/736/736
f 736/736/736 740/740/740 739/739/739
f 740/740/740 736/736/736 727/727/727
f 727/727/727 730/730/730 740/740/740
f 660/660/660 658/658/658 738/738/738
f 738/738/738 741/741/741 660/660/660
f 741/741/741 738/738/738 742/742/742
f 742/742/742 743/743/743 741/741/741
f 744/744/744 740/740/740 730/730/730
f 730/730/730 733/733/733 744/744/744
f 662/662/662 660/660/660 741/741/741
f 741/741/741 745/745/745 662/662/662
f 745/745/745 741/741/741 743/743/743
f 743/743/743 746/746/746 745/745/745
f 746/746/746 743/743/743 747/747/747
f 747/747/747 748/748/748 746/746/746
f 664/664/664 662/662/662 745/745/745
f 745/745/745 749/749/749 664/664/664
f 749/749/749 745/745/745 746/746/746
f 746/746/746 750/750/750 749/749/749
f 750/750/750 746/746/746 748/748/748
f 748/748/748 751/751/751 750/750/750
f 666/666/666 664/664/664 749/749/749
f 749/749/749 752/752/752 666/666/666
f 752/752/752 749/749/749 750/750/750
f 750/750/750 753/753/753 752/752/752
f 754/754/754 755/755/755 706/706/706
f 706/706/706 705/705/705 754/754/754
f 668/668/668 666/666/666 752/752/752
f 752/752/752 756/756/756 668/668/668
f 756/756/756 752/752/752 753/753/753
f 753/753/753 757/757/757 756/756/756
f 758/758/758 754/754/754 705/705/705
f 705/705/705 715/715/715 758/758/758
f 670/670/670 668/668/668 756/756/756
f 756/756/756 759/759/759 670/670/670
f 759/759/759 756/756/756 757/757/757
f 757/757/757 760/760/760 759/759/759
f 761/761/761 758/758/758 715/715/715
f 715/715/715 718/718/718 761/761/761
f 672/672/672 670/670/670 759/759/759
f 759/759/759 762/762/762 672/672/672
f 762/762/762 759/759/759 760/760/760
f 760/760/760 763/763/763 762/762/762
f 763/763/763 760/760/760 764/764/764
f 764/764/764 765/765/765 763/763/763
f 674/674/674 672/672/672 762/762/762
f 762/762/762 766/766/766 674/674/674
f 766/766/766 762/762/762 763/763/763
f 763/763/763 767/767/767 766/766/766
f 767/767/767 763/763/763 765/765/765
f 765/765/765 768/768/768 767/767/767
f 676/676/676 674/674/674 766/766/766
f 766/766/766 769/769/769 676/676/676
f 769/769/769 766/766/766 767/767/767
f 767/767/767 770/770/770 769/769/769
f 771/771/771 772/772/772 700/700/700
f 700/700/700 697/697/697 771/771/771
f 678/678/678 676/676/676 769/769/769
f 769/769/769 773/773/773 678/678/678
f 774/774/774 775/775/775 771/771/771
f 771/771/771 776/776/776 774/774/774
f 776/776/776 771/771/771 697/697/697
f 697/697/697 694/694/694 776/776/776
f 638/638/638 777/777/777 774/774/774
f 774/774/774 689/689/689 638/638/638
f 689/689/689 774/774/774 776/776/776
f 776/776/776 688/688/688 689/689/689
f 688/688/688 776/776/776 694/694/694
f 694/694/694 682/682/682 688/688/688
f 778/778/778 779/779/779 780/780/780
f 780/780/780 781/781/781 778/778/778
f 782/782/782 783/783/783 784/784/784
f 785/785/785 782/782/782 784/784/784
f 785/785/785 784/784/784 786/786/786
f 785/785/785 786/786/786 787/787/787
f 785/785/785 787/787/787 788/788/788
f 785/785/785 788/788/788 789/789/789
f 785/785/785 789/789/789 57/57/57
f 790/790/790 785/785/785 57/57/57
f 57/57/57 56/56/56 790/790/790
f 790/790/790 56/56/56 791/791/791
f 792/792/792 790/790/790 791/791/791
f 792/792/792 791/791/791 793/793/793
f 792/792/792 793/793/793 794/794/794
f 792/792/792 794/794/794 795/795/795
f 792/792/792 795/795/795 796/796/796
f 797/797/797 792/792/792 796/796/796
f 798/798/798 799/799/799 800/800/800
f 800/800/800 801/801/801 798/798/798
f 802/802/802 803/803/803 804/804/804
f 804/804/804 805/805/805 802/802/802
f 806/806/806 802/802/802 805/805/805
f 805/805/805 807/807/807 806/806/806
f 799/799/799 806/806/806 807/807/807
f 807/807/807 800/800/800 799/799/799
f 150/150/150 154/154/154 808/808/808
f 808/808/808 809/809/809 150/150/150
f 801/801/801 809/809/809 808/808/808
f 808/808/808 798/798/798 801/801/801
f 216/216/216 215/215/215 810/810/810
f 810/810/810 811/811/811 216/216/216
f 811/811/811 810/810/810 812/812/812
f 812/812/812 813/813/813 811/811/811
f 813/813/813 812/812/812 779/779/779
f 779/779/779 778/778/778 813/813/813
f 814/814/814 815/815/815 816/816/816
f 816/816/816 817/817/817 814/814/814
f 817/817/817 816/816/816 781/781/781
f 781/781/781 780/780/780 817/817/817
f 818/818/818 819/819/819 820/820/820
f 820/820/820 821/821/821 822/822/822
f 818/818/818 820/820/820 822/822/822
f 822/822/822 823/823/823 824/824/824
f 824/824/824 825/825/825 826/826/826
f 822/822/822 824/824/824 826/826/826
f 818/818/818 822/822/822 826/826/826
f 818/818/818 826/826/826 827/827/827
f 828/828/828 818/818/818 827/827/827
f 819/819/819 829/829/829 830/830/830
f 830/830/830 820/820/820 819/819/819
f 831/831/831 832/832/832 833/833/833
f 833/833/833 834/834/834 835/835/835
f 831/831/831 833/833/833 835/835/835
f 835/835/835 836/836/836 837/837/837
f 837/837/837 838/838/838 839/839/839
f 835/835/835 837/837/837 839/839/839
f 831/831/831 835/835/835 839/839/839
f 831/831/831 839/839/839 830/830/830
f 829/829/829 831/831/831 830/830/830
f 840/840/840 841/841/841 842/842/842
f 842/842/842 843/843/843 840/840/840
f 844/844/844 845/845/845 846/846/846
f 846/846/846 847/847/847 844/844/844
f 848/848/848 849/849/849 845/845/845
f 845/845/845 844/844/844 848/848/848
f 850/850/850 851/851/851 849/849/849
f 849/849/849 848/848/848 850/850/850
f 852/852/852 853/853/853 851/851/851
f 851/851/851 850/850/850 852/852/852
f 854/854/854 855/855/855 856/856/856
f 856/856/856 857/857/857 854/854/854
f 858/858/858 859/859/859 855/855/855
f 855/855/855 854/854/854 858/858/858
f 860/860/860 861/861/861 859/859/859
f 859/859/859 858/858/858 860/860/860
f 862/862/862 863/863/863 864/864/864
f 864/864/864 865/865/865 866/866/866
f 866/866/866 867/867/867 868/868/868
f 864/864/864 866/866/866 868/868/868
f 868/868/868 869/869/869 870/870/870
f 870/870/870 871/871/871 872/872/872
f 868/868/868 870/870/870 872/872/872
f 864/864/864 868/868/868 872/872/872
f 872/872/872 873/873/873 874/874/874
f 874/874/874 875/875/875 876/876/876
f 872/872/872 874/874/874 876/876/876
f 864/864/864 872/872/872 876/876/876
f 876/876/876 877/877/877 878/878/878
f 864/864/864 876/876/876 878/878/878
f 862/862/862 864/864/864 878/878/878
f 879/879/879 862/862/862 878/878/878
f 880/880/880 881/881/881 882/882/882
f 882/882/882 883/883/883 880/880/880
f 884/884/884 885/885/885 881/881/881
f 881/881/881 880/880/880 884/884/884
f 886/886/886 887/887/887 885/885/885
f 885/885/885 884/884/884 886/886/886
f 888/888/888 889/889/889 890/890/890
f 890/890/890 891/891/891 888/888/888
f 892/892/892 893/893/893 889/889/889
f 889/889/889 888/888/888 892/892/892
f 894/894/894 895/895/895 893/893/893
f 893/893/893 892/892/892 894/894/894
f 896/896/896 897/897/897 895/895/895
f 895/895/895 894/894/894 896/896/896
f 898/898/898 899/899/899 900/900/900
f 900/900/900 901/901/901 898/898/898
f 56/56/56 55/55/55 902/902/902
f 902/902/902 903/903/903 56/56/56
f 903/903/903 902/902/902 904/904/904
f 904/904/904 905/905/905 903/903/903
f 905/905/905 904/904/904 906/906/906
f 906/906/906 907/907/907 905/905/905
f 58/58/58 57/57/57 908/908/908
f 908/908/908 909/909/909 58/58/58
f 909/909/909 908/908/908 910/910/910
f 910/910/910 911/911/911 909/909/909
f 911/911/911 910/910/910 912/912/912
f 912/912/912 913/913/913 911/911/911
f 783/783/783 782/782/782 914/914/914
f 914/914/914 915/915/915 783/783/783
f 915/915/915 914/914/914 916/916/916
f 916/916/916 917/917/917 915/915/915
f 917/917/917 916/916/916 918/918/918
f 918/918/918 919/919/919 917/917/917
f 784/784/784 783/783/783 915/915/915
f 915/915/915 920/920/920 784/784/784
f 920/920/920 915/915/915 917/917/917
f 917/917/917 921/921/921 920/920/920
f 921/921/921 917/917/917 919/919/919
f 919/919/919 922/922/922 921/921/921
f 786/786/786 784/784/784 920/920/920
f 920/920/920 923/923/923 786/786/786
f 923/923/923 920/920/920 921/921/921
f 921/921/921 924/924/924 923/923/923
f 924/924/924 921/921/921 922/922/922
f 922/922/922 925/925/925 924/924/924
f 787/787/787 786/786/786 923/923/923
f 923/923/923 926/926/926 787/787/787
f 926/926/926 923/923/923 924/924/924
f 924/924/924 927/927/927 926/926/926
f 927/927/927 924/924/924 925/925/925
f 925/925/925 928/928/928 927/927/927
f 788/788/788 787/787/787 926/926/926
f 926/926/926 929/929/929 788/788/788
f 929/929/929 926/926/926 927/927/927
f 927/927/927 930/930/930 929/929/929
f 930/930/930 927/927/927 928/928/928
f 928/928/928 931/931/931 930/930/930
f 789/789/789 788/788/788 929/929/929
f 929/929/929 932/932/932 789/789/789
f 932/932/932 929/929/929 930/930/930
f 930/930/930 933/933/933 932/932/932
f 933/933/933 930/930/930 931/931/931
f 931/931/931 934/934/934 933/933/933
f 57/57/57 789/789/789 932/932/932
f 932/932/932 908/908/908 57/57/57
f 908/908/908 932/932/932 933/933/933
f 933/933/933 910/910/910 908/908/908
f 910/910/910 933/933/933 934/934/934
f 934/934/934 912/912/912 910/910/910
f 792/792/792 797/797/797 935/935/935
f 935/935/935 936/936/936 792/792/792
f 936/936/936 935/935/935 937/937/937
f 937/937/937 938/938/938 936/936/936
f 938/938/938 937/937/937 939/939/939
f 939/939/939 940/940/940 938/938/938
f 791/791/791 56/56/56 903/903/903
f 903/903/903 941/941/941 791/791/791
f 941/941/941 903/903/903 905/905/905
f 905/905/905 942/942/942 941/941/941
f 942/942/942 905/905/905 907/907/907
f 907/907/907 943/943/943 942/942/942
f 793/793/793 791/791/791 941/941/941
f 941/941/941 944/944/944 793/793/793
f 944/944/944 941/941/941 942/942/942
f 942/942/942 945/945/945 944/944/944
f 945/945/945 942/942/942 943/943/943
f 943/943/943 946/946/946 945/945/945
f 794/794/794 793/793/793 944/944/944
f 944/944/944 947/947/947 794/794/794
f 947/947/947 944/944/944 945/945/945
f 945/945/945 948/948/948 947/947/947
f 948/948/948 945/945/945 946/946/946
f 946/946/946 949/949/949 948/948/948
f 795/795/795 794/794/794 947/947/947
f 947/947/947 950/950/950 795/795/795
f 950/950/950 947/947/947 948/948/948
f 948/948/948 951/951/951 950/950/950
f 951/951/951 948/948/948 949/949/949
f 949/949/949 952/952/952 951/951/951
f 796/796/796 795/795/795 950/950/950
f 950/950/950 953/953/953 796/796/796
f 953/953/953 950/950/950 951/951/951
f 951/951/951 954/954/954 953/953/953
f 954/954/954 951/951/951 952/952/952
f 952/952/952 955/955/955 954/954/954
f 797/797/797 796/796/796 953/953/953
f 953/953/953 935/935/935 797/797/797
f 935/935/935 953/953/953 954/954/954
f 954/954/954 937/937/937 935/935/935
f 937/937/937 954/954/954 955/955/955
f 955/955/955 939/939/939 937/937/937
f 842/842/842 841/841/841 956/956/956
f 956/956/956 957/957/957 842/842/842
f 957/957/957 956/956/956 958/958/958
f 958/958/958 959/959/959 957/957/957
f 959/959/959 958/958/958 960/960/960
f 960/960/960 961/961/961 959/959/959
f 846/846/846 845/845/845 962/962/962
f 962/962/962 963/963/963 846/846/846
f 963/963/963 962/962/962 964/964/964
f 964/964/964 965/965/965 963/963/963
f 966/966/966 967/967/967 922/922/922
f 922/922/922 919/919/919 966/966/966
f 845/845/845 849/849/849 968/968/968
f 968/968/968 962/962/962 845/845/845
f 962/962/962 968/968/968 969/969/969
f 969/969/969 964/964/964 962/962/962
f 967/967/967 970/970/970 925/925/925
f 925/925/925 922/922/922 967/967/967
f 849/849/849 851/851/851 971/971/971
f 971/971/971 968/968/968 849/849/849
f 968/968/968 971/971/971 972/972/972
f 972/972/972 969/969/969 968/968/968
f 970/970/970 973/973/973 928/928/928
f 928/928/928 925/925/925 970/970/970
f 851/851/851 853/853/853 974/974/974
f 974/974/974 971/971/971 851/851/851
f 971/971/971 974/974/974 975/975/975
f 975/975/975 972/972/972 971/971/971
f 973/973/973 976/976/976 931/931/931
f 931/931/931 928/928/928 973/973/973
f 856/856/856 855/855/855 977/977/977
f 977/977/977 978/978/978 856/856/856
f 978/978/978 977/977/977 979/979/979
f 979/979/979 980/980/980 978/978/978
f 976/976/976 981/981/981 934/934/934
f 934/934/934 931/931/931 976/976/976
f 855/855/855 859/859/859 982/982/982
f 982/982/982 977/977/977 855/855/855
f 977/977/977 982/982/982 983/983/983
f 983/983/983 979/979/979 977/977/977
f 979/979/979 983/983/983 984/984/984
f 984/984/984 985/985/985 979/979/979
f 859/859/859 861/861/861 986/986/986
f 986/986/986 982/982/982 859/859/859
f 982/982/982 986/986/986 987/987/987
f 987/987/987 983/983/983 982/982/982
f 983/983/983 987/987/987 988/988/988
f 988/988/988 984/984/984 983/983/983
f 882/882/882 881/881/881 989/989/989
f 989/989/989 990/990/990 882/882/882
f 990/990/990 989/989/989 991/991/991
f 991/991/991 992/992/992 990/990/990
f 992/992/992 991/991/991 993/993/993
f 993/993/993 994/994/994 992/992/992
f 881/881/881 885/885/885 995/995/995
f 995/995/995 989/989/989 881/881/881
f 989/989/989 995/995/995 996/996/996
f 996/996/996 991/991/991 989/989/989
f 991/991/991 996/996/996 997/997/997
f 997/997/997 993/993/993 991/991/991
f 885/885/885 887/887/887 998/998/998
f 998/998/998 995/995/995 885/885/885
f 995/995/995 998/998/998 999/999/999
f 999/999/999 996/996/996 995/995/995
f 1000/1000/1000 1001/1001/1001 946/946/946
f 946/946/946 943/943/943 1000/1000/1000
f 890/890/890 889/889/889 1002/1002/1002
f 1002/1002/1002 1003/1003/1003 890/890/890
f 1003/1003/1003 1002/1002/1002 1004/1004/1004
f 1004/1004/1004 1005/1005/1005 1003/1003/1003
f 1001/1001/1001 1006/1006/1006 949/949/949
f 949/949/949 946/946/946 1001/1001/1001
f 889/889/889 893/893/893 1007/1007/1007
f 1007/1007/1007 1002/1002/1002 889/889/889
f 1002/1002/1002 1007/1007/1007 1008/1008/1008
f 1008/1008/1008 1004/1004/1004 1002/1002/1002
f 1006/1006/1006 1009/1009/1009 952/952/952
f 952/952/952 949/949/949 1006/1006/1006
f 893/893/893 895/895/895 1010/1010/1010
f 1010/1010/1010 1007/1007/1007 893/893/893
f 1007/1007/1007 1010/1010/1010 1011/1011/1011
f 1011/1011/1011 1008/1008/1008 1007/1007/1007
f 1009/1009/1009 1012/1012/1012 955/955/955
f 955/955/955 952/952/952 1009/1009/1009
f 895/895/895 897/897/897 1013/1013/1013
f 1013/1013/1013 1010/1010/1010 895/895/895
f 1010/1010/1010 1013/1013/1013 1014/1014/1014
f 1014/1014/1014 1011/1011/1011 1010/1010/1010
f 1012/1012/1012 1015/1015/1015 939/939/939
f 939/939/939 955/955/955 1012/1012/1012
f 900/900/900 899/899/899 1016/1016/1016
f 1016/1016/1016 1017/1017/1017 900/900/900
f 1017/1017/1017 1016/1016/1016 1018/1018/1018
f 1018/1018/1018 1019/1019/1019 1017/1017/1017
f 1019/1019/1019 1018/1018/1018 1020/1020/1020
f 1020/1020/1020 1021/1021/1021 1019/1019/1019
f 1022/1022/1022 1023/1023/1023 863/863/863
f 1024/1024/1024 1022/1022/1022 863/863/863
f 1025/1025/1025 1024/1024/1024 863/863/863
f 862/862/862 1026/1026/1026 1027/1027/1027
f 862/862/862 1027/1027/1027 1028/1028/1028
f 862/862/862 1028/1028/1028 1029/1029/1029
f 1030/1030/1030 1031/1031/1031 362/362/362
f 1032/1032/1032 1030/1030/1030 362/362/362
f 360/360/360 1032/1032/1032 362/362/362
f 362/362/362 1031/1031/1031 363/363/363
f 366/366/366 1033/1033/1033 367/367/367
f 367/367/367 1033/1033/1033 1034/1034/1034
f 367/367/367 1034/1034/1034 1035/1035/1035
f 367/367/367 1035/1035/1035 368/368/368
f 1036/1036/1036 1037/1037/1037 818/818/818
f 1038/1038/1038 1036/1036/1036 818/818/818
f 828/828/828 1038/1038/1038 818/818/818
f 831/831/831 1039/1039/1039 1040/1040/1040
f 831/831/831 1040/1040/1040 1041/1041/1041
f 831/831/831 1041/1041/1041 832/832/832
f 1042/1042/1042 1026/1026/1026 862/862/862
f 1043/1043/1043 1042/1042/1042 862/862/862
f 879/879/879 1043/1043/1043 862/862/862
f 863/863/863 1023/1023/1023 1044/1044/1044
f 863/863/863 1044/1044/1044 1045/1045/1045
f 863/863/863 1045/1045/1045 864/864/864
f 151/151/151 150/150/150 1046/1046/1046
f 1046/1046/1046 1047/1047/1047 151/151/151
f 1047/1047/1047 1046/1046/1046 1048/1048/1048
f 1048/1048/1048 1049/1049/1049 1047/1047/1047
f 1049/1049/1049 1048/1048/1048 1050/1050/1050
f 1050/1050/1050 1051/1051/1051 1049/1049/1049
f 215/215/215 219/219/219 1052/1052/1052
f 1052/1052/1052 1053/1053/1053 215/215/215
f 1053/1053/1053 1052/1052/1052 1054/1054/1054
f 1054/1054/1054 1055/1055/1055 1053/1053/1053
f 1055/1055/1055 1054/1054/1054 1056/1056/1056
f 1056/1056/1056 1057/1057/1057 1055/1055/1055
f 780/780/780 779/779/779 1058/1058/1058
f 1058/1058/1058 1059/1059/1059 780/780/780
f 1059/1059/1059 1058/1058/1058 1060/1060/1060
f 1060/1060/1060 1061/1061/1061 1059/1059/1059
f 1061/1061/1061 1060/1060/1060 1062/1062/1062
f 1062/1062/1062 1063/1063/1063 1061/1061/1061
f 801/801/801 800/800/800 1064/1064/1064
f 1064/1064/1064 1065/1065/1065 801/801/801
f 1065/1065/1065 1064/1064/1064 1066/1066/1066
f 1066/1066/1066 1067/1067/1067 1065/1065/1065
f 1067/1067/1067 1066/1066/1066 1068/1068/1068
f 1068/1068/1068 1069/1069/1069 1067/1067/1067
f 804/804/804 803/803/803 1070/1070/1070
f 1070/1070/1070 1071/1071/1071 804/804/804
f 1071/1071/1071 1070/1070/1070 1072/1072/1072
f 1072/1072/1072 1073/1073/1073 1071/1071/1071
f 1073/1073/1073 1072/1072/1072 1074/1074/1074
f 1074/1074/1074 1075/1075/1075 1073/1073/1073
f 805/805/805 804/804/804 1071/1071/1071
f 1071/1071/1071 1076/1076/1076 805/805/805
f 1076/1076/1076 1071/1071/1071 1073/1073/1073
f 1073/1073/1073 1077/1077/1077 1076/1076/1076
f 1077/1077/1077 1073/1073/1073 1075/1075/1075
f 1075/1075/1075 1078/1078/1078 1077/1077/1077
f 807/807/807 805/805/805 1076/1076/1076
f 1076/1076/1076 1079/1079/1079 807/807/807
f 1079/1079/1079 1076/1076/1076 1077/1077/1077
f 1077/1077/1077 1080/1080/1080 1079/1079/1079
f 1080/1080/1080 1077/1077/1077 1078/1078/1078
f 1078/1078/1078 1081/1081/1081 1080/1080/1080
f 800/800/800 807/807/807 1079/1079/1079
f 1079/1079/1079 1064/1064/1064 800/800/800
f 1064/1064/1064 1079/1079/1079 1080/1080/1080
f 1080/1080/1080 1066/1066/1066 1064/1064/1064
f 1066/1066/1066 1080/1080/1080 1081/1081/1081
f 1081/1081/1081 1068/1068/1068 1066/1066/1066
f 150/150/150 809/809/809 1082/1082/1082
f 1082/1082/1082 1046/1046/1046 150/150/150
f 1046/1046/1046 1082/1082/1082 1083/1083/1083
f 1083/1083/1083 1048/1048/1048 1046/1046/1046
f 1048/1048/1048 1083/1083/1083 1084/1084/1084
f 1084/1084/1084 1050/1050/1050 1048/1048/1048
f 809/809/809 801/801/801 1065/1065/1065
f 1065/1065/1065 1082/1082/1082 809/809/809
f 1082/1082/1082 1065/1065/1065 1067/1067/1067
f 1067/1067/1067 1083/1083/1083 1082/1082/1082
f 1083/1083/1083 1067/1067/1067 1069/1069/1069
f 1069/1069/1069 1084/1084/1084 1083/1083/1083
f 810/810/810 215/215/215 1053/1053/1053
f 1053/1053/1053 1085/1085/1085 810/810/810
f 1085/1085/1085 1053/1053/1053 1055/1055/1055
f 1055/1055/1055 1086/1086/1086 1085/1085/1085
f 1086/1086/1086 1055/1055/1055 1057/1057/1057
f 1057/1057/1057 1087/1087/1087 1086/1086/1086
f 812/812/812 810/810/810 1085/1085/1085
f 1085/1085/1085 1088/1088/1088 812/812/812
f 1088/1088/1088 1085/1085/1085 1086/1086/1086
f 1086/1086/1086 1089/1089/1089 1088/1088/1088
f 1089/1089/1089 1086/1086/1086 1087/1087/1087
f 1087/1087/1087 1090/1090/1090 1089/1089/1089
f 779/779/779 812/812/812 1088/1088/1088
f 1088/1088/1088 1058/1058/1058 779/779/779
f 1058/1058/1058 1088/1088/1088 1089/1089/1089
f 1089/1089/1089 1060/1060/1060 1058/1058/1058
f 1060/1060/1060 1089/1089/1089 1090/1090/1090
f 1090/1090/1090 1062/1062/1062 1060/1060/1060
f 814/814/814 817/817/817 1091/1091/1091
f 1091/1091/1091 1092/1092/1092 814/814/814
f 1092/1092/1092 1091/1091/1091 1093/1093/1093
f 1093/1093/1093 1094/1094/1094 1092/1092/1092
f 1094/1094/1094 1093/1093/1093 1095/1095/1095
f 1095/1095/1095 1096/1096/1096 1094/1094/1094
f 815/815/815 814/814/814 1092/1092/1092
f 1092/1092/1092 1097/1097/1097 815/815/815
f 1097/1097/1097 1092/1092/1092 1094/1094/1094
f 1094/1094/1094 1098/1098/1098 1097/1097/1097
f 1098/1098/1098 1094/1094/1094 1096/1096/1096
f 1096/1096/1096 1099/1099/1099 1098/1098/1098
f 817/817/817 780/780/780 1059/1059/1059
f 1059/1059/1059 1091/1091/1091 817/817/817
f 1091/1091/1091 1059/1059/1059 1061/1061/1061
f 1061/1061/1061 1093/1093/1093 1091/1091/1091
f 1093/1093/1093 1061/1061/1061 1063/1063/1063
f 1063/1063/1063 1095/1095/1095 1093/1093/1093
f 840/840/840 843/843/843 1100/1100/1100
f 1100/1100/1100 1101/1101/1101 840/840/840
f 1101/1101/1101 1100/1100/1100 1102/1102/1102
f 1102/1102/1102 1103/1103/1103 1101/1101/1101
f 1103/1103/1103 1102/1102/1102 1104/1104/1104
f 1104/1104/1104 1105/1105/1105 1103/1103/1103
f 844/844/844 847/847/847 1106/1106/1106
f 1106/1106/1106 1107/1107/1107 844/844/844
f 1107/1107/1107 1106/1106/1106 1108/1108/1108
f 1108/1108/1108 1109/1109/1109 1107/1107/1107
f 1110/1110/1110 1111/1111/1111 1050/1050/1050
f 1050/1050/1050 1084/1084/1084 1110/1110/1110
f 848/848/848 844/844/844 1107/1107/1107
f 1107/1107/1107 1112/1112/1112 848/848/848
f 1112/1112/1112 1107/1107/1107 1109/1109/1109
f 1109/1109/1109 1113/1113/1113 1112/1112/1112
f 1114/1114/1114 1110/1110/1110 1084/1084/1084
f 1084/1084/1084 1069/1069/1069 1114/1114/1114
f 850/850/850 848/848/848 1112/1112/1112
f 1112/1112/1112 1115/1115/1115 850/850/850
f 1115/1115/1115 1112/1112/1112 1113/1113/1113
f 1113/1113/1113 1116/1116/1116 1115/1115/1115
f 1117/1117/1117 1114/1114/1114 1069/1069/1069
f 1069/1069/1069 1068/1068/1068 1117/1117/1117
f 852/852/852 850/850/850 1115/1115/1115
f 1115/1115/1115 1118/1118/1118 852/852/852
f 1118/1118/1118 1115/1115/1115 1116/1116/1116
f 1116/1116/1116 1119/1119/1119 1118/1118/1118
f 1120/1120/1120 1117/1117/1117 1068/1068/1068
f 1068/1068/1068 1081/1081/1081 1120/1120/1120
f 854/854/854 857/857/857 1121/1121/1121
f 1121/1121/1121 1122/1122/1122 854/854/854
f 1122/1122/1122 1121/1121/1121 1123/1123/1123
f 1123/1123/1123 1124/1124/1124 1122/1122/1122
f 1125/1125/1125 1120/1120/1120 1081/1081/1081
f 1081/1081/1081 1078/1078/1078 1125/1125/1125
f 858/858/858 854/854/854 1122/1122/1122
f 1122/1122/1122 1126/1126/1126 858/858/858
f 1126/1126/1126 1122/1122/1122 1124/1124/1124
f 1124/1124/1124 1127/1127/1127 1126/1126/1126
f 1127/1127/1127 1124/1124/1124 1128/1128/1128
f 1128/1128/1128 1129/1129/1129 1127/1127/1127
f 860/860/860 858/858/858 1126/1126/1126
f 1126/1126/1126 1130/1130/1130 860/860/860
f 1130/1130/1130 1126/1126/1126 1127/1127/1127
f 1127/1127/1127 1131/1131/1131 1130/1130/1130
f 1131/1131/1131 1127/1127/1127 1129/1129/1129
f 1129/1129/1129 1132/1132/1132 1131/1131/1131
f 880/880/880 883/883/883 1133/1133/1133
f 1133/1133/1133 1134/1134/1134 880/880/880
f 1134/1134/1134 1133/1133/1133 1135/1135/1135
f 1135/1135/1135 1136/1136/1136 1134/1134/1134
f 1136/1136/1136 1135/1135/1135 1137/1137/1137
f 1137/1137/1137 1138/1138/1138 1136/1136/1136
f 884/884/884 880/880/880 1134/1134/1134
f 1134/1134/1134 1139/1139/1139 884/884/884
f 1139/1139/1139 1134/1134/1134 1136/1136/1136
f 1136/1136/1136 1140/1140/1140 1139/1139/1139
f 1140/1140/1140 1136/1136/1136 1138/1138/1138
f 1138/1138/1138 1141/1141/1141 1140/1140/1140
f 886/886/886 884/884/884 1139/1139/1139
f 1139/1139/1139 1142/1142/1142 886/886/886
f 1142/1142/1142 1139/1139/1139 1140/1140/1140
f 1140/1140/1140 1143/1143/1143 1142/1142/1142
f 1144/1144/1144 1145/1145/1145 1095/1095/1095
f 1095/1095/1095 1063/1063/1063 1144/1144/1144
f 888/888/888 891/891/891 1146/1146/1146
f 1146/1146/1146 1147/1147/1147 888/888/888
f 1147/1147/1147 1146/1146/1146 1148/1148/1148
f 1148/1148/1148 1149/1149/1149 1147/1147/1147
f 1150/1150/1150 1144/1144/1144 1063/1063/1063
f 1063/1063/1063 1062/1062/1062 1150/1150/1150
f 892/892/892 888/888/888 1147/1147/1147
f 1147/1147/1147 1151/1151/1151 892/892/892
f 1151/1151/1151 1147/1147/1147 1149/1149/1149
f 1149/1149/1149 1152/1152/1152 1151/1151/1151
f 1153/1153/1153 1150/1150/1150 1062/1062/1062
f 1062/1062/1062 1090/1090/1090 1153/1153/1153
f 894/894/894 892/892/892 1151/1151/1151
f 1151/1151/1151 1154/1154/1154 894/894/894
f 1154/1154/1154 1151/1151/1151 1152/1152/1152
f 1152/1152/1152 1155/1155/1155 1154/1154/1154
f 1156/1156/1156 1153/1153/1153 1090/1090/1090
f 1090/1090/1090 1087/1087/1087 1156/1156/1156
f 896/896/896 894/894/894 1154/1154/1154
f 1154/1154/1154 1157/1157/1157 896/896/896
f 1157/1157/1157 1154/1154/1154 1155/1155/1155
f 1155/1155/1155 1158/1158/1158 1157/1157/1157
f 1159/1159/1159 1156/1156/1156 1087/1087/1087
f 1087/1087/1087 1057/1057/1057 1159/1159/1159
f 898/898/898 901/901/901 1160/1160/1160
f 1160/1160/1160 1161/1161/1161 898/898/898
f 1161/1161/1161 1160/1160/1160 1162/1162/1162
f 1162/1162/1162 1163/1163/1163 1161/1161/1161
f 1163/1163/1163 1162/1162/1162 1164/1164/1164
f 1164/1164/1164 1165/1165/1165 1163/1163/1163
f 1166/1166/1166 1167/1167/1167 1168/1168/1168
f 1168/1168/1168 1169/1169/1169 1166/1166/1166
f 1167/1167/1167 1170/1170/1170 1171/1171/1171
f 1171/1171/1171 1168/1168/1168 1167/1167/1167
f 1170/1170/1170 1172/1172/1172 1173/1173/1173
f 1173/1173/1173 1171/1171/1171 1170/1170/1170
f 1172/1172/1172 1174/1174/1174 1175/1175/1175
f 1175/1175/1175 1173/1173/1173 1172/1172/1172
f 1174/1174/1174 1176/1176/1176 1177/1177/1177
f 1177/1177/1177 1175/1175/1175 1174/1174/1174
f 1176/1176/1176 1178/1178/1178 1179/1179/1179
f 1179/1179/1179 1177/1177/1177 1176/1176/1176
f 1178/1178/1178 1180/1180/1180 1181/1181/1181
f 1181/1181/1181 1179/1179/1179 1178/1178/1178
f 1180/1180/1180 1182/1182/1182 1183/1183/1183
f 1183/1183/1183 1181/1181/1181 1180/1180/1180
f 1182/1182/1182 1184/1184/1184 1185/1185/1185
f 1185/1185/1185 1183/1183/1183 1182/1182/1182
f 1184/1184/1184 1186/1186/1186 1187/1187/1187
f 1187/1187/1187 1185/1185/1185 1184/1184/1184
f 1186/1186/1186 1188/1188/1188 1189/1189/1189
f 1189/1189/1189 1187/1187/1187 1186/1186/1186
f 1188/1188/1188 1190/1190/1190 1191/1191/1191
f 1191/1191/1191 1189/1189/1189 1188/1188/1188
f 1190/1190/1190 1192/1192/1192 1193/1193/1193
f 1193/1193/1193 1191/1191/1191 1190/1190/1190
f 1192/1192/1192 1194/1194/1194 1195/1195/1195
f 1195/1195/1195 1193/1193/1193 1192/1192/1192
f 1194/1194/1194 1196/1196/1196 1197/1197/1197
f 1197/1197/1197 1195/1195/1195 1194/1194/1194
f 1196/1196/1196 1198/1198/1198 1199/1199/1199
f 1199/1199/1199 1197/1197/1197 1196/1196/1196
f 1198/1198/1198 1200/1200/1200 1201/1201/1201
f 1201/1201/1201 1199/1199/1199 1198/1198/1198
f 1200/1200/1200 1202/1202/1202 1203/1203/1203
f 1203/1203/1203 1201/1201/1201 1200/1200/1200
f 1202/1202/1202 1025/1025/1025 1204/1204/1204
f 1204/1204/1204 1203/1203/1203 1202/1202/1202
f 1025/1025/1025 863/863/863 1205/1205/1205
f 1205/1205/1205 1204/1204/1204 1025/1025/1025
f 863/863/863 862/862/862 1206/1206/1206
f 1206/1206/1206 1205/1205/1205 863/863/863
f 862/862/862 1029/1029/1029 1207/1207/1207
f 1207/1207/1207 1206/1206/1206 862/862/862
f 1029/1029/1029 1208/1208/1208 1209/1209/1209
f 1209/1209/1209 1207/1207/1207 1029/1029/1029
f 1208/1208/1208 1210/1210/1210 1211/1211/1211
f 1211/1211/1211 1209/1209/1209 1208/1208/1208
f 1210/1210/1210 1212/1212/1212 1213/1213/1213
f 1213/1213/1213 1211/1211/1211 1210/1210/1210
f 1212/1212/1212 1214/1214/1214 1215/1215/1215
f 1215/1215/1215 1213/1213/1213 1212/1212/1212
f 1214/1214/1214 1216/1216/1216 1217/1217/1217
f 1217/1217/1217 1215/1215/1215 1214/1214/1214
f 1216/1216/1216 1218/1218/1218 1219/1219/1219
f 1219/1219/1219 1217/1217/1217 1216/1216/1216
f 1218/1218/1218 1220/1220/1220 1221/1221/1221
f 1221/1221/1221 1219/1219/1219 1218/1218/1218
f 1220/1220/1220 1222/1222/1222 1223/1223/1223
f 1223/1223/1223 1221/1221/1221 1220/1220/1220
f 1222/1222/1222 1224/1224/1224 1225/1225/1225
f 1225/1225/1225 1223/1223/1223 1222/1222/1222
f 1224/1224/1224 1226/1226/1226 1227/1227/1227
f 1227/1227/1227 1225/1225/1225 1224/1224/1224
f 1226/1226/1226 1228/1228/1228 1229/1229/1229
f 1229/1229/1229 1227/1227/1227 1226/1226/1226
f 1228/1228/1228 1230/1230/1230 1231/1231/1231
f 1231/1231/1231 1229/1229/1229 1228/1228/1228
f 1230/1230/1230 1232/1232/1232 1233/1233/1233
f 1233/1233/1233 1231/1231/1231 1230/1230/1230
f 1232/1232/1232 1234/1234/1234 1235/1235/1235
f 1235/1235/1235 1233/1233/1233 1232/1232/1232
f 1234/1234/1234 1236/1236/1236 1237/1237/1237
f 1237/1237/1237 1235/1235/1235 1234/1234/1234
f 1236/1236/1236 1238/1238/1238 1239/1239/1239
f 1239/1239/1239 1237/1237/1237 1236/1236/1236
f 1238/1238/1238 1240/1240/1240 1241/1241/1241
f 1241/1241/1241 1239/1239/1239 1238/1238/1238
f 1240/1240/1240 1242/1242/1242 1243/1243/1243
f 1243/1243/1243 1241/1241/1241 1240/1240/1240
f 1242/1242/1242 1244/1244/1244 1245/1245/1245
f 1245/1245/1245 1243/1243/1243 1242/1242/1242
f 1244/1244/1244 1166/1166/1166 1169/1169/1169
f 1169/1169/1169 1245/1245/1245 1244/1244/1244
f 1246/1246/1246 1247/1247/1247 1248/1248/1248
f 1249/1249/1249 1250/1250/1250 1251/1251/1251
f 1252/1252/1252 1253/1253/1253 1254/1254/1254
f 1255/1255/1255 1256/1256/1256 1257/1257/1257
f 1258/1258/1258 1259/1259/1259 1260/1260/1260
f 1260/1260/1260 1261/1261/1261 1258/1258/1258
f 1262/1262/1262 1263/1263/1263 1264/1264/1264
f 1265/1265/1265 1266/1266/1266 1267/1267/1267
f 1268/1268/1268 1269/1269/1269 1270/1270/1270
f 1271/1271/1271 1272/1272/1272 1273/1273/1273
f 1274/1274/1274 1275/1275/1275 1276/1276/1276
f 1277/1277/1277 1278/1278/1278 1279/1279/1279
f 1280/1280/1280 1281/1281/1281 1282/1282/1282
f 1282/1282/1282 1283/1283/1283 1280/1280/1280
f 1284/1284/1284 1285/1285/1285 1286/1286/1286
f 1287/1287/1287 1288/1288/1288 1289/1289/1289
f 1290/1290/1290 1291/1291/1291 1292/1292/1292
f 1293/1293/1293 1294/1294/1294 1295/1295/1295
f 1296/1296/1296 1297/1297/1297 1298/1298/1298
f 1298/1298/1298 1299/1299/1299 1296/1296/1296
f 1300/1300/1300 1301/1301/1301 1302/1302/1302
f 1302/1302/1302 1303/1303/1303 1300/1300/1300
f 1304/1304/1304 1305/1305/1305 1306/1306/1306
f 1307/1307/1307 1308/1308/1308 1309/1309/1309
f 1310/1310/1310 1311/1311/1311 1312/1312/1312
f 1313/1313/1313 1314/1314/1314 1315/1315/1315
f 1316/1316/1316 1317/1317/1317 1318/1318/1318
f 1318/1318/1318 1319/1319/1319 1316/1316/1316
f 1317/1317/1317 1320/1320/1320 1321/1321/1321
f 1321/1321/1321 1318/1318/1318 1317/1317/1317
f 1320/1320/1320 1322/1322/1322 1323/1323/1323
f 1323/1323/1323 1321/1321/1321 1320/1320/1320
f 1322/1322/1322 1324/1324/1324 1325/1325/1325
f 1325/1325/1325 1323/1323/1323 1322/1322/1322
f 1324/1324/1324 1326/1326/1326 1327/1327/1327
f 1327/1327/1327 1325/1325/1325 1324/1324/1324
f 1326/1326/1326 1328/1328/1328 1329/1329/1329
f 1329/1329/1329 1327/1327/1327 1326/1326/1326
f 1328/1328/1328 1330/1330/1330 1331/1331/1331
f 1331/1331/1331 1329/1329/1329 1328/1328/1328
f 1330/1330/1330 1332/1332/1332 1333/1333/1333
f 1333/1333/1333 1331/1331/1331 1330/1330/1330
f 1332/1332/1332 1334/1334/1334 1335/1335/1335
f 1335/1335/1335 1333/1333/1333 1332/1332/1332
f 1334/1334/1334 1336/1336/1336 1337/1337/1337
f 1337/1337/1337 1335/1335/1335 1334/1334/1334
f 1336/1336/1336 1338/1338/1338 1339/1339/1339
f 1339/1339/1339 1337/1337/1337 1336/1336/1336
f 1338/1338/1338 1340/1340/1340 1341/1341/1341
f 1341/1341/1341 1339/1339/1339 1338/1338/1338
f 1340/1340/1340 1342/1342/1342 1343/1343/1343
f 1343/1343/1343 1341/1341/1341 1340/1340/1340
f 1342/1342/1342 1344/1344/1344 1345/1345/1345
f 1345/1345/1345 1343/1343/1343 1342/1342/1342
f 1344/1344/1344 1346/1346/1346 1347/1347/1347
f 1347/1347/1347 1345/1345/1345 1344/1344/1344
f 1348/1348/1348 1349/1349/1349 1350/1350/1350
f 1351/1351/1351 1352/1352/1352 1353/1353/1353
f 1354/1354/1354 1355/1355/1355 1356/1356/1356
f 1357/1357/1357 1358/1358/1358 1359/1359/1359
f 1360/1360/1360 1361/1361/1361 1362/1362/1362
f 1362/1362/1362 1363/1363/1363 1360/1360/1360
f 1364/1364/1364 1365/1365/1365 1366/1366/1366
f 1366/1366/1366 1367/1367/1367 1364/1364/1364
f 1368/1368/1368 1369/1369/1369 1370/1370/1370
f 1371/1371/1371 1372/1372/1372 1373/1373/1373
f 1374/1374/1374 1375/1375/1375 1376/1376/1376
f 1377/1377/1377 1378/1378/1378 1379/1379/1379
f 1380/1380/1380 1381/1381/1381 1382/1382/1382
f 1382/1382/1382 1383/1383/1383 1380/1380/1380
f 1384/1384/1384 1385/1385/1385 1386/1386/1386
f 1387/1387/1387 1388/1388/1388 1389/1389/1389
f 1390/1390/1390 1391/1391/1391 1392/1392/1392
f 1393/1393/1393 1394/1394/1394 1395/1395/1395
f 1396/1396/1396 1397/1397/1397 1398/1398/1398
f 1399/1399/1399 1400/1400/1400 1401/1401/1401
f 1402/1402/1402 1403/1403/1403 1404/1404/1404
f 1404/1404/1404 1405/1405/1405 1402/1402/1402
f 1406/1406/1406 1407/1407/1407 1408/1408/1408
f 1409/1409/1409 1410/1410/1410 1411/1411/1411
f 1412/1412/1412 1413/1413/1413 1414/1414/1414
f 1415/1415/1415 1416/1416/1416 1417/1417/1417
f 1418/1418/1418 1419/1419/1419 1420/1420/1420
f 1420/1420/1420 1421/1421/1421 1418/1418/1418
f 1422/1422/1422 1423/1423/1423 1424/1424/1424
f 1424/1424/1424 1425/1425/1425 1422/1422/1422
f 1426/1426/1426 1427/1427/1427 1428/1428/1428
f 1428/1428/1428 1429/1429/1429 1426/1426/1426
f 1430/1430/1430 1431/1431/1431 1432/1432/1432
f 1432/1432/1432 1433/1433/1433 1430/1430/1430
f 1434/1434/1434 1435/1435/1435 1436/1436/1436
f 1436/1436/1436 1437/1437/1437 1434/1434/1434
f 1425/1425/1425 1424/1424/1424 1438/1438/1438
f 1438/1438/1438 1439/1439/1439 1425/1425/1425
f 1429/1429/1429 1428/1428/1428 1440/1440/1440
f 1440/1440/1440 1441/1441/1441 1429/1429/1429
f 1433/1433/1433 1432/1432/1432 1442/1442/1442
f 1442/1442/1442 1443/1443/1443 1433/1433/1433
f 1437/1437/1437 1436/1436/1436 1444/1444/1444
f 1444/1444/1444 1445/1445/1445 1437/1437/1437
f 1446/1446/1446 1447/1447/1447 1448/1448/1448
f 1448/1448/1448 1449/1449/1449 1446/1446/1446
f 1441/1441/1441 1440/1440/1440 1450/1450/1450
f 1450/1450/1450 1451/1451/1451 1441/1441/1441
f 1443/1443/1443 1442/1442/1442 1452/1452/1452
f 1452/1452/1452 1453/1453/1453 1443/1443/1443
f 1445/1445/1445 1444/1444/1444 1454/1454/1454
f 1454/1454/1454 1455/1455/1455 1445/1445/1445
f 1456/1456/1456 1457/1457/1457 1458/1458/1458
f 1458/1458/1458 1459/1459/1459 1456/1456/1456
f 1451/1451/1451 1450/1450/1450 1460/1460/1460
f 1460/1460/1460 1461/1461/1461 1451/1451/1451
f 1462/1462/1462 1463/1463/1463 1464/1464/1464
f 1464/1464/1464 1465/1465/1465 1462/1462/1462
f 1455/1455/1455 1454/1454/1454 1466/1466/1466
f 1466/1466/1466 1467/1467/1467 1455/1455/1455
f 1459/1459/1459 1458/1458/1458 1468/1468/1468
f 1468/1468/1468 1469/1469/1469 1459/1459/1459
f 1461/1461/1461 1460/1460/1460 1470/1470/1470
f 1470/1470/1470 1471/1471/1471 1461/1461/1461
f 1465/1465/1465 1464/1464/1464 1472/1472/1472
f 1472/1472/1472 1473/1473/1473 1465/1465/1465
f 1467/1467/1467 1466/1466/1466 1474/1474/1474
f 1474/1474/1474 1475/1475/1475 1467/1467/1467
f 1469/1469/1469 1468/1468/1468 1476/1476/1476
f 1476/1476/1476 1477/1477/1477 1469/1469/1469
f 1471/1471/1471 1470/1470/1470 1478/1478/1478
f 1478/1478/1478 1479/1479/1479 1471/1471/1471
f 1473/1473/1473 1472/1472/1472 1480/1480/1480
f 1480/1480/1480 1481/1481/1481 1473/1473/1473
f 1475/1475/1475 1474/1474/1474 1482/1482/1482
f 1482/1482/1482 1483/1483/1483 1475/1475/1475
f 1484/1484/1484 1485/1485/1485 1486/1486/1486
f 1486/1486/1486 1487/1487/1487 1484/1484/1484
f 1479/1479/1479 1478/1478/1478 1488/1488/1488
f 1488/1488/1488 1489/1489/1489 1479/1479/1479
f 1490/1490/1490 1491/1491/1491 1492/1492/1492
f 1492/1492/1492 1493/1493/1493 1490/1490/1490
f 1483/1483/1483 1482/1482/1482 1494/1494/1494
f 1494/1494/1494 1495/1495/1495 1483/1483/1483
f 1487/1487/1487 1486/1486/1486 1496/1496/1496
f 1496/1496/1496 1497/1497/1497 1487/1487/1487
f 1489/1489/1489 1488/1488/1488 1498/1498/1498
f 1498/1498/1498 1499/1499/1499 1489/1489/1489
f 1493/1493/1493 1492/1492/1492 1500/1500/1500
f 1500/1500/1500 1501/1501/1501 1493/1493/1493
f 1495/1495/1495 1494/1494/1494 1502/1502/1502
f 1502/1502/1502 1503/1503/1503 1495/1495/1495
f 1504/1504/1504 1505/1505/1505 1506/1506/1506
f 1506/1506/1506 1507/1507/1507 1504/1504/1504
f 1499/1499/1499 1498/1498/1498 1508/1508/1508
f 1508/1508/1508 1509/1509/1509 1499/1499/1499
f 1501/1501/1501 1500/1500/1500 1510/1510/1510
f 1510/1510/1510 1511/1511/1511 1501/1501/1501
f 1503/1503/1503 1502/1502/1502 1512/1512/1512
f 1512/1512/1512 1513/1513/1513 1503/1503/1503
f 1507/1507/1507 1506/1506/1506 1514/1514/1514
f 1514/1514/1514 1515/1515/1515 1507/1507/1507
f 1509/1509/1509 1508/1508/1508 1516/1516/1516
f 1516/1516/1516 1517/1517/1517 1509/1509/1509
f 1511/1511/1511 1510/1510/1510 1518/1518/1518
f 1518/1518/1518 1519/1519/1519 1511/1511/1511
f 1513/1513/1513 1512/1512/1512 1520/1520/1520
f 1520/1520/1520 1521/1521/1521 1513/1513/1513
f 1515/1515/1515 1514/1514/1514 1522/1522/1522
f 1522/1522/1522 1523/1523/1523 1515/1515/1515
f 1517/1517/1517 1516/1516/1516 1524/1524/1524
f 1524/1524/1524 1525/1525/1525 1517/1517/1517
f 1519/1519/1519 1518/1518/1518 1526/1526/1526
f 1526/1526/1526 1527/1527/1527 1519/1519/1519
f 1521/1521/1521 1520/1520/1520 1528/1528/1528
f 1528/1528/1528 1529/1529/1529 1521/1521/1521
f 1523/1523/1523 1522/1522/1522 1530/1530/1530
f 1530/1530/1530 1531/1531/1531 1523/1523/1523
f 1525/1525/1525 1524/1524/1524 1532/1532/1532
f 1532/1532/1532 1533/1533/1533 1525/1525/1525
f 1527/1527/1527 1526/1526/1526 1534/1534/1534
f 1534/1534/1534 1535/1535/1535 1527/1527/1527
f 1529/1529/1529 1528/1528/1528 1536/1536/1536
f 1536/1536/1536 1537/1537/1537 1529/1529/1529
f 1538/1538/1538 1539/1539/1539 1540/1540/1540
f 1540/1540/1540 1541/1541/1541 1538/1538/1538
f 1533/1533/1533 1532/1532/1532 1542/1542/1542
f 1542/1542/1542 1543/1543/1543 1533/1533/1533
f 1544/1544/1544 1545/1545/1545 1546/1546/1546
f 1546/1546/1546 1547/1547/1547 1544/1544/1544
f 1537/1537/1537 1536/1536/1536 1548/1548/1548
f 1548/1548/1548 1549/1549/1549 1537/1537/1537
f 1541/1541/1541 1540/1540/1540 1550/1550/1550
f 1550/1550/1550 1551/1551/1551 1541/1541/1541
f 1543/1543/1543 1542/1542/1542 1552/1552/1552
f 1552/1552/1552 1553/1553/1553 1543/1543/1543
f 1547/1547/1547 1546/1546/1546 1554/1554/1554
f 1554/1554/1554 1555/1555/1555 1547/1547/1547
f 1549/1549/1549 1548/1548/1548 1556/1556/1556
f 1556/1556/1556 1557/1557/1557 1549/1549/1549
f 1551/1551/1551 1550/1550/1550 1558/1558/1558
f 1558/1558/1558 1559/1559/1559 1551/1551/1551
f 1553/1553/1553 1552/1552/1552 1560/1560/1560
f 1560/1560/1560 1561/1561/1561 1553/1553/1553
f 1555/1555/1555 1554/1554/1554 1562/1562/1562
f 1562/1562/1562 1563/1563/1563 1555/1555/1555
f 1557/1557/1557 1556/1556/1556 1564/1564/1564
f 1564/1564/1564 1565/1565/1565 1557/1557/1557
f 1566/1566/1566 1567/1567/1567 1568/1568/1568
f 1568/1568/1568 1569/1569/1569 1566/1566/1566
f 1561/1561/1561 1560/1560/1560 1570/1570/1570
f 1570/1570/1570 1571/1571/1571 1561/1561/1561
f 1572/1572/1572 1573/1573/1573 1574/1574/1574
f 1574/1574/1574 1575/1575/1575 1572/1572/1572
f 1565/1565/1565 1564/1564/1564 1576/1576/1576
f 1576/1576/1576 1577/1577/1577 1565/1565/1565
f 1569/1569/1569 1568/1568/1568 1578/1578/1578
f 1578/1578/1578 1579/1579/1579 1569/1569/1569
f 1571/1571/1571 1570/1570/1570 1580/1580/1580
f 1580/1580/1580 1581/1581/1581 1571/1571/1571
f 1575/1575/1575 1574/1574/1574 1582/1582/1582
f 1582/1582/1582 1583/1583/1583 1575/1575/1575
f 1577/1577/1577 1576/1576/1576 1584/1584/1584
f 1584/1584/1584 1585/1585/1585 1577/1577/1577
f 1579/1579/1579 1578/1578/1578 1423/1423/1423
f 1423/1423/1423 1422/1422/1422 1579/1579/1579
f 1581/1581/1581 1580/1580/1580 1427/1427/1427
f 1427/1427/1427 1426/1426/1426 1581/1581/1581
f 1583/1583/1583 1582/1582/1582 1431/1431/1431
f 1431/1431/1431 1430/1430/1430 1583/1583/1583
f 1585/1585/1585 1584/1584/1584 1435/1435/1435
f 1435/1435/1435 1434/1434/1434 1585/1585/1585
f 1586/1586/1586 1587/1587/1587 1588/1588/1588
f 1588/1588/1588 1589/1589/1589 1586/1586/1586
f 1590/1590/1590 1591/1591/1591 1592/1592/1592
f 1592/1592/1592 1593/1593/1593 1590/1590/1590
f 1594/1594/1594 1595/1595/1595 1596/1596/1596
f 1596/1596/1596 1597/1597/1597 1594/1594/1594
f 1598/1598/1598 1599/1599/1599 1600/1600/1600
f 1600/1600/1600 1601/1601/1601 1598/1598/1598
f 1589/1589/1589 1588/1588/1588 1602/1602/1602
f 1602/1602/1602 1603/1603/1603 1589/1589/1589
f 1593/1593/1593 1592/1592/1592 1604/1604/1604
f 1604/1604/1604 1605/1605/1605 1593/1593/1593
f 1597/1597/1597 1596/1596/1596 1606/1606/1606
f 1606/1606/1606 1607/1607/1607 1597/1597/1597
f 1601/1601/1601 1600/1600/1600 1608/1608/1608
f 1608/1608/1608 1609/1609/1609 1601/1601/1601
f 1610/1610/1610 1611/1611/1611 1612/1612/1612
f 1612/1612/1612 1613/1613/1613 1610/1610/1610
f 1605/1605/1605 1604/1604/1604 1614/1614/1614
f 1614/1614/1614 1615/1615/1615 1605/1605/1605
f 1607/1607/1607 1606/1606/1606 1616/1616/1616
f 1616/1616/1616 1617/1617/1617 1607/1607/1607
f 1609/1609/1609 1608/1608/1608 1618/1618/1618
f 1618/1618/1618 1619/1619/1619 1609/1609/1609
f 1620/1620/1620 1621/1621/1621 1622/1622/1622
f 1622/1622/1622 1623/1623/1623 1620/1620/1620
f 1615/1615/1615 1614/1614/1614 1624/1624/1624
f 1624/1624/1624 1625/1625/1625 1615/1615/1615
f 1626/1626/1626 1627/1627/1627 1628/1628/1628
f 1628/1628/1628 1629/1629/1629 1626/1626/1626
f 1619/1619/1619 1618/1618/1618 1630/1630/1630
f 1630/1630/1630 1631/1631/1631 1619/1619/1619
f 1623/1623/1623 1622/1622/1622 1632/1632/1632
f 1632/1632/1632 1633/1633/1633 1623/1623/1623
f 1625/1625/1625 1624/1624/1624 1634/1634/1634
f 1634/1634/1634 1635/1635/1635 1625/1625/1625
f 1629/1629/1629 1628/1628/1628 1636/1636/1636
f 1636/1636/1636 1637/1637/1637 1629/1629/1629
f 1631/1631/1631 1630/1630/1630 1638/1638/1638
f 1638/1638/1638 1639/1639/1639 1631/1631/1631
f 1633/1633/1633 1632/1632/1632 1640/1640/1640
f 1640/1640/1640 1641/1641/1641 1633/1633/1633
f 1635/1635/1635 1634/1634/1634 1642/1642/1642
f 1642/1642/1642 1643/1643/1643 1635/1635/1635
f 1637/1637/1637 1636/1636/1636 1644/1644/1644
f 1644/1644/1644 1645/1645/1645 1637/1637/1637
f 1639/1639/1639 1638/1638/1638 1646/1646/1646
f 1646/1646/1646 1647/1647/1647 1639/1639/1639
f 1648/1648/1648 1649/1649/1649 1650/1650/1650
f 1650/1650/1650 1651/1651/1651 1648/1648/1648
f 1643/1643/1643 1642/1642/1642 1652/1652/1652
f 1652/1652/1652 1653/1653/1653 1643/1643/1643
f 1654/1654/1654 1655/1655/1655 1656/1656/1656
f 1656/1656/1656 1657/1657/1657 1654/1654/1654
f 1647/1647/1647 1646/1646/1646 1658/1658/1658
f 1658/1658/1658 1659/1659/1659 1647/1647/1647
f 1651/1651/1651 1650/1650/1650 1660/1660/1660
f 1660/1660/1660 1661/1661/1661 1651/1651/1651
f 1653/1653/1653 1652/1652/1652 1662/1662/1662
f 1662/1662/1662 1663/1663/1663 1653/1653/1653
f 1657/1657/1657 1656/1656/1656 1664/1664/1664
f 1664/1664/1664 1665/1665/1665 1657/1657/1657
f 1659/1659/1659 1658/1658/1658 1666/1666/1666
f 1666/1666/1666 1667/1667/1667 1659/1659/1659
f 1668/1668/1668 1669/1669/1669 1670/1670/1670
f 1670/1670/1670 1671/1671/1671 1668/1668/1668
f 1663/1663/1663 1662/1662/1662 1672/1672/1672
f 1672/1672/1672 1673/1673/1673 1663/1663/1663
f 1665/1665/1665 1664/1664/1664 1674/1674/1674
f 1674/1674/1674 1675/1675/1675 1665/1665/1665
f 1667/1667/1667 1666/1666/1666 1676/1676/1676
f 1676/1676/1676 1677/1677/1677 1667/1667/1667
f 1671/1671/1671 1670/1670/1670 1678/1678/1678
f 1678/1678/1678 1679/1679/1679 1671/1671/1671
f 1673/1673/1673 1672/1672/1672 1680/1680/1680
f 1680/1680/1680 1681/1681/1681 1673/1673/1673
f 1675/1675/1675 1674/1674/1674 1682/1682/1682
f 1682/1682/1682 1683/1683/1683 1675/1675/1675
f 1677/1677/1677 1676/1676/1676 1684/1684/1684
f 1684/1684/1684 1685/1685/1685 1677/1677/1677
f 1679/1679/1679 1678/1678/1678 1686/1686/1686
f 1686/1686/1686 1687/1687/1687 1679/1679/1679
f 1681/1681/1681 1680/1680/1680 1688/1688/1688
f 1688/1688/1688 1689/1689/1689 1681/1681/1681
f 1683/1683/1683 1682/1682/1682 1690/1690/1690
f 1690/1690/1690 1691/1691/1691 1683/1683/1683
f 1685/1685/1685 1684/1684/1684 1692/1692/1692
f 1692/1692/1692 1693/1693/1693 1685/1685/1685
f 1687/1687/1687 1686/1686/1686 1694/1694/1694
f 1694/1694/1694 1695/1695/1695 1687/1687/1687
f 1689/1689/1689 1688/1688/1688 1696/1696/1696
f 1696/1696/1696 1697/1697/1697 1689/1689/1689
f 1691/1691/1691 1690/1690/1690 1698/1698/1698
f 1698/1698/1698 1699/1699/1699 1691/1691/1691
f 1693/1693/1693 1692/1692/1692 1700/1700/1700
f 1700/1700/1700 1701/1701/1701 1693/1693/1693
f 1702/1702/1702 1703/1703/1703 1704/1704/1704
f 1704/1704/1704 1705/1705/1705 1702/1702/1702
f 1697/1697/1697 1696/1696/1696 1706/1706/1706
f 1706/1706/1706 1707/1707/1707 1697/1697/1697
f 1708/1708/1708 1709/1709/1709 1710/1710/1710
f 1710/1710/1710 1711/1711/1711 1708/1708/1708
f 1701/1701/1701 1700/1700/1700 1712/1712/1712
f 1712/1712/1712 1713/1713/1713 1701/1701/1701
f 1705/1705/1705 1704/1704/1704 1714/1714/1714
f 1714/1714/1714 1715/1715/1715 1705/1705/1705
f 1707/1707/1707 1706/1706/1706 1716/1716/1716
f 1716/1716/1716 1717/1717/1717 1707/1707/1707
f 1711/1711/1711 1710/1710/1710 1718/1718/1718
f 1718/1718/1718 1719/1719/1719 1711/1711/1711
f 1713/1713/1713 1712/1712/1712 1720/1720/1720
f 1720/1720/1720 1721/1721/1721 1713/1713/1713
f 1715/1715/1715 1714/1714/1714 1722/1722/1722
f 1722/1722/1722 1723/1723/1723 1715/1715/1715
f 1717/1717/1717 1716/1716/1716 1724/1724/1724
f 1724/1724/1724 1725/1725/1725 1717/1717/1717
f 1719/1719/1719 1718/1718/1718 1726/1726/1726
f 1726/1726/1726 1727/1727/1727 1719/1719/1719
f 1721/1721/1721 1720/1720/1720 1728/1728/1728
f 1728/1728/1728 1729/1729/1729 1721/1721/1721
f 1730/1730/1730 1731/1731/1731 1732/1732/1732
f 1732/1732/1732 1733/1733/1733 1730/1730/1730
f 1725/1725/1725 1724/1724/1724 1734/1734/1734
f 1734/1734/1734 1735/1735/1735 1725/1725/1725
f 1736/1736/1736 1737/1737/1737 1738/1738/1738
f 1738/1738/1738 1739/1739/1739 1736/1736/1736
f 1729/1729/1729 1728/1728/1728 1740/1740/1740
f 1740/1740/1740 1741/1741/1741 1729/1729/1729
f 1733/1733/1733 1732/1732/1732 1742/1742/1742
f 1742/1742/1742 1743/1743/1743 1733/1733/1733
f 1735/1735/1735 1734/1734/1734 1744/1744/1744
f 1744/1744/1744 1745/1745/1745 1735/1735/1735
f 1739/1739/1739 1738/1738/1738 1746/1746/1746
f 1746/1746/1746 1747/1747/1747 1739/1739/1739
f 1741/1741/1741 1740/1740/1740 1748/1748/1748
f 1748/1748/1748 1749/1749/1749 1741/1741/1741
f 1743/1743/1743 1742/1742/1742 1587/1587/1587
f 1587/1587/1587 1586/1586/1586 1743/1743/1743
f 1745/1745/1745 1744/1744/1744 1591/1591/1591
f 1591/1591/1591 1590/1590/1590 1745/1745/1745
f 1747/1747/1747 1746/1746/1746 1595/1595/1595
f 1595/1595/1595 1594/1594/1594 1747/1747/1747
f 1749/1749/1749 1748/1748/1748 1599/1599/1599
f 1599/1599/1599 1598/1598/1598 1749/1749/1749
f 1750/1750/1750 1751/1751/1751 1752/1752/1752
f 1752/1752/1752 1753/1753/1753 1750/1750/1750
f 1441/1441/1441 1451/1451/1451 1754/1754/1754
f 1754/1754/1754 1755/1755/1755 1441/1441/1441
f 1451/1451/1451 1461/1461/1461 1756/1756/1756
f 1756/1756/1756 1754/1754/1754 1451/1451/1451
f 1461/1461/1461 1471/1471/1471 1757/1757/1757
f 1757/1757/1757 1756/1756/1756 1461/1461/1461
f 1471/1471/1471 1479/1479/1479 1758/1758/1758
f 1758/1758/1758 1757/1757/1757 1471/1471/1471
f 1479/1479/1479 1489/1489/1489 1759/1759/1759
f 1759/1759/1759 1758/1758/1758 1479/1479/1479
f 1489/1489/1489 1499/1499/1499 1760/1760/1760
f 1760/1760/1760 1759/1759/1759 1489/1489/1489
f 1761/1761/1761 1762/1762/1762 1763/1763/1763
f 1764/1764/1764 1765/1765/1765 1766/1766/1766
f 1502/1502/1502 1494/1494/1494 1767/1767/1767
f 1767/1767/1767 1768/1768/1768 1502/1502/1502
f 1494/1494/1494 1482/1482/1482 1769/1769/1769
f 1769/1769/1769 1767/1767/1767 1494/1494/1494
f 1482/1482/1482 1474/1474/1474 1770/1770/1770
f 1770/1770/1770 1769/1769/1769 1482/1482/1482
f 1474/1474/1474 1466/1466/1466 1771/1771/1771
f 1771/1771/1771 1770/1770/1770 1474/1474/1474
f 1466/1466/1466 1454/1454/1454 1772/1772/1772
f 1772/1772/1772 1771/1771/1771 1466/1466/1466
f 1454/1454/1454 1444/1444/1444 1773/1773/1773
f 1773/1773/1773 1772/1772/1772 1454/1454/1454
f 1774/1774/1774 1775/1775/1775 1776/1776/1776
f 1776/1776/1776 1777/1777/1777 1774/1774/1774
f 1605/1605/1605 1615/1615/1615 1778/1778/1778
f 1778/1778/1778 1779/1779/1779 1605/1605/1605
f 1615/1615/1615 1625/1625/1625 1780/1780/1780
f 1780/1780/1780 1778/1778/1778 1615/1615/1615
f 1625/1625/1625 1635/1635/1635 1781/1781/1781
f 1781/1781/1781 1780/1780/1780 1625/1625/1625
f 1635/1635/1635 1643/1643/1643 1782/1782/1782
f 1782/1782/1782 1781/1781/1781 1635/1635/1635
f 1643/1643/1643 1783/1783/1783 1784/1784/1784
f 1784/1784/1784 1782/1782/1782 1643/1643/1643
f 1785/1785/1785 1786/1786/1786 1787/1787/1787
f 1788/1788/1788 1784/1784/1784 1783/1783/1783
f 1789/1789/1789 1790/1790/1790 1791/1791/1791
f 1792/1792/1792 1793/1793/1793 1794/1794/1794
f 1666/1666/1666 1658/1658/1658 1795/1795/1795
f 1795/1795/1795 1796/1796/1796 1666/1666/1666
f 1658/1658/1658 1646/1646/1646 1797/1797/1797
f 1797/1797/1797 1795/1795/1795 1658/1658/1658
f 1646/1646/1646 1638/1638/1638 1798/1798/1798
f 1798/1798/1798 1797/1797/1797 1646/1646/1646
f 1638/1638/1638 1630/1630/1630 1799/1799/1799
f 1799/1799/1799 1798/1798/1798 1638/1638/1638
f 1630/1630/1630 1618/1618/1618 1800/1800/1800
f 1800/1800/1800 1799/1799/1799 1630/1630/1630
f 1618/1618/1618 1608/1608/1608 1801/1801/1801
f 1801/1801/1801 1800/1800/1800 1618/1618/1618
v -0.076697 1.106902 0.521109
v -0.076697 1.109545 0.526503
v -0.076697 1.113874 0.530667
v -0.076697 1.119366 0.533100
v -0.076697 1.125359 0.533508
v -0.076697 1.131130 0.531842
v -0.076697 1.135983 0.528302
v -0.076697 1.139333 0.523315
v -0.076697 1.140775 0.517484
v -0.076697 1.140136 0.511512
v -0.076697 1.137493 0.506118
v -0.076697 1.133164 0.501953
v -0.076697 1.127672 0.499520
v -0.076697 1.121679 0.499112
v -0.076697 1.115908 0.500779
v -0.076697 1.111055 0.504319
v -0.076697 1.107705 0.509305
v -0.076697 1.106263 0.515136
v -0.076697 1.107705 0.509305
v -0.076697 1.111055 0.504319
v 0.282425 1.111055 0.504319
v 0.282425 1.107705 0.509305
v -0.076697 1.115908 0.500779
v 0.282425 1.115908 0.500779
v -0.076697 1.121679 0.499112
v 0.282425 1.121679 0.499112
v -0.076697 1.127672 0.499520
v 0.282425 1.127672 0.499520
v -0.076697 1.133164 0.501953
v 0.282425 1.133164 0.501953
v -0.076697 1.133164 0.501953
v -0.076697 1.137493 0.506118
v 0.282425 1.137493 0.506118
v 0.282425 1.133164 0.501953
v -0.076697 1.140136 0.511512
v 0.282425 1.140136 0.511512
v -0.076697 1.140775 0.517484
v 0.282425 1.140775 0.517484
v -0.076697 1.139333 0.523315
v 0.282425 1.139333 0.523315
v -0.076697 1.135983 0.528302
v 0.282425 1.135983 0.528302
v -0.076697 1.131130 0.531842
v 0.282425 1.131130 0.531842
v -0.076697 1.125359 0.533508
v 0.282425 1.125359 0.533508
v -0.076697 1.119366 0.533100
v 0.282425 1.119366 0.533100
v -0.076697 1.113874 0.530667
v 0.282425 1.113874 0.530667
v -0.076697 1.109545 0.526503
v 0.282425 1.109545 0.526503
v -0.076697 1.106902 0.521109
v 0.282425 1.106902 0.521109
v -0.076697 1.106263 0.515136
v 0.282425 1.106263 0.515136
v 0.641548 1.111055 0.504319
v 0.641548 1.107705 0.509305
v 0.641548 1.115908 0.500779
v 0.641548 1.121679 0.499112
v 0.641548 1.127672 0.499520
v 0.641548 1.133164 0.501953
v 0.641548 1.137493 0.506118
v 0.641548 1.133164 0.501953
v 0.641548 1.140136 0.511512
v 0.641548 1.140775 0.517484
v 0.641548 1.139333 0.523315
v 0.641548 1.135983 0.528302
v 0.641548 1.131130 0.531842
v 0.641548 1.125359 0.533508
v 0.641548 1.119366 0.533100
v 0.641548 1.113874 0.530667
v 0.641548 1.109545 0.526503
v 0.641548 1.106902 0.521109
v 0.641548 1.106263 0.515136
v 0.641548 1.107705 0.509305
v 0.641548 1.111055 0.504319
v 0.641548 1.115908 0.500779
v 0.641548 1.121679 0.499112
v 0.641548 1.127672 0.499520
v 0.641548 1.133164 0.501953
v 0.641548 1.137493 0.506118
v 0.641548 1.140136 0.511512
v 0.641548 1.140775 0.517484
v 0.641548 1.139333 0.523315
v 0.641548 1.135983 0.528302
v 0.641548 1.131130 0.531842
v 0.641548 1.125359 0.533508
v 0.641548 1.119366 0.533100
v 0.641548 1.113874 0.530667
v 0.641548 1.109545 0.526503
v 0.641548 1.106902 0.521109
v 0.641548 1.106263 0.515136
v 0.153650 1.139267 0.442295
v 0.153650 1.376167 -0.092484
v 0.411619 1.376167 -0.092484
v 0.411619 1.139267 0.442295
v 0.065314 1.342686 0.251456
v 0.509241 1.342686 0.251456
v 0.509241 1.396134 -0.014960
v 0.065314 1.396134 -0.014960
v 0.654484 1.102552 0.478659
v 0.654484 1.164907 0.506282
v -0.089215 1.164907 0.506282
v -0.089215 1.102552 0.478659
v 0.654484 1.102552 0.478659
v 0.654484 1.388089 -0.165914
v 0.654484 1.410485 -0.155993
v 0.654484 1.164907 0.506282
v -0.089215 1.388089 -0.165914
v -0.089215 1.410485 -0.155993
v 0.654484 1.410485 -0.155993
v 0.654484 1.388089 -0.165914
v -0.089215 1.102552 0.478659
v -0.089215 1.164907 0.506282
v -0.089215 1.410485 -0.155993
v -0.089215 1.388089 -0.165914
v 0.640738 1.173185 0.495255
v 0.608855 1.184040 0.465982
v -0.043586 1.184040 0.465982
v -0.075469 1.173185 0.495255
v 0.640738 1.409404 -0.141778
v 0.608855 1.398549 -0.112505
v 0.608855 1.184040 0.465982
v 0.640738 1.173185 0.495255
v -0.075469 1.409404 -0.141778
v -0.043586 1.398549 -0.112505
v 0.608855 1.398549 -0.112505
v 0.640738 1.409404 -0.141778
v -0.075469 1.173185 0.495255
v -0.043586 1.184040 0.465982
v -0.043586 1.398549 -0.112505
v -0.075469 1.409404 -0.141778
v -0.043586 1.184040 0.465982
v 0.608855 1.184040 0.465982
v 0.509241 1.342686 0.251456
v 0.065314 1.342686 0.251456
v 0.608855 1.184040 0.465982
v 0.608855 1.398549 -0.112505
v 0.509241 1.396134 -0.014960
v 0.509241 1.342686 0.251456
v 0.608855 1.398549 -0.112505
v -0.043586 1.398549 -0.112505
v 0.065314 1.396134 -0.014960
v 0.509241 1.396134 -0.014960
v -0.043586 1.398549 -0.112505
v -0.043586 1.184040 0.465982
v 0.065314 1.342686 0.251456
v 0.065314 1.396134 -0.014960
v -0.089215 1.164907 0.506282
v 0.654484 1.164907 0.506282
v 0.654102 1.166136 0.506418
v -0.088833 1.166136 0.506418
v -0.088833 1.166136 0.506418
v 0.654102 1.166136 0.506418
v 0.652957 1.167426 0.505765
v -0.087688 1.167426 0.505765
v -0.087688 1.167426 0.505765
v 0.652957 1.167426 0.505765
v 0.651047 1.168776 0.504322
v -0.085778 1.168776 0.504322
v 0.654484 1.164907 0.506282
v 0.654484 1.410485 -0.155993
v 0.654102 1.411455 -0.155155
v 0.654102 1.166136 0.506418
v 0.654102 1.166136 0.506418
v 0.654102 1.411455 -0.155155
v 0.652957 1.411965 -0.153705
v 0.652957 1.167426 0.505765
v 0.652957 1.167426 0.505765
v 0.652957 1.411965 -0.153705
v 0.651047 1.412014 -0.151642
v 0.651047 1.168776 0.504322
v 0.654484 1.410485 -0.155993
v -0.089215 1.410485 -0.155993
v -0.088833 1.411455 -0.155155
v 0.654102 1.411455 -0.155155
v 0.654102 1.411455 -0.155155
v -0.088833 1.411455 -0.155155
v -0.087688 1.411965 -0.153705
v 0.652957 1.411965 -0.153705
v 0.652957 1.411965 -0.153705
v -0.087688 1.411965 -0.153705
v -0.085778 1.412014 -0.151642
v 0.651047 1.412014 -0.151642
v -0.089215 1.410485 -0.155993
v -0.089215 1.164907 0.506282
v -0.088833 1.166136 0.506418
v -0.088833 1.411455 -0.155155
v -0.088833 1.411455 -0.155155
v -0.088833 1.166136 0.506418
v -0.087688 1.167426 0.505765
v -0.087688 1.411965 -0.153705
v -0.087688 1.411965 -0.153705
v -0.087688 1.167426 0.505765
v -0.085778 1.168776 0.504322
v -0.085778 1.412014 -0.151642
v -0.079669 1.171655 0.499067
v 0.644938 1.171655 0.499067
v 0.644938 1.171655 0.499067
v -0.079669 1.171655 0.499067
v -0.083106 1.170186 0.502089
v 0.648375 1.170186 0.502089
v 0.648375 1.170186 0.502089
v -0.083106 1.170186 0.502089
v 0.644938 1.171655 0.499067
v 0.644938 1.410734 -0.145678
v 0.644938 1.410734 -0.145678
v 0.644938 1.171655 0.499067
v 0.648375 1.170186 0.502089
v 0.648375 1.411604 -0.148966
v 0.648375 1.411604 -0.148966
v 0.648375 1.170186 0.502089
v 0.644938 1.410734 -0.145678
v -0.079669 1.410734 -0.145678
v -0.079669 1.410734 -0.145678
v 0.644938 1.410734 -0.145678
v 0.648375 1.411604 -0.148966
v -0.083106 1.411604 -0.148966
v -0.083106 1.411604 -0.148966
v 0.648375 1.411604 -0.148966
v -0.079669 1.410734 -0.145678
v -0.079669 1.171655 0.499067
v -0.079669 1.171655 0.499067
v -0.079669 1.410734 -0.145678
v -0.083106 1.411604 -0.148966
v -0.083106 1.170186 0.502089
v -0.083106 1.170186 0.502089
v -0.083106 1.411604 -0.148966
v 0.467162 1.368994 0.046690
v 0.460860 1.369465 0.039260
v 0.457507 1.370042 0.030147
v 0.457507 1.370656 0.020448
v 0.460860 1.371234 0.011334
v 0.467162 1.371704 0.003905
v 0.475653 1.372011 -0.000945
v 0.485309 1.372118 -0.002629
v 0.494964 1.372011 -0.000945
v 0.503455 1.371704 0.003905
v 0.509757 1.371234 0.011334
v 0.513111 1.370656 0.020448
v 0.513111 1.370042 0.030147
v 0.509757 1.369465 0.039260
v 0.503455 1.368995 0.046690
v 0.494964 1.368687 0.051539
v 0.485309 1.368581 0.053224
v 0.475653 1.368687 0.051539
v 0.485309 1.368581 0.053224
v 0.494964 1.368687 0.051539
v 0.494964 1.382115 0.053927
v 0.485309 1.381681 0.055553
v 0.503455 1.368995 0.046690
v 0.503455 1.383364 0.049246
v 0.509757 1.369465 0.039260
v 0.509757 1.385278 0.042073
v 0.513111 1.370042 0.030147
v 0.513111 1.387626 0.033274
v 0.513111 1.370656 0.020448
v 0.513111 1.390125 0.023911
v 0.509757 1.371234 0.011334
v 0.509757 1.392473 0.015112
v 0.503455 1.371704 0.003905
v 0.503455 1.394387 0.007939
v 0.494964 1.372011 -0.000945
v 0.494964 1.395637 0.003257
v 0.485309 1.372118 -0.002629
v 0.485309 1.396071 0.001631
v 0.475653 1.372011 -0.000945
v 0.475653 1.395637 0.003257
v 0.467162 1.371704 0.003905
v 0.467162 1.394387 0.007939
v 0.460860 1.371234 0.011334
v 0.460860 1.392473 0.015112
v 0.457507 1.370656 0.020448
v 0.457507 1.390125 0.023911
v 0.457507 1.370042 0.030147
v 0.457507 1.387626 0.033274
v 0.460860 1.369465 0.039260
v 0.460860 1.385278 0.042073
v 0.467162 1.368994 0.046690
v 0.467162 1.383364 0.049246
v 0.475653 1.368687 0.051539
v 0.475653 1.382115 0.053927
v 0.494964 1.393427 0.064243
v 0.485309 1.392717 0.065618
v 0.503455 1.395470 0.060285
v 0.509757 1.398600 0.054222
v 0.513111 1.402440 0.046783
v 0.513111 1.406526 0.038868
v 0.509757 1.410366 0.031429
v 0.503455 1.413497 0.025366
v 0.494964 1.415540 0.021408
v 0.485309 1.416250 0.020033
v 0.475653 1.415540 0.021408
v 0.467162 1.413497 0.025366
v 0.460860 1.410366 0.031429
v 0.457507 1.406526 0.038868
v 0.457507 1.402440 0.046783
v 0.460860 1.398600 0.054222
v 0.467162 1.395470 0.060285
v 0.475653 1.393427 0.064243
v 0.494964 1.401278 0.081261
v 0.485309 1.400378 0.082220
v 0.503455 1.403873 0.078497
v 0.509757 1.407847 0.074263
v 0.513111 1.412723 0.069069
v 0.513111 1.417911 0.063542
v 0.509757 1.422787 0.058348
v 0.503455 1.426761 0.054114
v 0.494964 1.429356 0.051350
v 0.485309 1.430257 0.050391
v 0.475653 1.429356 0.051350
v 0.467162 1.426761 0.054114
v 0.460860 1.422787 0.058348
v 0.457507 1.417911 0.063542
v 0.457507 1.412723 0.069069
v 0.460860 1.407847 0.074263
v 0.467162 1.403873 0.078497
v 0.475653 1.401278 0.081261
v 0.485309 1.400378 0.082220
v 0.494964 1.401278 0.081261
v 0.494964 1.404738 0.102958
v 0.485309 1.403752 0.103389
v 0.503455 1.403873 0.078497
v 0.503455 1.407575 0.101717
v 0.509757 1.407847 0.074263
v 0.509757 1.411921 0.099816
v 0.513111 1.412723 0.069069
v 0.513111 1.417253 0.097483
v 0.513111 1.417911 0.063542
v 0.513111 1.422927 0.095001
v 0.509757 1.422787 0.058348
v 0.509757 1.428259 0.092669
v 0.503455 1.426761 0.054114
v 0.503455 1.432605 0.090768
v 0.494964 1.429356 0.051350
v 0.494964 1.435442 0.089527
v 0.485309 1.430257 0.050391
v 0.485309 1.436427 0.089096
v 0.475653 1.429356 0.051350
v 0.475653 1.435442 0.089527
v 0.467162 1.426761 0.054114
v 0.467162 1.432605 0.090768
v 0.460860 1.422787 0.058348
v 0.460860 1.428259 0.092669
v 0.457507 1.417911 0.063542
v 0.457507 1.422927 0.095001
v 0.457507 1.412723 0.069069
v 0.457507 1.417253 0.097483
v 0.460860 1.407847 0.074263
v 0.460860 1.411921 0.099816
v 0.467162 1.403873 0.078497
v 0.467162 1.407575 0.101717
v 0.475653 1.401278 0.081261
v 0.475653 1.404738 0.102958
v 0.494964 1.403393 0.126756
v 0.485309 1.402440 0.126607
v 0.503455 1.406136 0.127185
v 0.509757 1.410337 0.127843
v 0.513111 1.415492 0.128649
v 0.513111 1.420977 0.129508
v 0.509757 1.426131 0.130314
v 0.503455 1.430333 0.130972
v 0.494964 1.433076 0.131401
v 0.485309 1.434029 0.131550
v 0.475653 1.433076 0.131401
v 0.467162 1.430333 0.130972
v 0.460860 1.426131 0.130314
v 0.457507 1.420977 0.129508
v 0.457507 1.415492 0.128649
v 0.460860 1.410337 0.127843
v 0.467162 1.406136 0.127185
v 0.475653 1.403393 0.126756
v 0.494964 1.397404 0.149828
v 0.485309 1.396598 0.149117
v 0.503455 1.399726 0.151876
v 0.509757 1.403284 0.155014
v 0.513111 1.407649 0.158864
v 0.513111 1.412294 0.162960
v 0.509757 1.416658 0.166810
v 0.503455 1.420216 0.169948
v 0.494964 1.422539 0.171996
v 0.485309 1.423345 0.172707
v 0.475653 1.422539 0.171996
v 0.467162 1.420216 0.169948
v 0.460860 1.416658 0.166810
v 0.457507 1.412294 0.162960
v 0.457507 1.407649 0.158864
v 0.460860 1.403284 0.155014
v 0.467162 1.399726 0.151876
v 0.475653 1.397404 0.149828
v 0.494964 1.387483 0.169432
v 0.485309 1.386918 0.168243
v 0.503455 1.389109 0.172856
v 0.509757 1.391600 0.178101
v 0.513111 1.394656 0.184536
v 0.513111 1.397908 0.191384
v 0.509757 1.400965 0.197819
v 0.503455 1.403456 0.203065
v 0.494964 1.405082 0.206489
v 0.485309 1.405647 0.207678
v 0.475653 1.405082 0.206489
v 0.467162 1.403456 0.203065
v 0.460860 1.400965 0.197819
v 0.457506 1.397908 0.191384
v 0.457506 1.394656 0.184536
v 0.460860 1.391600 0.178101
v 0.467162 1.389109 0.172856
v 0.475653 1.387483 0.169432
v 0.494964 1.374808 0.183238
v 0.485309 1.374552 0.181712
v 0.503455 1.375545 0.187630
v 0.509757 1.376673 0.194360
v 0.513111 1.378058 0.202616
v 0.513111 1.379531 0.211402
v 0.509757 1.380915 0.219657
v 0.503455 1.382044 0.226388
v 0.494964 1.382781 0.230780
v 0.485309 1.383036 0.232306
v 0.475653 1.382781 0.230780
v 0.467162 1.382044 0.226388
v 0.460860 1.380915 0.219657
v 0.457506 1.379531 0.211402
v 0.457506 1.378058 0.202616
v 0.460860 1.376673 0.194360
v 0.467162 1.375545 0.187630
v 0.475653 1.374808 0.183238
v 0.494964 1.360886 0.189605
v 0.485309 1.360969 0.187924
v 0.503455 1.360646 0.194445
v 0.509757 1.360277 0.201859
v 0.513111 1.359826 0.210955
v 0.513111 1.359345 0.220634
v 0.509757 1.358893 0.229730
v 0.503455 1.358525 0.237144
v 0.494964 1.358284 0.241984
v 0.485309 1.358201 0.243665
v 0.475653 1.358284 0.241984
v 0.467162 1.358525 0.237144
v 0.460860 1.358893 0.229730
v 0.457506 1.359345 0.220634
v 0.457506 1.359826 0.210955
v 0.460860 1.360277 0.201859
v 0.467162 1.360646 0.194445
v 0.475653 1.360886 0.189605
v 0.494964 1.347371 0.187778
v 0.485309 1.347784 0.186141
v 0.503455 1.346182 0.192489
v 0.509757 1.344361 0.199707
v 0.513111 1.342127 0.208562
v 0.513111 1.339749 0.217984
v 0.509757 1.337515 0.226839
v 0.503455 1.335693 0.234057
v 0.494964 1.334504 0.238769
v 0.485309 1.334092 0.240405
v 0.475653 1.334504 0.238769
v 0.467162 1.335693 0.234057
v 0.460860 1.337515 0.226839
v 0.457506 1.339749 0.217984
v 0.457506 1.342126 0.208562
v 0.460860 1.344361 0.199707
v 0.467162 1.346182 0.192489
v 0.475653 1.347371 0.187778
v 0.485309 1.347784 0.186141
v 0.494964 1.347371 0.187778
v 0.503455 1.346182 0.192489
v 0.509757 1.344361 0.199707
v 0.513111 1.342127 0.208562
v 0.513111 1.339749 0.217984
v 0.509757 1.337515 0.226839
v 0.503455 1.335693 0.234057
v 0.494964 1.334504 0.238769
v 0.485309 1.334092 0.240405
v 0.475653 1.334504 0.238769
v 0.467162 1.335693 0.234057
v 0.460860 1.337515 0.226839
v 0.457506 1.339749 0.217984
v 0.457506 1.342126 0.208562
v 0.460860 1.344361 0.199707
v 0.467162 1.346182 0.192489
v 0.475653 1.347371 0.187778
v 0.076790 1.368994 0.046690
v 0.070488 1.369465 0.039260
v 0.067135 1.370042 0.030147
v 0.067135 1.370656 0.020448
v 0.070488 1.371234 0.011334
v 0.076790 1.371704 0.003905
v 0.085281 1.372011 -0.000945
v 0.094937 1.372118 -0.002629
v 0.104592 1.372011 -0.000945
v 0.113083 1.371704 0.003905
v 0.119386 1.371234 0.011334
v 0.122739 1.370656 0.020448
v 0.122739 1.370042 0.030147
v 0.119386 1.369465 0.039260
v 0.113083 1.368995 0.046690
v 0.104592 1.368687 0.051539
v 0.094937 1.368581 0.053224
v 0.085281 1.368687 0.051539
v 0.094937 1.368581 0.053224
v 0.104592 1.368687 0.051539
v 0.104592 1.382115 0.053927
v 0.094937 1.381681 0.055553
v 0.113083 1.368995 0.046690
v 0.113083 1.383364 0.049246
v 0.119386 1.369465 0.039260
v 0.119386 1.385278 0.042073
v 0.122739 1.370042 0.030147
v 0.122739 1.387626 0.033274
v 0.122739 1.370656 0.020448
v 0.122739 1.390125 0.023911
v 0.119386 1.371234 0.011334
v 0.119386 1.392473 0.015112
v 0.113083 1.371704 0.003905
v 0.113083 1.394387 0.007939
v 0.104592 1.372011 -0.000945
v 0.104592 1.395637 0.003257
v 0.094937 1.372118 -0.002629
v 0.094937 1.396071 0.001631
v 0.085281 1.372011 -0.000945
v 0.085281 1.395637 0.003257
v 0.076790 1.371704 0.003905
v 0.076790 1.394387 0.007939
v 0.070488 1.371234 0.011334
v 0.070488 1.392473 0.015112
v 0.067135 1.370656 0.020448
v 0.067135 1.390125 0.023911
v 0.067135 1.370042 0.030147
v 0.067135 1.387626 0.033274
v 0.070488 1.369465 0.039260
v 0.070488 1.385278 0.042073
v 0.076790 1.368994 0.046690
v 0.076790 1.383364 0.049246
v 0.085281 1.368687 0.051539
v 0.085281 1.382115 0.053927
v 0.104592 1.393427 0.064243
v 0.094937 1.392717 0.065618
v 0.113083 1.395470 0.060285
v 0.119386 1.398600 0.054222
v 0.122739 1.402440 0.046783
v 0.122739 1.406526 0.038868
v 0.119386 1.410366 0.031429
v 0.113083 1.413497 0.025366
v 0.104592 1.415540 0.021408
v 0.094937 1.416250 0.020033
v 0.085281 1.415540 0.021408
v 0.076790 1.413497 0.025366
v 0.070488 1.410366 0.031429
v 0.067135 1.406526 0.038868
v 0.067135 1.402440 0.046783
v 0.070488 1.398600 0.054222
v 0.076790 1.395470 0.060285
v 0.085281 1.393427 0.064243
v 0.104592 1.401278 0.081261
v 0.094937 1.400378 0.082220
v 0.113083 1.403873 0.078497
v 0.119386 1.407847 0.074263
v 0.122739 1.412723 0.069069
v 0.122739 1.417911 0.063542
v 0.119386 1.422787 0.058348
v 0.113083 1.426761 0.054114
v 0.104592 1.429356 0.051350
v 0.094937 1.430257 0.050391
v 0.085281 1.429356 0.051350
v 0.076790 1.426761 0.054114
v 0.070488 1.422787 0.058348
v 0.067135 1.417911 0.063542
v 0.067135 1.412723 0.069069
v 0.070488 1.407847 0.074263
v 0.076790 1.403873 0.078497
v 0.085281 1.401278 0.081261
v 0.094937 1.400378 0.082220
v 0.104592 1.401278 0.081261
v 0.104592 1.404738 0.102958
v 0.094937 1.403752 0.103389
v 0.113083 1.403873 0.078497
v 0.113083 1.407575 0.101717
v 0.119386 1.407847 0.074263
v 0.119386 1.411921 0.099816
v 0.122739 1.412723 0.069069
v 0.122739 1.417253 0.097483
v 0.122739 1.417911 0.063542
v 0.122739 1.422927 0.095001
v 0.119386 1.422787 0.058348
v 0.119386 1.428259 0.092669
v 0.113083 1.426761 0.054114
v 0.113083 1.432605 0.090768
v 0.104592 1.429356 0.051350
v 0.104592 1.435442 0.089527
v 0.094937 1.430257 0.050391
v 0.094937 1.436427 0.089096
v 0.085281 1.429356 0.051350
v 0.085281 1.435442 0.089527
v 0.076790 1.426761 0.054114
v 0.076790 1.432605 0.090768
v 0.070488 1.422787 0.058348
v 0.070488 1.428259 0.092669
v 0.067135 1.417911 0.063542
v 0.067135 1.422927 0.095001
v 0.067135 1.412723 0.069069
v 0.067135 1.417253 0.097483
v 0.070488 1.407847 0.074263
v 0.070488 1.411921 0.099816
v 0.076790 1.403873 0.078497
v 0.076790 1.407575 0.101717
v 0.085281 1.401278 0.081261
v 0.085281 1.404738 0.102958
v 0.104592 1.403393 0.126756
v 0.094937 1.402440 0.126607
v 0.113083 1.406135 0.127185
v 0.119386 1.410337 0.127843
v 0.122739 1.415492 0.128649
v 0.122739 1.420977 0.129508
v 0.119386 1.426131 0.130314
v 0.113083 1.430333 0.130972
v 0.104592 1.433076 0.131401
v 0.094937 1.434029 0.131550
v 0.085281 1.433076 0.131401
v 0.076790 1.430333 0.130972
v 0.070488 1.426131 0.130314
v 0.067135 1.420977 0.129508
v 0.067135 1.415492 0.128649
v 0.070488 1.410337 0.127843
v 0.076790 1.406136 0.127185
v 0.085281 1.403393 0.126756
v 0.104592 1.397404 0.149828
v 0.094937 1.396598 0.149117
v 0.113083 1.399726 0.151876
v 0.119386 1.403284 0.155014
v 0.122739 1.407649 0.158864
v 0.122739 1.412294 0.162960
v 0.119386 1.416658 0.166810
v 0.113083 1.420216 0.169948
v 0.104592 1.422539 0.171996
v 0.094937 1.423345 0.172707
v 0.085281 1.422539 0.171996
v 0.076790 1.420216 0.169948
v 0.070488 1.416658 0.166810
v 0.067135 1.412294 0.162960
v 0.067135 1.407649 0.158864
v 0.070488 1.403284 0.155014
v 0.076790 1.399726 0.151876
v 0.085281 1.397404 0.149828
v 0.104592 1.387483 0.169432
v 0.094937 1.386918 0.168243
v 0.113083 1.389109 0.172856
v 0.119386 1.391600 0.178101
v 0.122739 1.394656 0.184536
v 0.122739 1.397908 0.191384
v 0.119386 1.400965 0.197819
v 0.113083 1.403456 0.203065
v 0.104592 1.405082 0.206489
v 0.094937 1.405647 0.207678
v 0.085281 1.405082 0.206489
v 0.076790 1.403456 0.203065
v 0.070488 1.400965 0.197819
v 0.067135 1.397908 0.191384
v 0.067135 1.394656 0.184536
v 0.070488 1.391600 0.178101
v 0.076790 1.389109 0.172856
v 0.085281 1.387483 0.169432
v 0.104592 1.374808 0.183238
v 0.094937 1.374552 0.181712
v 0.113083 1.375545 0.187630
v 0.119386 1.376673 0.194360
v 0.122739 1.378058 0.202616
v 0.122739 1.379531 0.211402
v 0.119386 1.380915 0.219657
v 0.113083 1.382044 0.226388
v 0.104592 1.382781 0.230780
v 0.094937 1.383036 0.232306
v 0.085281 1.382781 0.230780
v 0.076790 1.382044 0.226388
v 0.070488 1.380915 0.219657
v 0.067135 1.379531 0.211402
v 0.067135 1.378058 0.202616
v 0.070488 1.376673 0.194360
v 0.076790 1.375545 0.187630
v 0.085281 1.374808 0.183238
v 0.104592 1.360886 0.189605
v 0.094937 1.360969 0.187924
v 0.113083 1.360646 0.194445
v 0.119386 1.360277 0.201859
v 0.122739 1.359826 0.210955
v 0.122739 1.359345 0.220634
v 0.119386 1.358893 0.229730
v 0.113083 1.358525 0.237144
v 0.104592 1.358284 0.241984
v 0.094937 1.358201 0.243665
v 0.085281 1.358284 0.241984
v 0.076790 1.358525 0.237144
v 0.070488 1.358893 0.229730
v 0.067135 1.359345 0.220634
v 0.067135 1.359826 0.210955
v 0.070488 1.360277 0.201859
v 0.076790 1.360646 0.194445
v 0.085281 1.360886 0.189605
v 0.104592 1.347371 0.187778
v 0.094937 1.347784 0.186141
v 0.113083 1.346182 0.192489
v 0.119386 1.344361 0.199707
v 0.122739 1.342126 0.208562
v 0.122739 1.339749 0.217984
v 0.119386 1.337515 0.226839
v 0.113083 1.335693 0.234057
v 0.104592 1.334504 0.238769
v 0.094937 1.334092 0.240405
v 0.085281 1.334504 0.238769
v 0.076790 1.335693 0.234057
v 0.070488 1.337515 0.226839
v 0.067135 1.339749 0.217984
v 0.067135 1.342126 0.208562
v 0.070488 1.344361 0.199707
v 0.076790 1.346182 0.192489
v 0.085281 1.347371 0.187778
v 0.094937 1.347784 0.186141
v 0.104592 1.347371 0.187778
v 0.113083 1.346182 0.192489
v 0.119386 1.344361 0.199707
v 0.122739 1.342126 0.208562
v 0.122739 1.339749 0.217984
v 0.119386 1.337515 0.226839
v 0.113083 1.335693 0.234057
v 0.104592 1.334504 0.238769
v 0.094937 1.334092 0.240405
v 0.085281 1.334504 0.238769
v 0.076790 1.335693 0.234057
v 0.070488 1.337515 0.226839
v 0.067135 1.339749 0.217984
v 0.067135 1.342126 0.208562
v 0.070488 1.344361 0.199707
v 0.076790 1.346182 0.192489
v 0.085281 1.347371 0.187778
v 0.633982 1.094724 0.499995
v 0.633982 1.091688 0.511367
v 0.633982 1.092365 0.522850
v 0.633982 1.096673 0.533059
v 0.633982 1.104093 0.540762
v 0.633982 1.113730 0.545031
v 0.633982 1.124421 0.545350
v 0.633982 1.134876 0.541682
v 0.633982 1.143836 0.534468
v 0.633982 1.150219 0.524578
v 0.633982 1.150219 0.524578
v 0.633982 1.143836 0.534468
v 0.634959 1.143836 0.534468
v 0.634959 1.150219 0.524578
v 0.633982 1.143836 0.534468
v 0.633982 1.134876 0.541682
v 0.634959 1.134876 0.541682
v 0.634959 1.143836 0.534468
v 0.633982 1.134876 0.541682
v 0.633982 1.124421 0.545350
v 0.634959 1.124421 0.545350
v 0.634959 1.134876 0.541682
v 0.633982 1.124421 0.545350
v 0.633982 1.113730 0.545031
v 0.634959 1.113730 0.545031
v 0.634959 1.124421 0.545350
v 0.633982 1.113730 0.545031
v 0.633982 1.104093 0.540762
v 0.634959 1.104093 0.540762
v 0.634959 1.113730 0.545031
v 0.633982 1.104093 0.540762
v 0.633982 1.096673 0.533059
v 0.634959 1.096673 0.533059
v 0.634959 1.104093 0.540762
v 0.633982 1.096673 0.533059
v 0.633982 1.092365 0.522850
v 0.634959 1.092365 0.522850
v 0.634959 1.096673 0.533059
v 0.633982 1.092365 0.522850
v 0.633982 1.091688 0.511367
v 0.634959 1.091688 0.511367
v 0.634959 1.092365 0.522850
v 0.633982 1.091688 0.511367
v 0.633982 1.094724 0.499995
v 0.634959 1.094724 0.499995
v 0.634959 1.091688 0.511367
v 0.634959 1.150219 0.524578
v 0.634959 1.143836 0.534468
v 0.635937 1.143836 0.534468
v 0.635937 1.150219 0.524578
v 0.634959 1.143836 0.534468
v 0.634959 1.134876 0.541682
v 0.635937 1.134876 0.541682
v 0.635937 1.143836 0.534468
v 0.634959 1.134876 0.541682
v 0.634959 1.124421 0.545350
v 0.635937 1.124421 0.545350
v 0.635937 1.134876 0.541682
v 0.634959 1.124421 0.545350
v 0.634959 1.113730 0.545031
v 0.635937 1.113730 0.545031
v 0.635937 1.124421 0.545350
v 0.634959 1.113730 0.545031
v 0.634959 1.104093 0.540762
v 0.635937 1.104093 0.540762
v 0.635937 1.113730 0.545031
v 0.634959 1.104093 0.540762
v 0.634959 1.096673 0.533059
v 0.635937 1.096673 0.533059
v 0.635937 1.104093 0.540762
v 0.634959 1.096673 0.533059
v 0.634959 1.092365 0.522850
v 0.635937 1.092365 0.522850
v 0.635937 1.096673 0.533059
v 0.634959 1.092365 0.522850
v 0.634959 1.091688 0.511367
v 0.635937 1.091688 0.511367
v 0.635937 1.092365 0.522850
v 0.634959 1.091688 0.511367
v 0.634959 1.094724 0.499995
v 0.635937 1.094724 0.499995
v 0.635937 1.091688 0.511367
v 0.635937 1.150219 0.524578
v 0.635937 1.143836 0.534468
v 0.636915 1.143836 0.534468
v 0.636915 1.150219 0.524578
v 0.635937 1.143836 0.534468
v 0.635937 1.134876 0.541682
v 0.636915 1.134876 0.541682
v 0.636915 1.143836 0.534468
v 0.635937 1.134876 0.541682
v 0.635937 1.124421 0.545350
v 0.636915 1.124421 0.545350
v 0.636915 1.134876 0.541682
v 0.635937 1.124421 0.545350
v 0.635937 1.113730 0.545031
v 0.636915 1.113730 0.545031
v 0.636915 1.124421 0.545350
v 0.635937 1.113730 0.545031
v 0.635937 1.104093 0.540762
v 0.636915 1.104093 0.540762
v 0.636915 1.113730 0.545031
v 0.635937 1.104093 0.540762
v 0.635937 1.096673 0.533059
v 0.636915 1.096673 0.533059
v 0.636915 1.104093 0.540762
v 0.635937 1.096673 0.533059
v 0.635937 1.092365 0.522850
v 0.636915 1.092365 0.522850
v 0.636915 1.096673 0.533059
v 0.635937 1.092365 0.522850
v 0.635937 1.091688 0.511367
v 0.636915 1.091688 0.511367
v 0.636915 1.092365 0.522850
v 0.635937 1.091688 0.511367
v 0.635937 1.094724 0.499995
v 0.636915 1.094724 0.499995
v 0.636915 1.091688 0.511367
v 0.636915 1.150219 0.524578
v 0.636915 1.143836 0.534468
v 0.637893 1.143836 0.534468
v 0.637893 1.150219 0.524578
v 0.636915 1.143836 0.534468
v 0.636915 1.134876 0.541682
v 0.637893 1.134876 0.541682
v 0.637893 1.143836 0.534468
v 0.636915 1.134876 0.541682
v 0.636915 1.124421 0.545350
v 0.637893 1.124421 0.545350
v 0.637893 1.134876 0.541682
v 0.636915 1.124421 0.545350
v 0.636915 1.113730 0.545031
v 0.637893 1.113730 0.545031
v 0.637893 1.124421 0.545350
v 0.636915 1.113730 0.545031
v 0.636915 1.104093 0.540762
v 0.637893 1.104093 0.540762
v 0.637893 1.113730 0.545031
v 0.636915 1.104093 0.540762
v 0.636915 1.096673 0.533059
v 0.637893 1.096673 0.533059
v 0.637893 1.104093 0.540762
v 0.636915 1.096673 0.533059
v 0.636915 1.092365 0.522850
v 0.637893 1.092365 0.522850
v 0.637893 1.096673 0.533059
v 0.636915 1.092365 0.522850
v 0.636915 1.091688 0.511367
v 0.637893 1.091688 0.511367
v 0.637893 1.092365 0.522850
v 0.636915 1.091688 0.511367
v 0.636915 1.094724 0.499995
v 0.637893 1.094724 0.499995
v 0.637893 1.091688 0.511367
v 0.637893 1.150219 0.524578
v 0.637893 1.143836 0.534468
v 0.638871 1.143836 0.534468
v 0.638871 1.150219 0.524578
v 0.637893 1.143836 0.534468
v 0.637893 1.134876 0.541682
v 0.638871 1.134876 0.541682
v 0.638871 1.143836 0.534468
v 0.637893 1.134876 0.541682
v 0.637893 1.124421 0.545350
v 0.638871 1.124421 0.545350
v 0.638871 1.134876 0.541682
v 0.637893 1.124421 0.545350
v 0.637893 1.113730 0.545031
v 0.638871 1.113730 0.545031
v 0.638871 1.124421 0.545350
v 0.637893 1.113730 0.545031
v 0.637893 1.104093 0.540762
v 0.638871 1.104093 0.540762
v 0.638871 1.113730 0.545031
v 0.637893 1.104093 0.540762
v 0.637893 1.096673 0.533059
v 0.638871 1.096673 0.533059
v 0.638871 1.104093 0.540762
v 0.637893 1.096673 0.533059
v 0.637893 1.092365 0.522850
v 0.638871 1.092365 0.522850
v 0.638871 1.096673 0.533059
v 0.637893 1.092365 0.522850
v 0.637893 1.091688 0.511367
v 0.638871 1.091688 0.511367
v 0.638871 1.092365 0.522850
v 0.637893 1.091688 0.511367
v 0.637893 1.094724 0.499995
v 0.638871 1.094724 0.499995
v 0.638871 1.091688 0.511367
v 0.638871 1.150219 0.524578
v 0.638871 1.143836 0.534468
v 0.639849 1.143836 0.534468
v 0.639849 1.150219 0.524578
v 0.638871 1.143836 0.534468
v 0.638871 1.134876 0.541682
v 0.639849 1.134876 0.541682
v 0.639849 1.143836 0.534468
v 0.638871 1.134876 0.541682
v 0.638871 1.124421 0.545350
v 0.639849 1.124421 0.545350
v 0.639849 1.134876 0.541682
v 0.638871 1.124421 0.545350
v 0.638871 1.113730 0.545031
v 0.639849 1.113730 0.545031
v 0.639849 1.124421 0.545350
v 0.638871 1.113730 0.545031
v 0.638871 1.104093 0.540762
v 0.639849 1.104093 0.540762
v 0.639849 1.113730 0.545031
v 0.638871 1.104093 0.540762
v 0.638871 1.096673 0.533059
v 0.639849 1.096673 0.533059
v 0.639849 1.104093 0.540762
v 0.638871 1.096673 0.533059
v 0.638871 1.092365 0.522850
v 0.639849 1.092365 0.522850
v 0.639849 1.096673 0.533059
v 0.638871 1.092365 0.522850
v 0.638871 1.091688 0.511367
v 0.639849 1.091688 0.511367
v 0.639849 1.092365 0.522850
v 0.638871 1.091688 0.511367
v 0.638871 1.094724 0.499995
v 0.639849 1.094724 0.499995
v 0.639849 1.091688 0.511367
v 0.639849 1.150219 0.524578
v 0.639849 1.143836 0.534468
v 0.640826 1.143836 0.534468
v 0.640826 1.150219 0.524578
v 0.639849 1.143836 0.534468
v 0.639849 1.134876 0.541682
v 0.640826 1.134876 0.541682
v 0.640826 1.143836 0.534468
v 0.639849 1.134876 0.541682
v 0.639849 1.124421 0.545350
v 0.640826 1.124421 0.545350
v 0.640826 1.134876 0.541682
v 0.639849 1.124421 0.545350
v 0.639849 1.113730 0.545031
v 0.640826 1.113730 0.545031
v 0.640826 1.124421 0.545350
v 0.639849 1.113730 0.545031
v 0.639849 1.104093 0.540762
v 0.640826 1.104093 0.540762
v 0.640826 1.113730 0.545031
v 0.639849 1.104093 0.540762
v 0.639849 1.096673 0.533059
v 0.640826 1.096673 0.533059
v 0.640826 1.104093 0.540762
v 0.639849 1.096673 0.533059
v 0.639849 1.092365 0.522850
v 0.640826 1.092365 0.522850
v 0.640826 1.096673 0.533059
v 0.639849 1.092365 0.522850
v 0.639849 1.091688 0.511367
v 0.640826 1.091688 0.511367
v 0.640826 1.092365 0.522850
v 0.639849 1.091688 0.511367
v 0.639849 1.094724 0.499995
v 0.640826 1.094724 0.499995
v 0.640826 1.091688 0.511367
v 0.640826 1.150219 0.524578
v 0.640826 1.143836 0.534468
v 0.641804 1.143836 0.534468
v 0.641804 1.150219 0.524578
v 0.640826 1.143836 0.534468
v 0.640826 1.134876 0.541682
v 0.641804 1.134876 0.541682
v 0.641804 1.143836 0.534468
v 0.640826 1.134876 0.541682
v 0.640826 1.124421 0.545350
v 0.641804 1.124421 0.545350
v 0.641804 1.134876 0.541682
v 0.640826 1.124421 0.545350
v 0.640826 1.113730 0.545031
v 0.641804 1.113730 0.545031
v 0.641804 1.124421 0.545350
v 0.640826 1.113730 0.545031
v 0.640826 1.104093 0.540762
v 0.641804 1.104093 0.540762
v 0.641804 1.113730 0.545031
v 0.640826 1.104093 0.540762
v 0.640826 1.096673 0.533059
v 0.641804 1.096673 0.533059
v 0.641804 1.104093 0.540762
v 0.640826 1.096673 0.533059
v 0.640826 1.092365 0.522850
v 0.641804 1.092365 0.522850
v 0.641804 1.096673 0.533059
v 0.640826 1.092365 0.522850
v 0.640826 1.091688 0.511367
v 0.641804 1.091688 0.511367
v 0.641804 1.092365 0.522850
v 0.640826 1.091688 0.511367
v 0.640826 1.094724 0.499995
v 0.641804 1.094724 0.499995
v 0.641804 1.091688 0.511367
v 0.641804 1.150219 0.524578
v 0.641804 1.143836 0.534468
v 0.642782 1.143836 0.534468
v 0.642782 1.150219 0.524578
v 0.641804 1.143836 0.534468
v 0.641804 1.134876 0.541682
v 0.642782 1.134876 0.541682
v 0.642782 1.143836 0.534468
v 0.641804 1.134876 0.541682
v 0.641804 1.124421 0.545350
v 0.642782 1.124421 0.545350
v 0.642782 1.134876 0.541682
v 0.641804 1.124421 0.545350
v 0.641804 1.113730 0.545031
v 0.642782 1.113730 0.545031
v 0.642782 1.124421 0.545350
v 0.641804 1.113730 0.545031
v 0.641804 1.104093 0.540762
v 0.642782 1.104093 0.540762
v 0.642782 1.113730 0.545031
v 0.641804 1.104093 0.540762
v 0.641804 1.096673 0.533059
v 0.642782 1.096673 0.533059
v 0.642782 1.104093 0.540762
v 0.641804 1.096673 0.533059
v 0.641804 1.092365 0.522850
v 0.642782 1.092365 0.522850
v 0.642782 1.096673 0.533059
v 0.641804 1.092365 0.522850
v 0.641804 1.091688 0.511367
v 0.642782 1.091688 0.511367
v 0.642782 1.092365 0.522850
v 0.641804 1.091688 0.511367
v 0.641804 1.094724 0.499995
v 0.642782 1.094724 0.499995
v 0.642782 1.091688 0.511367
v 0.642782 1.150219 0.524578
v 0.642782 1.143836 0.534468
v 0.643760 1.143836 0.534468
v 0.643760 1.150219 0.524578
v 0.642782 1.143836 0.534468
v 0.642782 1.134876 0.541682
v 0.643760 1.134876 0.541682
v 0.643760 1.143836 0.534468
v 0.642782 1.134876 0.541682
v 0.642782 1.124421 0.545350
v 0.643760 1.124421 0.545350
v 0.643760 1.134876 0.541682
v 0.642782 1.124421 0.545350
v 0.642782 1.113730 0.545031
v 0.643760 1.113730 0.545031
v 0.643760 1.124421 0.545350
v 0.642782 1.113730 0.545031
v 0.642782 1.104093 0.540762
v 0.643760 1.104093 0.540762
v 0.643760 1.113730 0.545031
v 0.642782 1.104093 0.540762
v 0.642782 1.096673 0.533059
v 0.643760 1.096673 0.533059
v 0.643760 1.104093 0.540762
v 0.642782 1.096673 0.533059
v 0.642782 1.092365 0.522850
v 0.643760 1.092365 0.522850
v 0.643760 1.096673 0.533059
v 0.642782 1.092365 0.522850
v 0.642782 1.091688 0.511367
v 0.643760 1.091688 0.511367
v 0.643760 1.092365 0.522850
v 0.642782 1.091688 0.511367
v 0.642782 1.094724 0.499995
v 0.643760 1.094724 0.499995
v 0.643760 1.091688 0.511367
v 0.643760 1.150219 0.524578
v 0.643760 1.143836 0.534468
v 0.643760 1.134876 0.541682
v 0.643760 1.124421 0.545350
v 0.643760 1.113730 0.545031
v 0.643760 1.104093 0.540762
v 0.643760 1.096673 0.533059
v 0.643760 1.092365 0.522850
v 0.643760 1.091688 0.511367
v 0.643760 1.094724 0.499995
v 0.633982 1.111515 0.462090
v 0.633982 1.167010 0.486673
v 0.634959 1.167010 0.486673
v 0.635937 1.167010 0.486673
v 0.636915 1.167010 0.486673
v 0.637893 1.167010 0.486673
v 0.638871 1.167010 0.486673
v 0.643760 1.167010 0.486673
v 0.643760 1.111515 0.462090
v 0.642782 1.111515 0.462090
v 0.641804 1.111515 0.462090
v 0.640826 1.111515 0.462090
v 0.639849 1.111515 0.462090
v 0.638871 1.111515 0.462090
v 0.633982 1.094724 0.499995
v 0.633982 1.150219 0.524578
v 0.633982 1.167010 0.486673
v 0.633982 1.111515 0.462090
v 0.633982 1.150219 0.524578
v 0.634959 1.150219 0.524578
v 0.634959 1.167010 0.486673
v 0.633982 1.167010 0.486673
v 0.634959 1.150219 0.524578
v 0.635937 1.150219 0.524578
v 0.635937 1.167010 0.486673
v 0.634959 1.167010 0.486673
v 0.635937 1.150219 0.524578
v 0.636915 1.150219 0.524578
v 0.636915 1.167010 0.486673
v 0.635937 1.167010 0.486673
v 0.636915 1.150219 0.524578
v 0.637893 1.150219 0.524578
v 0.637893 1.167010 0.486673
v 0.636915 1.167010 0.486673
v 0.637893 1.150219 0.524578
v 0.638871 1.150219 0.524578
v 0.638871 1.167010 0.486673
v 0.637893 1.167010 0.486673
v 0.638871 1.150219 0.524578
v 0.639849 1.150219 0.524578
v 0.639849 1.167010 0.486673
v 0.638871 1.167010 0.486673
v 0.639849 1.150219 0.524578
v 0.640826 1.150219 0.524578
v 0.640826 1.167010 0.486673
v 0.639849 1.167010 0.486673
v 0.640826 1.150219 0.524578
v 0.641804 1.150219 0.524578
v 0.641804 1.167010 0.486673
v 0.640826 1.167010 0.486673
v 0.641804 1.150219 0.524578
v 0.642782 1.150219 0.524578
v 0.642782 1.167010 0.486673
v 0.641804 1.167010 0.486673
v 0.642782 1.150219 0.524578
v 0.643760 1.150219 0.524578
v 0.643760 1.167010 0.486673
v 0.642782 1.167010 0.486673
v 0.643760 1.150219 0.524578
v 0.643760 1.094724 0.499995
v 0.643760 1.111515 0.462090
v 0.643760 1.167010 0.486673
v 0.643760 1.094724 0.499995
v 0.642782 1.094724 0.499995
v 0.642782 1.111515 0.462090
v 0.643760 1.111515 0.462090
v 0.642782 1.094724 0.499995
v 0.641804 1.094724 0.499995
v 0.641804 1.111515 0.462090
v 0.642782 1.111515 0.462090
v 0.641804 1.094724 0.499995
v 0.640826 1.094724 0.499995
v 0.640826 1.111515 0.462090
v 0.641804 1.111515 0.462090
v 0.640826 1.094724 0.499995
v 0.639849 1.094724 0.499995
v 0.639849 1.111515 0.462090
v 0.640826 1.111515 0.462090
v 0.639849 1.094724 0.499995
v 0.638871 1.094724 0.499995
v 0.638871 1.111515 0.462090
v 0.639849 1.111515 0.462090
v 0.638871 1.094724 0.499995
v 0.637893 1.094724 0.499995
v 0.637893 1.111515 0.462090
v 0.638871 1.111515 0.462090
v 0.637893 1.094724 0.499995
v 0.636915 1.094724 0.499995
v 0.636915 1.111515 0.462090
v 0.637893 1.111515 0.462090
v 0.636915 1.094724 0.499995
v 0.635937 1.094724 0.499995
v 0.635937 1.111515 0.462090
v 0.636915 1.111515 0.462090
v 0.635937 1.094724 0.499995
v 0.634959 1.094724 0.499995
v 0.634959 1.111515 0.462090
v 0.635937 1.111515 0.462090
v 0.634959 1.094724 0.499995
v 0.633982 1.094724 0.499995
v 0.633982 1.111515 0.462090
v 0.634959 1.111515 0.462090
v -0.076734 1.094724 0.499995
v -0.076734 1.091688 0.511367
v -0.076734 1.092365 0.522850
v -0.076734 1.096673 0.533059
v -0.076734 1.104093 0.540762
v -0.076734 1.113730 0.545031
v -0.076734 1.124421 0.545350
v -0.076734 1.134876 0.541682
v -0.076734 1.143836 0.534468
v -0.076734 1.150219 0.524578
v -0.076734 1.150219 0.524578
v -0.076734 1.143836 0.534468
v -0.075757 1.143836 0.534468
v -0.075757 1.150219 0.524578
v -0.076734 1.143836 0.534468
v -0.076734 1.134876 0.541682
v -0.075757 1.134876 0.541682
v -0.075757 1.143836 0.534468
v -0.076734 1.134876 0.541682
v -0.076734 1.124421 0.545350
v -0.075757 1.124421 0.545350
v -0.075757 1.134876 0.541682
v -0.076734 1.124421 0.545350
v -0.076734 1.113730 0.545031
v -0.075757 1.113730 0.545031
v -0.075757 1.124421 0.545350
v -0.076734 1.113730 0.545031
v -0.076734 1.104093 0.540762
v -0.075757 1.104093 0.540762
v -0.075757 1.113730 0.545031
v -0.076734 1.104093 0.540762
v -0.076734 1.096673 0.533059
v -0.075757 1.096673 0.533059
v -0.075757 1.104093 0.540762
v -0.076734 1.096673 0.533059
v -0.076734 1.092365 0.522850
v -0.075757 1.092365 0.522850
v -0.075757 1.096673 0.533059
v -0.076734 1.092365 0.522850
v -0.076734 1.091688 0.511367
v -0.075757 1.091688 0.511367
v -0.075757 1.092365 0.522850
v -0.076734 1.091688 0.511367
v -0.076734 1.094724 0.499995
v -0.075757 1.094724 0.499995
v -0.075757 1.091688 0.511367
v -0.075757 1.150219 0.524578
v -0.075757 1.143836 0.534468
v -0.074779 1.143836 0.534468
v -0.074779 1.150219 0.524578
v -0.075757 1.143836 0.534468
v -0.075757 1.134876 0.541682
v -0.074779 1.134876 0.541682
v -0.074779 1.143836 0.534468
v -0.075757 1.134876 0.541682
v -0.075757 1.124421 0.545350
v -0.074779 1.124421 0.545350
v -0.074779 1.134876 0.541682
v -0.075757 1.124421 0.545350
v -0.075757 1.113730 0.545031
v -0.074779 1.113730 0.545031
v -0.074779 1.124421 0.545350
v -0.075757 1.113730 0.545031
v -0.075757 1.104093 0.540762
v -0.074779 1.104093 0.540762
v -0.074779 1.113730 0.545031
v -0.075757 1.104093 0.540762
v -0.075757 1.096673 0.533059
v -0.074779 1.096673 0.533059
v -0.074779 1.104093 0.540762
v -0.075757 1.096673 0.533059
v -0.075757 1.092365 0.522850
v -0.074779 1.092365 0.522850
v -0.074779 1.096673 0.533059
v -0.075757 1.092365 0.522850
v -0.075757 1.091688 0.511367
v -0.074779 1.091688 0.511367
v -0.074779 1.092365 0.522850
v -0.075757 1.091688 0.511367
v -0.075757 1.094724 0.499995
v -0.074779 1.094724 0.499995
v -0.074779 1.091688 0.511367
v -0.074779 1.150219 0.524578
v -0.074779 1.143836 0.534468
v -0.073801 1.143836 0.534468
v -0.073801 1.150219 0.524578
v -0.074779 1.143836 0.534468
v -0.074779 1.134876 0.541682
v -0.073801 1.134876 0.541682
v -0.073801 1.143836 0.534468
v -0.074779 1.134876 0.541682
v -0.074779 1.124421 0.545350
v -0.073801 1.124421 0.545350
v -0.073801 1.134876 0.541682
v -0.074779 1.124421 0.545350
v -0.074779 1.113730 0.545031
v -0.073801 1.113730 0.545031
v -0.073801 1.124421 0.545350
v -0.074779 1.113730 0.545031
v -0.074779 1.104093 0.540762
v -0.073801 1.104093 0.540762
v -0.073801 1.113730 0.545031
v -0.074779 1.104093 0.540762
v -0.074779 1.096673 0.533059
v -0.073801 1.096673 0.533059
v -0.073801 1.104093 0.540762
v -0.074779 1.096673 0.533059
v -0.074779 1.092365 0.522850
v -0.073801 1.092365 0.522850
v -0.073801 1.096673 0.533059
v -0.074779 1.092365 0.522850
v -0.074779 1.091688 0.511367
v -0.073801 1.091688 0.511367
v -0.073801 1.092365 0.522850
v -0.074779 1.091688 0.511367
v -0.074779 1.094724 0.499995
v -0.073801 1.094724 0.499995
v -0.073801 1.091688 0.511367
v -0.073801 1.150219 0.524578
v -0.073801 1.143836 0.534468
v -0.072823 1.143836 0.534468
v -0.072823 1.150219 0.524578
v -0.073801 1.143836 0.534468
v -0.073801 1.134876 0.541682
v -0.072823 1.134876 0.541682
v -0.072823 1.143836 0.534468
v -0.073801 1.134876 0.541682
v -0.073801 1.124421 0.545350
v -0.072823 1.124421 0.545350
v -0.072823 1.134876 0.541682
v -0.073801 1.124421 0.545350
v -0.073801 1.113730 0.545031
v -0.072823 1.113730 0.545031
v -0.072823 1.124421 0.545350
v -0.073801 1.113730 0.545031
v -0.073801 1.104093 0.540762
v -0.072823 1.104093 0.540762
v -0.072823 1.113730 0.545031
v -0.073801 1.104093 0.540762
v -0.073801 1.096673 0.533059
v -0.072823 1.096673 0.533059
v -0.072823 1.104093 0.540762
v -0.073801 1.096673 0.533059
v -0.073801 1.092365 0.522850
v -0.072823 1.092365 0.522850
v -0.072823 1.096673 0.533059
v -0.073801 1.092365 0.522850
v -0.073801 1.091688 0.511367
v -0.072823 1.091688 0.511367
v -0.072823 1.092365 0.522850
v -0.073801 1.091688 0.511367
v -0.073801 1.094724 0.499995
v -0.072823 1.094724 0.499995
v -0.072823 1.091688 0.511367
v -0.072823 1.150219 0.524578
v -0.072823 1.143836 0.534468
v -0.071845 1.143836 0.534468
v -0.071845 1.150219 0.524578
v -0.072823 1.143836 0.534468
v -0.072823 1.134876 0.541682
v -0.071845 1.134876 0.541682
v -0.071845 1.143836 0.534468
v -0.072823 1.134876 0.541682
v -0.072823 1.124421 0.545350
v -0.071845 1.124421 0.545350
v -0.071845 1.134876 0.541682
v -0.072823 1.124421 0.545350
v -0.072823 1.113730 0.545031
v -0.071845 1.113730 0.545031
v -0.071845 1.124421 0.545350
v -0.072823 1.113730 0.545031
v -0.072823 1.104093 0.540762
v -0.071845 1.104093 0.540762
v -0.071845 1.113730 0.545031
v -0.072823 1.104093 0.540762
v -0.072823 1.096673 0.533059
v -0.071845 1.096673 0.533059
v -0.071845 1.104093 0.540762
v -0.072823 1.096673 0.533059
v -0.072823 1.092365 0.522850
v -0.071845 1.092365 0.522850
v -0.071845 1.096673 0.533059
v -0.072823 1.092365 0.522850
v -0.072823 1.091688 0.511367
v -0.071845 1.091688 0.511367
v -0.071845 1.092365 0.522850
v -0.072823 1.091688 0.511367
v -0.072823 1.094724 0.499995
v -0.071845 1.094724 0.499995
v -0.071845 1.091688 0.511367
v -0.071845 1.150219 0.524578
v -0.071845 1.143836 0.534468
v -0.070867 1.143836 0.534468
v -0.070867 1.150219 0.524578
v -0.071845 1.143836 0.534468
v -0.071845 1.134876 0.541682
v -0.070867 1.134876 0.541682
v -0.070867 1.143836 0.534468
v -0.071845 1.134876 0.541682
v -0.071845 1.124421 0.545350
v -0.070867 1.124421 0.545350
v -0.070867 1.134876 0.541682
v -0.071845 1.124421 0.545350
v -0.071845 1.113730 0.545031
v -0.070867 1.113730 0.545031
v -0.070867 1.124421 0.545350
v -0.071845 1.113730 0.545031
v -0.071845 1.104093 0.540762
v -0.070867 1.104093 0.540762
v -0.070867 1.113730 0.545031
v -0.071845 1.104093 0.540762
v -0.071845 1.096673 0.533059
v -0.070867 1.096673 0.533059
v -0.070867 1.104093 0.540762
v -0.071845 1.096673 0.533059
v -0.071845 1.092365 0.522850
v -0.070867 1.092365 0.522850
v -0.070867 1.096673 0.533059
v -0.071845 1.092365 0.522850
v -0.071845 1.091688 0.511367
v -0.070867 1.091688 0.511367
v -0.070867 1.092365 0.522850
v -0.071845 1.091688 0.511367
v -0.071845 1.094724 0.499995
v -0.070867 1.094724 0.499995
v -0.070867 1.091688 0.511367
v -0.070867 1.150219 0.524578
v -0.070867 1.143836 0.534468
v -0.069889 1.143836 0.534468
v -0.069889 1.150219 0.524578
v -0.070867 1.143836 0.534468
v -0.070867 1.134876 0.541682
v -0.069889 1.134876 0.541682
v -0.069889 1.143836 0.534468
v -0.070867 1.134876 0.541682
v -0.070867 1.124421 0.545350
v -0.069889 1.124421 0.545350
v -0.069889 1.134876 0.541682
v -0.070867 1.124421 0.545350
v -0.070867 1.113730 0.545031
v -0.069889 1.113730 0.545031
v -0.069889 1.124421 0.545350
v -0.070867 1.113730 0.545031
v -0.070867 1.104093 0.540762
v -0.069889 1.104093 0.540762
v -0.069889 1.113730 0.545031
v -0.070867 1.104093 0.540762
v -0.070867 1.096673 0.533059
v -0.069889 1.096673 0.533059
v -0.069889 1.104093 0.540762
v -0.070867 1.096673 0.533059
v -0.070867 1.092365 0.522850
v -0.069889 1.092365 0.522850
v -0.069889 1.096673 0.533059
v -0.070867 1.092365 0.522850
v -0.070867 1.091688 0.511367
v -0.069889 1.091688 0.511367
v -0.069889 1.092365 0.522850
v -0.070867 1.091688 0.511367
v -0.070867 1.094724 0.499995
v -0.069889 1.094724 0.499995
v -0.069889 1.091688 0.511367
v -0.069889 1.150219 0.524578
v -0.069889 1.143836 0.534468
v -0.068912 1.143836 0.534468
v -0.068912 1.150219 0.524578
v -0.069889 1.143836 0.534468
v -0.069889 1.134876 0.541682
v -0.068912 1.134876 0.541682
v -0.068912 1.143836 0.534468
v -0.069889 1.134876 0.541682
v -0.069889 1.124421 0.545350
v -0.068912 1.124421 0.545350
v -0.068912 1.134876 0.541682
v -0.069889 1.124421 0.545350
v -0.069889 1.113730 0.545031
v -0.068912 1.113730 0.545031
v -0.068912 1.124421 0.545350
v -0.069889 1.113730 0.545031
v -0.069889 1.104093 0.540762
v -0.068912 1.104093 0.540762
v -0.068912 1.113730 0.545031
v -0.069889 1.104093 0.540762
v -0.069889 1.096673 0.533059
v -0.068912 1.096673 0.533059
v -0.068912 1.104093 0.540762
v -0.069889 1.096673 0.533059
v -0.069889 1.092365 0.522850
v -0.068912 1.092365 0.522850
v -0.068912 1.096673 0.533059
v -0.069889 1.092365 0.522850
v -0.069889 1.091688 0.511367
v -0.068912 1.091688 0.511367
v -0.068912 1.092365 0.522850
v -0.069889 1.091688 0.511367
v -0.069889 1.094724 0.499995
v -0.068912 1.094724 0.499995
v -0.068912 1.091688 0.511367
v -0.068912 1.150219 0.524578
v -0.068912 1.143836 0.534468
v -0.067934 1.143836 0.534468
v -0.067934 1.150219 0.524578
v -0.068912 1.143836 0.534468
v -0.068912 1.134876 0.541682
v -0.067934 1.134876 0.541682
v -0.067934 1.143836 0.534468
v -0.068912 1.134876 0.541682
v -0.068912 1.124421 0.545350
v -0.067934 1.124421 0.545350
v -0.067934 1.134876 0.541682
v -0.068912 1.124421 0.545350
v -0.068912 1.113730 0.545031
v -0.067934 1.113730 0.545031
v -0.067934 1.124421 0.545350
v -0.068912 1.113730 0.545031
v -0.068912 1.104093 0.540762
v -0.067934 1.104093 0.540762
v -0.067934 1.113730 0.545031
v -0.068912 1.104093 0.540762
v -0.068912 1.096673 0.533059
v -0.067934 1.096673 0.533059
v -0.067934 1.104093 0.540762
v -0.068912 1.096673 0.533059
v -0.068912 1.092365 0.522850
v -0.067934 1.092365 0.522850
v -0.067934 1.096673 0.533059
v -0.068912 1.092365 0.522850
v -0.068912 1.091688 0.511367
v -0.067934 1.091688 0.511367
v -0.067934 1.092365 0.522850
v -0.068912 1.091688 0.511367
v -0.068912 1.094724 0.499995
v -0.067934 1.094724 0.499995
v -0.067934 1.091688 0.511367
v -0.067934 1.150219 0.524578
v -0.067934 1.143836 0.534468
v -0.066956 1.143836 0.534468
v -0.066956 1.150219 0.524578
v -0.067934 1.143836 0.534468
v -0.067934 1.134876 0.541682
v -0.066956 1.134876 0.541682
v -0.066956 1.143836 0.534468
v -0.067934 1.134876 0.541682
v -0.067934 1.124421 0.545350
v -0.066956 1.124421 0.545350
v -0.066956 1.134876 0.541682
v -0.067934 1.124421 0.545350
v -0.067934 1.113730 0.545031
v -0.066956 1.113730 0.545031
v -0.066956 1.124421 0.545350
v -0.067934 1.113730 0.545031
v -0.067934 1.104093 0.540762
v -0.066956 1.104093 0.540762
v -0.066956 1.113730 0.545031
v -0.067934 1.104093 0.540762
v -0.067934 1.096673 0.533059
v -0.066956 1.096673 0.533059
v -0.066956 1.104093 0.540762
v -0.067934 1.096673 0.533059
v -0.067934 1.092365 0.522850
v -0.066956 1.092365 0.522850
v -0.066956 1.096673 0.533059
v -0.067934 1.092365 0.522850
v -0.067934 1.091688 0.511367
v -0.066956 1.091688 0.511367
v -0.066956 1.092365 0.522850
v -0.067934 1.091688 0.511367
v -0.067934 1.094724 0.499995
v -0.066956 1.094724 0.499995
v -0.066956 1.091688 0.511367
v -0.066956 1.150219 0.524578
v -0.066956 1.143836 0.534468
v -0.066956 1.134876 0.541682
v -0.066956 1.124421 0.545350
v -0.066956 1.113730 0.545031
v -0.066956 1.104093 0.540762
v -0.066956 1.096673 0.533059
v -0.066956 1.092365 0.522850
v -0.066956 1.091688 0.511367
v -0.066956 1.094724 0.499995
v -0.076734 1.111515 0.462090
v -0.076734 1.167010 0.486673
v -0.075757 1.167010 0.486673
v -0.074779 1.167010 0.486673
v -0.073801 1.167010 0.486673
v -0.072823 1.167010 0.486673
v -0.071845 1.167010 0.486673
v -0.066956 1.167010 0.486673
v -0.066956 1.111515 0.462090
v -0.067934 1.111515 0.462090
v -0.068912 1.111515 0.462090
v -0.069889 1.111515 0.462090
v -0.070867 1.111515 0.462090
v -0.071845 1.111515 0.462090
v -0.076734 1.094724 0.499995
v -0.076734 1.150219 0.524578
v -0.076734 1.167010 0.486673
v -0.076734 1.111515 0.462090
v -0.076734 1.150219 0.524578
v -0.075757 1.150219 0.524578
v -0.075757 1.167010 0.486673
v -0.076734 1.167010 0.486673
v -0.075757 1.150219 0.524578
v -0.074779 1.150219 0.524578
v -0.074779 1.167010 0.486673
v -0.075757 1.167010 0.486673
v -0.074779 1.150219 0.524578
v -0.073801 1.150219 0.524578
v -0.073801 1.167010 0.486673
v -0.074779 1.167010 0.486673
v -0.073801 1.150219 0.524578
v -0.072823 1.150219 0.524578
v -0.072823 1.167010 0.486673
v -0.073801 1.167010 0.486673
v -0.072823 1.150219 0.524578
v -0.071845 1.150219 0.524578
v -0.071845 1.167010 0.486673
v -0.072823 1.167010 0.486673
v -0.071845 1.150219 0.524578
v -0.070867 1.150219 0.524578
v -0.070867 1.167010 0.486673
v -0.071845 1.167010 0.486673
v -0.070867 1.150219 0.524578
v -0.069889 1.150219 0.524578
v -0.069889 1.167010 0.486673
v -0.070867 1.167010 0.486673
v -0.069889 1.150219 0.524578
v -0.068912 1.150219 0.524578
v -0.068912 1.167010 0.486673
v -0.069889 1.167010 0.486673
v -0.068912 1.150219 0.524578
v -0.067934 1.150219 0.524578
v -0.067934 1.167010 0.486673
v -0.068912 1.167010 0.486673
v -0.067934 1.150219 0.524578
v -0.066956 1.150219 0.524578
v -0.066956 1.167010 0.486673
v -0.067934 1.167010 0.486673
v -0.066956 1.150219 0.524578
v -0.066956 1.094724 0.499995
v -0.066956 1.111515 0.462090
v -0.066956 1.167010 0.486673
v -0.066956 1.094724 0.499995
v -0.067934 1.094724 0.499995
v -0.067934 1.111515 0.462090
v -0.066956 1.111515 0.462090
v -0.067934 1.094724 0.499995
v -0.068912 1.094724 0.499995
v -0.068912 1.111515 0.462090
v -0.067934 1.111515 0.462090
v -0.068912 1.094724 0.499995
v -0.069889 1.094724 0.499995
v -0.069889 1.111515 0.462090
v -0.068912 1.111515 0.462090
v -0.069889 1.094724 0.499995
v -0.070867 1.094724 0.499995
v -0.070867 1.111515 0.462090
v -0.069889 1.111515 0.462090
v -0.070867 1.094724 0.499995
v -0.071845 1.094724 0.499995
v -0.071845 1.111515 0.462090
v -0.070867 1.111515 0.462090
v -0.071845 1.094724 0.499995
v -0.072823 1.094724 0.499995
v -0.072823 1.111515 0.462090
v -0.071845 1.111515 0.462090
v -0.072823 1.094724 0.499995
v -0.073801 1.094724 0.499995
v -0.073801 1.111515 0.462090
v -0.072823 1.111515 0.462090
v -0.073801 1.094724 0.499995
v -0.074779 1.094724 0.499995
v -0.074779 1.111515 0.462090
v -0.073801 1.111515 0.462090
v -0.074779 1.094724 0.499995
v -0.075757 1.094724 0.499995
v -0.075757 1.111515 0.462090
v -0.074779 1.111515 0.462090
v -0.075757 1.094724 0.499995
v -0.076734 1.094724 0.499995
v -0.076734 1.111515 0.462090
v -0.075757 1.111515 0.462090
v -0.089215 1.102552 0.478659
v -0.089215 1.388089 -0.165914
v -0.071822 1.386348 -0.161982
v -0.071822 1.104294 0.474728
v -0.089215 1.388089 -0.165914
v 0.654484 1.388089 -0.165914
v 0.637091 1.386348 -0.161982
v 0.637091 1.386348 -0.161982
v -0.071822 1.386348 -0.161982
v -0.089215 1.388089 -0.165914
v 0.654484 1.388089 -0.165914
v 0.654484 1.102552 0.478659
v 0.637091 1.104294 0.474728
v 0.637091 1.386348 -0.161982
v 0.654484 1.102552 0.478659
v -0.089215 1.102552 0.478659
v -0.071822 1.104294 0.474728
v -0.071822 1.104294 0.474728
v 0.637091 1.104294 0.474728
v 0.654484 1.102552 0.478659
v -0.071822 1.104294 0.474728
v -0.071822 1.386348 -0.161982
v -0.071822 1.393569 -0.151186
v -0.071822 1.393569 -0.151186
v -0.071822 1.111516 0.485525
v -0.071822 1.104294 0.474728
v -0.071822 1.386348 -0.161982
v 0.637091 1.386348 -0.161982
v 0.637091 1.393569 -0.151186
v 0.637091 1.393569 -0.151186
v -0.071822 1.393569 -0.151186
v -0.071822 1.386348 -0.161982
v 0.637091 1.386348 -0.161982
v 0.637091 1.104294 0.474728
v 0.637091 1.111516 0.485525
v 0.637091 1.393569 -0.151186
v 0.637091 1.104294 0.474728
v -0.071822 1.104294 0.474728
v -0.071822 1.111516 0.485525
v -0.071822 1.111516 0.485525
v 0.637091 1.111516 0.485525
v 0.637091 1.104294 0.474728
v -0.071822 1.111516 0.485525
v -0.071822 1.393569 -0.151186
v -0.071822 1.398744 -0.143449
v -0.071822 1.116690 0.493261
v -0.071822 1.393569 -0.151186
v 0.637091 1.393569 -0.151186
v 0.637091 1.398020 -0.144532
v 0.637091 1.398020 -0.144532
v -0.071822 1.398744 -0.143449
v -0.071822 1.393569 -0.151186
v 0.637091 1.393569 -0.151186
v 0.637091 1.111516 0.485525
v 0.637092 1.115966 0.492178
v 0.637092 1.115966 0.492178
v 0.637091 1.398020 -0.144532
v 0.637091 1.393569 -0.151186
v 0.637091 1.111516 0.485525
v -0.071822 1.111516 0.485525
v -0.071822 1.116690 0.493261
v -0.071822 1.116690 0.493261
v 0.637092 1.115966 0.492178
v 0.637091 1.111516 0.485525
v -0.071822 1.116690 0.493261
v -0.071822 1.398744 -0.143449
v 0.091832 1.382357 -0.106457
v 0.091832 1.382357 -0.106457
v 0.091832 1.133077 0.456269
v -0.071822 1.116690 0.493261
v -0.071822 1.398744 -0.143449
v 0.637091 1.398020 -0.144532
v 0.473437 1.381633 -0.107540
v 0.473437 1.381633 -0.107540
v 0.091832 1.382357 -0.106457
v -0.071822 1.398744 -0.143449
v 0.637091 1.398020 -0.144532
v 0.637092 1.115966 0.492178
v 0.473437 1.132353 0.455186
v 0.473437 1.132353 0.455186
v 0.473437 1.381633 -0.107540
v 0.637091 1.398020 -0.144532
v 0.637092 1.115966 0.492178
v -0.071822 1.116690 0.493261
v 0.091832 1.133077 0.456269
v 0.091832 1.133077 0.456269
v 0.473437 1.132353 0.455186
v 0.637092 1.115966 0.492178
v 0.091832 1.128023 0.448712
v 0.091832 1.377303 -0.114014
v 0.153650 1.371113 -0.100040
v 0.153650 1.371113 -0.100040
v 0.153650 1.134213 0.434739
v 0.091832 1.128023 0.448712
v 0.091832 1.375031 -0.117410
v 0.473437 1.375031 -0.117410
v 0.411619 1.368841 -0.103437
v 0.411619 1.368841 -0.103437
v 0.153650 1.368841 -0.103437
v 0.091832 1.375031 -0.117410
v 0.473437 1.377303 -0.114014
v 0.473437 1.128023 0.448712
v 0.411619 1.134213 0.434739
v 0.411619 1.134213 0.434739
v 0.411619 1.371113 -0.100040
v 0.473437 1.377303 -0.114014
v 0.473437 1.125751 0.445316
v 0.091832 1.125751 0.445316
v 0.153650 1.131941 0.431342
v 0.153650 1.131941 0.431342
v 0.411619 1.131941 0.431342
v 0.473437 1.125751 0.445316
v 0.091832 1.133077 0.456269
v 0.091832 1.382357 -0.106457
v 0.091832 1.377303 -0.114014
v 0.091832 1.377303 -0.114014
v 0.091832 1.128023 0.448712
v 0.091832 1.133077 0.456269
v 0.153650 1.376167 -0.092484
v 0.153650 1.139267 0.442295
v 0.153650 1.134213 0.434739
v 0.153650 1.134213 0.434739
v 0.153650 1.371113 -0.100040
v 0.153650 1.376167 -0.092484
v 0.473437 1.381633 -0.107540
v 0.473437 1.132353 0.455186
v 0.473437 1.128023 0.448712
v 0.473437 1.128023 0.448712
v 0.473437 1.377303 -0.114014
v 0.473437 1.381633 -0.107540
v 0.411619 1.139267 0.442295
v 0.411619 1.376167 -0.092484
v 0.411619 1.371113 -0.100040
v 0.411619 1.371113 -0.100040
v 0.411619 1.134213 0.434739
v 0.411619 1.139267 0.442295
v 0.473437 1.377303 -0.114014
v 0.473437 1.375031 -0.117410
v 0.091832 1.375031 -0.117410
v 0.473437 1.381633 -0.107540
v 0.473437 1.377303 -0.114014
v 0.091832 1.375031 -0.117410
v 0.473437 1.381633 -0.107540
v 0.091832 1.375031 -0.117410
v 0.091832 1.377303 -0.114014
v 0.091832 1.382357 -0.106457
v 0.473437 1.381633 -0.107540
v 0.091832 1.377303 -0.114014
v 0.153650 1.371113 -0.100040
v 0.153650 1.368841 -0.103437
v 0.411619 1.368841 -0.103437
v 0.153650 1.376167 -0.092484
v 0.153650 1.371113 -0.100040
v 0.411619 1.368841 -0.103437
v 0.153650 1.376167 -0.092484
v 0.411619 1.368841 -0.103437
v 0.411619 1.371113 -0.100040
v 0.411619 1.376167 -0.092484
v 0.153650 1.376167 -0.092484
v 0.411619 1.371113 -0.100040
v 0.091832 1.128023 0.448712
v 0.091832 1.125751 0.445316
v 0.473437 1.125751 0.445316
v 0.091832 1.133077 0.456269
v 0.091832 1.128023 0.448712
v 0.473437 1.125751 0.445316
v 0.091832 1.133077 0.456269
v 0.473437 1.125751 0.445316
v 0.473437 1.128023 0.448712
v 0.473437 1.132353 0.455186
v 0.091832 1.133077 0.456269
v 0.473437 1.128023 0.448712
v 0.411619 1.134213 0.434739
v 0.411619 1.131941 0.431342
v 0.153650 1.131941 0.431342
v 0.411619 1.139267 0.442295
v 0.411619 1.134213 0.434739
v 0.153650 1.131941 0.431342
v 0.411619 1.139267 0.442295
v 0.153650 1.131941 0.431342
v 0.153650 1.134213 0.434739
v 0.153650 1.139267 0.442295
v 0.411619 1.139267 0.442295
v 0.153650 1.134213 0.434739
v 0.411619 1.368841 -0.103437
v 0.473437 1.375031 -0.117410
v 0.473437 1.377303 -0.114014
v 0.473437 1.377303 -0.114014
v 0.411619 1.371113 -0.100040
v 0.411619 1.368841 -0.103437
v 0.091832 1.377303 -0.114014
v 0.091832 1.375031 -0.117410
v 0.153650 1.368841 -0.103437
v 0.153650 1.368841 -0.103437
v 0.153650 1.371113 -0.100040
v 0.091832 1.377303 -0.114014
v 0.153650 1.134213 0.434739
v 0.153650 1.131941 0.431342
v 0.091832 1.125751 0.445316
v 0.091832 1.125751 0.445316
v 0.091832 1.128023 0.448712
v 0.153650 1.134213 0.434739
v 0.473437 1.125751 0.445316
v 0.411619 1.131941 0.431342
v 0.411619 1.134213 0.434739
v 0.411619 1.134213 0.434739
v 0.473437 1.128023 0.448712
v 0.473437 1.125751 0.445316
vt 0.638889 0.982962
vt 0.583333 0.982962
vt 0.527778 0.982962
vt 0.472222 0.982962
vt 0.416667 0.982962
vt 0.361111 0.982962
vt 0.305555 0.982962
vt 0.250000 0.982962
vt 0.194444 0.982962
vt 0.138889 0.982962
vt 0.083333 0.982962
vt 0.027778 0.982962
vt -0.027778 0.982962
vt -0.083333 0.982962
vt -0.138889 0.982962
vt -0.194444 0.982962
vt -0.250000 0.982962
vt -0.305556 0.982962
vt 0.750000 0.982962
vt 0.805556 0.982962
vt 0.805556 0.500000
vt 0.750000 0.500000
vt 0.861111 0.982962
vt 0.861111 0.500000
vt 0.916667 0.982962
vt 0.916667 0.500000
vt 0.972222 0.982962
vt 0.972222 0.500000
vt 1.027778 0.982962
vt 1.027778 0.500000
vt 0.027778 0.982962
vt 0.083333 0.982962
vt 0.083333 0.500000
vt 0.027778 0.500000
vt 0.138889 0.982962
vt 0.138889 0.500000
vt 0.194444 0.982962
vt 0.194444 0.500000
vt 0.250000 0.982962
vt 0.250000 0.500000
vt 0.305555 0.982962
vt 0.305555 0.500000
vt 0.361111 0.982962
vt 0.361111 0.500000
vt 0.416667 0.982962
vt 0.416667 0.500000
vt 0.472222 0.982962
vt 0.472222 0.500000
vt 0.527778 0.982962
vt 0.527778 0.500000
vt 0.583333 0.982962
vt 0.583333 0.500000
vt 0.638889 0.982962
vt 0.638889 0.500000
vt 0.694444 0.982962
vt 0.694444 0.500000
vt 0.805556 0.017038
vt 0.750000 0.017038
vt 0.861111 0.017038
vt 0.916667 0.017038
vt 0.972222 0.017038
vt 1.027778 0.017038
vt 0.083333 0.017038
vt 0.027778 0.017038
vt 0.138889 0.017038
vt 0.194444 0.017038
vt 0.250000 0.017038
vt 0.305555 0.017038
vt 0.361111 0.017038
vt 0.416667 0.017038
vt 0.472222 0.017038
vt 0.527778 0.017038
vt 0.583333 0.017038
vt 0.638889 0.017038
vt 0.694444 0.017038
vt 0.750000 0.017038
vt 0.805556 0.017038
vt 0.861111 0.017038
vt 0.916667 0.017038
vt 0.972222 0.017038
vt 1.027778 0.017038
vt 1.083333 0.017038
vt 1.138889 0.017038
vt 1.194444 0.017038
vt 1.250000 0.017038
vt 1.305555 0.017038
vt 1.361111 0.017038
vt 1.416667 0.017038
vt 1.472222 0.017038
vt 1.527778 0.017038
vt 1.583333 0.017038
vt 1.638889 0.017038
vt 1.694444 0.017038
vt 0.079965 0.681946
vt 0.919036 0.681946
vt 0.919036 0.318054
vt 0.079965 0.318054
vt 0.000000 1.000000
vt 1.000000 1.000000
vt 1.000000 0.000000
vt 0.000000 0.000000
vt 1.000000 1.000000
vt 1.000000 0.000000
vt 0.000000 0.000000
vt 0.000000 1.000000
vt 0.000000 1.000000
vt 1.000000 1.000000
vt 1.000000 0.000000
vt 0.000000 0.000000
vt 1.000000 1.000000
vt 1.000000 0.000000
vt 0.000000 0.000000
vt 0.000000 1.000000
vt 1.000000 1.000000
vt 1.000000 0.000000
vt 0.000000 0.000000
vt 0.000000 1.000000
vt 1.000000 1.000000
vt 1.000000 0.000000
vt 0.000000 0.000000
vt 0.000000 1.000000
vt 1.000000 1.000000
vt 1.000000 0.000000
vt 0.000000 0.000000
vt 0.000000 1.000000
vt 1.000000 1.000000
vt 1.000000 0.000000
vt 0.000000 0.000000
vt 0.000000 1.000000
vt 1.000000 1.000000
vt 1.000000 0.000000
vt 0.000000 0.000000
vt 0.000000 1.000000
vt 0.000000 1.000000
vt 1.000000 1.000000
vt 1.000000 0.000000
vt 0.000000 0.000000
vt 0.000000 1.000000
vt 1.000000 1.000000
vt 1.000000 0.000000
vt 0.000000 0.000000
vt 0.000000 1.000000
vt 1.000000 1.000000
vt 1.000000 0.000000
vt 0.000000 0.000000
vt 0.000000 1.000000
vt 1.000000 1.000000
vt 1.000000 0.000000
vt 0.000000 0.000000
vt 0.000000 1.000000
vt 1.000000 1.000000
vt 1.000000 0.000000
vt 0.000000 0.000000
vt 0.000000 1.000000
vt 1.000000 1.000000
vt 1.000000 0.000000
vt 0.000000 0.000000
vt 0.000000 1.000000
vt 1.000000 1.000000
vt 1.000000 0.000000
vt 0.000000 0.000000
vt 0.000000 1.000000
vt 1.000000 1.000000
vt 1.000000 0.000000
vt 0.000000 0.000000
vt 0.000000 1.000000
vt 1.000000 1.000000
vt 1.000000 0.000000
vt 0.000000 0.000000
vt 0.000000 1.000000
vt 1.000000 1.000000
vt 1.000000 0.000000
vt 0.000000 0.000000
vt 0.000000 1.000000
vt 1.000000 1.000000
vt 1.000000 0.000000
vt 0.000000 0.000000
vt 0.000000 1.000000
vt 1.000000 1.000000
vt 1.000000 0.000000
vt 0.000000 0.000000
vt 0.000000 1.000000
vt 1.000000 1.000000
vt 1.000000 0.000000
vt 0.000000 0.000000
vt 0.000000 1.000000
vt 1.000000 1.000000
vt 1.000000 0.000000
vt 0.000000 0.000000
vt 0.000000 1.000000
vt 1.000000 1.000000
vt 1.000000 0.000000
vt 0.000000 0.000000
vt 0.000000 1.000000
vt 1.000000 1.000000
vt 1.000000 0.000000
vt 0.000000 0.000000
vt 1.000000 0.000000
vt 0.000000 0.000000
vt 0.000000 1.000000
vt 1.000000 1.000000
vt 1.000000 0.000000
vt 0.000000 0.000000
vt 0.000000 1.000000
vt 1.000000 1.000000
vt 1.000000 0.000000
vt 0.000000 0.000000
vt 0.000000 1.000000
vt 1.000000 1.000000
vt 1.000000 0.000000
vt 0.000000 0.000000
vt 0.000000 1.000000
vt 1.000000 1.000000
vt 1.000000 0.000000
vt 0.000000 0.000000
vt 0.000000 1.000000
vt 1.000000 1.000000
vt 1.000000 0.000000
vt 0.000000 0.000000
vt 0.000000 1.000000
vt 1.000000 1.000000
vt 1.000000 0.000000
vt 0.000000 0.000000
vt 0.000000 1.000000
vt 1.000000 1.000000
vt 1.000000 0.000000
vt 0.000000 0.000000
vt 0.000000 1.000000
vt 1.000000 1.000000
vt 0.913854 0.221530
vt 0.916351 0.231443
vt 0.918900 0.236718
vt 0.921141 0.236718
vt 0.922909 0.231443
vt 0.924158 0.221530
vt 0.924896 0.208175
vt 0.925140 0.192987
vt 0.924896 0.177800
vt 0.924158 0.164444
vt 0.922909 0.154531
vt 0.921141 0.149256
vt 0.918900 0.149256
vt 0.916351 0.154531
vt 0.913854 0.164444
vt 0.911966 0.177800
vt 0.911254 0.192987
vt 0.911966 0.208175
vt 0.911254 0.192987
vt 0.911966 0.177800
vt 0.940280 0.177800
vt 0.939468 0.192987
vt 0.913854 0.164444
vt 0.942426 0.164444
vt 0.916351 0.154531
vt 0.945251 0.154531
vt 0.918900 0.149256
vt 0.948120 0.149256
vt 0.921141 0.149256
vt 0.950628 0.149256
vt 0.922909 0.154531
vt 0.952597 0.154531
vt 0.924158 0.164444
vt 0.953984 0.164444
vt 0.924896 0.177800
vt 0.954801 0.177800
vt 0.925140 0.192987
vt 0.955071 0.192987
vt 0.924896 0.208175
vt 0.954801 0.208175
vt 0.924158 0.221530
vt 0.953984 0.221530
vt 0.922909 0.231443
vt 0.952597 0.231443
vt 0.921141 0.236718
vt 0.950628 0.236718
vt 0.918900 0.236718
vt 0.948120 0.236718
vt 0.916351 0.231443
vt 0.945251 0.231443
vt 0.913854 0.221530
vt 0.942426 0.221530
vt 0.911966 0.208175
vt 0.940280 0.208175
vt 0.969354 0.177800
vt 0.968381 0.192987
vt 0.971921 0.164444
vt 0.975282 0.154531
vt 0.978674 0.149256
vt 0.981621 0.149256
vt 0.983924 0.154531
vt 0.985539 0.164444
vt 0.986488 0.177800
vt 0.986800 0.192987
vt 0.986488 0.208175
vt 0.985539 0.221530
vt 0.983924 0.231443
vt 0.981621 0.236718
vt 0.978674 0.236718
vt 0.975282 0.231443
vt 0.971921 0.221530
vt 0.969354 0.208175
vt 1.005342 0.177800
vt 1.004085 0.192987
vt 1.008637 0.164444
vt 1.012913 0.154531
vt 1.017181 0.149256
vt 1.020851 0.149256
vt 1.023691 0.154531
vt 1.025669 0.164444
vt 1.026826 0.177800
vt 1.027206 0.192987
vt 1.026826 0.208175
vt 1.025669 0.221530
vt 1.023691 0.231443
vt 1.020851 0.236718
vt 1.017181 0.236718
vt 1.012913 0.231443
vt 1.008637 0.221530
vt 1.005342 0.208175
vt 0.004085 0.192987
vt 0.005341 0.177800
vt 0.063210 0.177800
vt 0.061526 0.192987
vt 0.008637 0.164444
vt 0.067559 0.164444
vt 0.012913 0.154531
vt 0.073060 0.154531
vt 0.017181 0.149256
vt 0.078393 0.149257
vt 0.020851 0.149256
vt 0.082855 0.149256
vt 0.023691 0.154531
vt 0.086230 0.154531
vt 0.025669 0.164444
vt 0.088542 0.164444
vt 0.026826 0.177800
vt 0.089879 0.177800
vt 0.027206 0.192987
vt 0.090316 0.192987
vt 0.026826 0.208175
vt 0.089879 0.208175
vt 0.025669 0.221530
vt 0.088542 0.221530
vt 0.023691 0.231443
vt 0.086230 0.231443
vt 0.020851 0.236718
vt 0.082855 0.236718
vt 0.017181 0.236718
vt 0.078393 0.236718
vt 0.012913 0.231443
vt 0.073060 0.231443
vt 0.008637 0.221530
vt 0.067559 0.221530
vt 0.005341 0.208175
vt 0.063210 0.208175
vt 0.180686 0.177800
vt 0.179553 0.192987
vt 0.183506 0.164444
vt 0.186867 0.154531
vt 0.189929 0.149257
vt 0.192357 0.149257
vt 0.194121 0.154531
vt 0.195295 0.164444
vt 0.195962 0.177800
vt 0.196178 0.192987
vt 0.195962 0.208175
vt 0.195295 0.221530
vt 0.194121 0.231443
vt 0.192357 0.236718
vt 0.189929 0.236718
vt 0.186867 0.231443
vt 0.183506 0.221530
vt 0.180686 0.208175
vt 0.325154 0.177800
vt 0.326165 0.192987
vt 0.322617 0.164444
vt 0.319548 0.154531
vt 0.316707 0.149257
vt 0.314423 0.149257
vt 0.312746 0.154531
vt 0.311621 0.164444
vt 0.310979 0.177800
vt 0.310771 0.192987
vt 0.310979 0.208175
vt 0.311621 0.221530
vt 0.312746 0.231443
vt 0.314422 0.236718
vt 0.316707 0.236718
vt 0.319548 0.231443
vt 0.322617 0.221530
vt 0.325154 0.208175
vt 0.402266 0.177800
vt 0.403488 0.192987
vt 0.399119 0.164444
vt 0.395158 0.154531
vt 0.391336 0.149257
vt 0.388148 0.149257
vt 0.385741 0.154531
vt 0.384094 0.164444
vt 0.383142 0.177800
vt 0.382831 0.192987
vt 0.383142 0.208175
vt 0.384094 0.221530
vt 0.385741 0.231443
vt 0.388148 0.236718
vt 0.391336 0.236718
vt 0.395158 0.231443
vt 0.399119 0.221530
vt 0.402266 0.208175
vt 0.445663 0.177800
vt 0.446740 0.192987
vt 0.442859 0.164444
vt 0.439266 0.154531
vt 0.435729 0.149257
vt 0.432726 0.149257
vt 0.430424 0.154531
vt 0.428831 0.164444
vt 0.427904 0.177800
vt 0.427600 0.192987
vt 0.427904 0.208175
vt 0.428831 0.221530
vt 0.430424 0.231443
vt 0.432726 0.236718
vt 0.435729 0.236718
vt 0.439266 0.231443
vt 0.442859 0.221530
vt 0.445663 0.208175
vt 0.478719 0.177800
vt 0.479698 0.192987
vt 0.476158 0.164444
vt 0.472844 0.154531
vt 0.469547 0.149257
vt 0.466718 0.149257
vt 0.464531 0.154531
vt 0.463010 0.164444
vt 0.462120 0.177800
vt 0.461828 0.192987
vt 0.462120 0.208175
vt 0.463010 0.221530
vt 0.464531 0.231443
vt 0.466718 0.236718
vt 0.469547 0.236718
vt 0.472844 0.231443
vt 0.476158 0.221530
vt 0.478719 0.208175
vt 0.510330 0.177800
vt 0.511266 0.192987
vt 0.507868 0.164444
vt 0.504662 0.154531
vt 0.501443 0.149257
vt 0.498661 0.149257
vt 0.496497 0.154531
vt 0.494983 0.164444
vt 0.494096 0.177800
vt 0.493804 0.192987
vt 0.494096 0.208175
vt 0.494983 0.221530
vt 0.496497 0.231443
vt 0.498661 0.236718
vt 0.501443 0.236718
vt 0.504662 0.231443
vt 0.507868 0.221530
vt 0.510330 0.208175
vt 0.511266 0.192987
vt 0.510330 0.177800
vt 0.507868 0.164444
vt 0.504662 0.154531
vt 0.501443 0.149257
vt 0.498661 0.149257
vt 0.496497 0.154531
vt 0.494983 0.164444
vt 0.494096 0.177800
vt 0.493804 0.192987
vt 0.494096 0.208175
vt 0.494983 0.221530
vt 0.496497 0.231443
vt 0.498661 0.236718
vt 0.501443 0.236718
vt 0.504662 0.231443
vt 0.507868 0.221530
vt 0.510330 0.208175
vt 0.913854 0.835556
vt 0.916351 0.845469
vt 0.918900 0.850744
vt 0.921141 0.850744
vt 0.922909 0.845469
vt 0.924158 0.835556
vt 0.924896 0.822200
vt 0.925140 0.807013
vt 0.924896 0.791825
vt 0.924158 0.778470
vt 0.922909 0.768557
vt 0.921141 0.763282
vt 0.918900 0.763282
vt 0.916351 0.768557
vt 0.913854 0.778470
vt 0.911966 0.791825
vt 0.911254 0.807013
vt 0.911966 0.822200
vt 0.911254 0.807013
vt 0.911966 0.791825
vt 0.940280 0.791825
vt 0.939468 0.807013
vt 0.913854 0.778470
vt 0.942426 0.778470
vt 0.916351 0.768557
vt 0.945251 0.768557
vt 0.918900 0.763282
vt 0.948120 0.763282
vt 0.921141 0.763282
vt 0.950628 0.763282
vt 0.922909 0.768557
vt 0.952597 0.768557
vt 0.924158 0.778470
vt 0.953984 0.778470
vt 0.924896 0.791825
vt 0.954801 0.791825
vt 0.925140 0.807013
vt 0.955070 0.807013
vt 0.924896 0.822200
vt 0.954801 0.822200
vt 0.924158 0.835556
vt 0.953984 0.835556
vt 0.922909 0.845469
vt 0.952597 0.845469
vt 0.921141 0.850744
vt 0.950628 0.850744
vt 0.918900 0.850744
vt 0.948120 0.850744
vt 0.916351 0.845469
vt 0.945251 0.845469
vt 0.913854 0.835556
vt 0.942426 0.835556
vt 0.911966 0.822200
vt 0.940280 0.822200
vt 0.969354 0.791825
vt 0.968381 0.807013
vt 0.971921 0.778470
vt 0.975282 0.768557
vt 0.978673 0.763282
vt 0.981621 0.763282
vt 0.983924 0.768557
vt 0.985539 0.778470
vt 0.986488 0.791825
vt 0.986800 0.807013
vt 0.986488 0.822200
vt 0.985539 0.835556
vt 0.983924 0.845469
vt 0.981621 0.850744
vt 0.978673 0.850744
vt 0.975282 0.845469
vt 0.971921 0.835556
vt 0.969354 0.822200
vt 1.005341 0.791825
vt 1.004085 0.807013
vt 1.008637 0.778470
vt 1.012913 0.768557
vt 1.017181 0.763282
vt 1.020851 0.763282
vt 1.023691 0.768557
vt 1.025669 0.778470
vt 1.026826 0.791825
vt 1.027206 0.807013
vt 1.026826 0.822200
vt 1.025669 0.835556
vt 1.023691 0.845469
vt 1.020851 0.850744
vt 1.017181 0.850744
vt 1.012913 0.845469
vt 1.008637 0.835556
vt 1.005341 0.822200
vt 0.004085 0.807013
vt 0.005341 0.791825
vt 0.063210 0.791825
vt 0.061526 0.807013
vt 0.008637 0.778470
vt 0.067559 0.778470
vt 0.012913 0.768557
vt 0.073060 0.768557
vt 0.017181 0.763282
vt 0.078393 0.763282
vt 0.020851 0.763282
vt 0.082854 0.763282
vt 0.023691 0.768557
vt 0.086230 0.768557
vt 0.025669 0.778470
vt 0.088542 0.778470
vt 0.026826 0.791825
vt 0.089879 0.791825
vt 0.027206 0.807013
vt 0.090316 0.807013
vt 0.026826 0.822200
vt 0.089879 0.822200
vt 0.025669 0.835556
vt 0.088542 0.835556
vt 0.023691 0.845469
vt 0.086230 0.845469
vt 0.020851 0.850744
vt 0.082854 0.850744
vt 0.017181 0.850744
vt 0.078393 0.850744
vt 0.012913 0.845469
vt 0.073060 0.845469
vt 0.008637 0.835556
vt 0.067559 0.835556
vt 0.005341 0.822200
vt 0.063210 0.822200
vt 0.180686 0.791826
vt 0.179552 0.807013
vt 0.183506 0.778470
vt 0.186867 0.768557
vt 0.189929 0.763282
vt 0.192357 0.763282
vt 0.194121 0.768557
vt 0.195295 0.778470
vt 0.195962 0.791826
vt 0.196178 0.807013
vt 0.195962 0.822200
vt 0.195295 0.835556
vt 0.194121 0.845469
vt 0.192357 0.850744
vt 0.189929 0.850744
vt 0.186867 0.845469
vt 0.183505 0.835556
vt 0.180686 0.822200
vt 0.325154 0.791826
vt 0.326165 0.807013
vt 0.322617 0.778470
vt 0.319548 0.768557
vt 0.316707 0.763282
vt 0.314423 0.763282
vt 0.312746 0.768557
vt 0.311621 0.778470
vt 0.310979 0.791826
vt 0.310771 0.807013
vt 0.310979 0.822200
vt 0.311621 0.835556
vt 0.312746 0.845469
vt 0.314423 0.850744
vt 0.316707 0.850744
vt 0.319548 0.845469
vt 0.322617 0.835556
vt 0.325154 0.822200
vt 0.402266 0.791826
vt 0.403488 0.807013
vt 0.399119 0.778470
vt 0.395158 0.768557
vt 0.391336 0.763282
vt 0.388148 0.763282
vt 0.385741 0.768557
vt 0.384094 0.778470
vt 0.383142 0.791826
vt 0.382831 0.807013
vt 0.383142 0.822200
vt 0.384094 0.835556
vt 0.385741 0.845469
vt 0.388148 0.850744
vt 0.391336 0.850744
vt 0.395158 0.845469
vt 0.399119 0.835556
vt 0.402266 0.822200
vt 0.445663 0.791826
vt 0.446740 0.807013
vt 0.442859 0.778470
vt 0.439266 0.768557
vt 0.435729 0.763282
vt 0.432726 0.763282
vt 0.430424 0.768557
vt 0.428831 0.778470
vt 0.427904 0.791826
vt 0.427600 0.807013
vt 0.427904 0.822200
vt 0.428831 0.835556
vt 0.430424 0.845469
vt 0.432726 0.850744
vt 0.435729 0.850744
vt 0.439266 0.845469
vt 0.442859 0.835556
vt 0.445663 0.822200
vt 0.478720 0.791826
vt 0.479698 0.807013
vt 0.476158 0.778470
vt 0.472844 0.768557
vt 0.469547 0.763282
vt 0.466718 0.763282
vt 0.464531 0.768557
vt 0.463010 0.778470
vt 0.462120 0.791826
vt 0.461828 0.807013
vt 0.462120 0.822200
vt 0.463010 0.835556
vt 0.464531 0.845469
vt 0.466718 0.850744
vt 0.469547 0.850744
vt 0.472844 0.845469
vt 0.476158 0.835556
vt 0.478720 0.822200
vt 0.510330 0.791826
vt 0.511266 0.807013
vt 0.507869 0.778470
vt 0.504662 0.768557
vt 0.501443 0.763282
vt 0.498661 0.763282
vt 0.496497 0.768557
vt 0.494983 0.778470
vt 0.494096 0.791826
vt 0.493804 0.807013
vt 0.494096 0.822200
vt 0.494983 0.835556
vt 0.496497 0.845469
vt 0.498661 0.850744
vt 0.501443 0.850744
vt 0.504662 0.845469
vt 0.507869 0.835556
vt 0.510330 0.822200
vt 0.511266 0.807013
vt 0.510330 0.791826
vt 0.507869 0.778470
vt 0.504662 0.768557
vt 0.501443 0.763282
vt 0.498661 0.763282
vt 0.496497 0.768557
vt 0.494983 0.778470
vt 0.494096 0.791826
vt 0.493804 0.807013
vt 0.494096 0.822200
vt 0.494983 0.835556
vt 0.496497 0.845469
vt 0.498661 0.850744
vt 0.501443 0.850744
vt 0.504662 0.845469
vt 0.507869 0.835556
vt 0.510330 0.822200
vt 0.000000 0.987586
vt 0.290549 1.000000
vt 0.565761 0.951358
vt 0.792443 0.847526
vt 0.943252 0.701030
vt 1.000000 0.529537
vt 0.955841 0.353733
vt 0.816102 0.194823
vt 0.597638 0.071972
vt 0.326799 0.000000
vt 0.000000 1.000000
vt 1.000000 1.000000
vt 1.000000 0.000000
vt 0.000000 0.000000
vt 0.000000 1.000000
vt 1.000000 1.000000
vt 1.000000 0.000000
vt 0.000000 0.000000
vt 0.000000 1.000000
vt 1.000000 1.000000
vt 1.000000 0.000000
vt 0.000000 0.000000
vt 0.000000 1.000000
vt 1.000000 1.000000
vt 1.000000 0.000000
vt 0.000000 0.000000
vt 0.000000 1.000000
vt 1.000000 1.000000
vt 1.000000 0.000000
vt 0.000000 0.000000
vt 0.000000 1.000000
vt 1.000000 1.000000
vt 1.000000 0.000000
vt 0.000000 0.000000
vt 0.000000 1.000000
vt 1.000000 1.000000
vt 1.000000 0.000000
vt 0.000000 0.000000
vt 0.000000 1.000000
vt 1.000000 1.000000
vt 1.000000 0.000000
vt 0.000000 0.000000
vt 0.000000 1.000000
vt 1.000000 1.000000
vt 1.000000 0.000000
vt 0.000000 0.000000
vt 0.000000 1.000000
vt 1.000000 1.000000
vt 1.000000 0.000000
vt 0.000000 0.000000
vt 0.000000 1.000000
vt 1.000000 1.000000
vt 1.000000 0.000000
vt 0.000000 0.000000
vt 0.000000 1.000000
vt 1.000000 1.000000
vt 1.000000 0.000000
vt 0.000000 0.000000
vt 0.000000 1.000000
vt 1.000000 1.000000
vt 1.000000 0.000000
vt 0.000000 0.000000
vt 0.000000 1.000000
vt 1.000000 1.000000
vt 1.000000 0.000000
vt 0.000000 0.000000
vt 0.000000 1.000000
vt 1.000000 1.000000
vt 1.000000 0.000000
vt 0.000000 0.000000
vt 0.000000 1.000000
vt 1.000000 1.000000
vt 1.000000 0.000000
vt 0.000000 0.000000
vt 0.000000 1.000000
vt 1.000000 1.000000
vt 1.000000 0.000000
vt 0.000000 0.000000
vt 0.000000 1.000000
vt 1.000000 1.000000
vt 1.000000 0.000000
vt 0.000000 0.000000
vt 0.000000 1.000000
vt 1.000000 1.000000
vt 1.000000 0.000000
vt 0.000000 0.000000
vt 0.000000 1.000000
vt 1.000000 1.000000
vt 1.000000 0.000000
vt 0.000000 0.000000
vt 0.000000 1.000000
vt 1.000000 1.000000
vt 1.000000 0.000000
vt 0.000000 0.000000
vt 0.000000 1.000000
vt 1.000000 1.000000
vt 1.000000 0.000000
vt 0.000000 0.000000
vt 0.000000 1.000000
vt 1.000000 1.000000
vt 1.000000 0.000000
vt 0.000000 0.000000
vt 0.000000 1.000000
vt 1.000000 1.000000
vt 1.000000 0.000000
vt 0.000000 0.000000
vt 0.000000 1.000000
vt 1.000000 1.000000
vt 1.000000 0.000000
vt 0.000000 0.000000
vt 0.000000 1.000000
vt 1.000000 1.000000
vt 1.000000 0.000000
vt 0.000000 0.000000
vt 0.000000 1.000000
vt 1.000000 1.000000
vt 1.000000 0.000000
vt 0.000000 0.000000
vt 0.000000 1.000000
vt 1.000000 1.000000
vt 1.000000 0.000000
vt 0.000000 0.000000
vt 0.000000 1.000000
vt 1.000000 1.000000
vt 1.000000 0.000000
vt 0.000000 0.000000
vt 0.000000 1.000000
vt 1.000000 1.000000
vt 1.000000 0.000000
vt 0.000000 0.000000
vt 0.000000 1.000000
vt 1.000000 1.000000
vt 1.000000 0.000000
vt 0.000000 0.000000
vt 0.000000 1.000000
vt 1.000000 1.000000
vt 1.000000 0.000000
vt 0.000000 0.000000
vt 0.000000 1.000000
vt 1.000000 1.000000
vt 1.000000 0.000000
vt 0.000000 0.000000
vt 0.000000 1.000000
vt 1.000000 1.000000
vt 1.000000 0.000000
vt 0.000000 0.000000
vt 0.000000 1.000000
vt 1.000000 1.000000
vt 1.000000 0.000000
vt 0.000000 0.000000
vt 0.000000 1.000000
vt 1.000000 1.000000
vt 1.000000 0.000000
vt 0.000000 0.000000
vt 0.000000 1.000000
vt 1.000000 1.000000
vt 1.000000 0.000000
vt 0.000000 0.000000
vt 0.000000 1.000000
vt 1.000000 1.000000
vt 1.000000 0.000000
vt 0.000000 0.000000
vt 0.000000 1.000000
vt 1.000000 1.000000
vt 1.000000 0.000000
vt 0.000000 0.000000
vt 0.000000 1.000000
vt 1.000000 1.000000
vt 1.000000 0.000000
vt 0.000000 0.000000
vt 0.000000 1.000000
vt 1.000000 1.000000
vt 1.000000 0.000000
vt 0.000000 0.000000
vt 0.000000 1.000000
vt 1.000000 1.000000
vt 1.000000 0.000000
vt 0.000000 0.000000
vt 0.000000 1.000000
vt 1.000000 1.000000
vt 1.000000 0.000000
vt 0.000000 0.000000
vt 0.000000 1.000000
vt 1.000000 1.000000
vt 1.000000 0.000000
vt 0.000000 0.000000
vt 0.000000 1.000000
vt 1.000000 1.000000
vt 1.000000 0.000000
vt 0.000000 0.000000
vt 0.000000 1.000000
vt 1.000000 1.000000
vt 1.000000 0.000000
vt 0.000000 0.000000
vt 0.000000 1.000000
vt 1.000000 1.000000
vt 1.000000 0.000000
vt 0.000000 0.000000
vt 0.000000 1.000000
vt 1.000000 1.000000
vt 1.000000 0.000000
vt 0.000000 0.000000
vt 0.000000 1.000000
vt 1.000000 1.000000
vt 1.000000 0.000000
vt 0.000000 0.000000
vt 0.000000 1.000000
vt 1.000000 1.000000
vt 1.000000 0.000000
vt 0.000000 0.000000
vt 0.000000 1.000000
vt 1.000000 1.000000
vt 1.000000 0.000000
vt 0.000000 0.000000
vt 0.000000 1.000000
vt 1.000000 1.000000
vt 1.000000 0.000000
vt 0.000000 0.000000
vt 0.000000 1.000000
vt 1.000000 1.000000
vt 1.000000 0.000000
vt 0.000000 0.000000
vt 0.000000 1.000000
vt 1.000000 1.000000
vt 1.000000 0.000000
vt 0.000000 0.000000
vt 0.000000 1.000000
vt 1.000000 1.000000
vt 1.000000 0.000000
vt 0.000000 0.000000
vt 0.000000 1.000000
vt 1.000000 1.000000
vt 1.000000 0.000000
vt 0.000000 0.000000
vt 0.000000 1.000000
vt 1.000000 1.000000
vt 1.000000 0.000000
vt 0.000000 0.000000
vt 0.000000 1.000000
vt 1.000000 1.000000
vt 1.000000 0.000000
vt 0.000000 0.000000
vt 0.000000 1.000000
vt 1.000000 1.000000
vt 1.000000 0.000000
vt 0.000000 0.000000
vt 0.000000 1.000000
vt 1.000000 1.000000
vt 1.000000 0.000000
vt 0.000000 0.000000
vt 0.000000 1.000000
vt 1.000000 1.000000
vt 1.000000 0.000000
vt 0.000000 0.000000
vt 0.000000 1.000000
vt 1.000000 1.000000
vt 1.000000 0.000000
vt 0.000000 0.000000
vt 0.000000 1.000000
vt 1.000000 1.000000
vt 1.000000 0.000000
vt 0.000000 0.000000
vt 0.000000 1.000000
vt 1.000000 1.000000
vt 1.000000 0.000000
vt 0.000000 0.000000
vt 0.000000 1.000000
vt 1.000000 1.000000
vt 1.000000 0.000000
vt 0.000000 0.000000
vt 0.000000 1.000000
vt 1.000000 1.000000
vt 1.000000 0.000000
vt 0.000000 0.000000
vt 0.000000 1.000000
vt 1.000000 1.000000
vt 1.000000 0.000000
vt 0.000000 0.000000
vt 0.000000 1.000000
vt 1.000000 1.000000
vt 1.000000 0.000000
vt 0.000000 0.000000
vt 0.000000 1.000000
vt 1.000000 1.000000
vt 1.000000 0.000000
vt 0.000000 0.000000
vt 0.000000 1.000000
vt 1.000000 1.000000
vt 1.000000 0.000000
vt 0.000000 0.000000
vt 0.000000 1.000000
vt 1.000000 1.000000
vt 1.000000 0.000000
vt 0.000000 0.000000
vt 0.000000 1.000000
vt 1.000000 1.000000
vt 1.000000 0.000000
vt 0.000000 0.000000
vt 0.000000 1.000000
vt 1.000000 1.000000
vt 1.000000 0.000000
vt 0.000000 0.000000
vt 0.000000 1.000000
vt 1.000000 1.000000
vt 1.000000 0.000000
vt 0.000000 0.000000
vt 0.000000 1.000000
vt 1.000000 1.000000
vt 1.000000 0.000000
vt 0.000000 0.000000
vt 0.000000 1.000000
vt 1.000000 1.000000
vt 1.000000 0.000000
vt 0.000000 0.000000
vt 0.000000 1.000000
vt 1.000000 1.000000
vt 1.000000 0.000000
vt 0.000000 0.000000
vt 0.000000 1.000000
vt 1.000000 1.000000
vt 1.000000 0.000000
vt 0.000000 0.000000
vt 0.000000 1.000000
vt 1.000000 1.000000
vt 1.000000 0.000000
vt 0.000000 0.000000
vt 0.000000 1.000000
vt 1.000000 1.000000
vt 1.000000 0.000000
vt 0.000000 0.000000
vt 0.000000 1.000000
vt 1.000000 1.000000
vt 1.000000 0.000000
vt 0.000000 0.000000
vt 0.000000 1.000000
vt 1.000000 1.000000
vt 1.000000 0.000000
vt 0.000000 0.000000
vt 0.000000 1.000000
vt 1.000000 1.000000
vt 1.000000 0.000000
vt 0.000000 0.000000
vt 0.000000 1.000000
vt 1.000000 1.000000
vt 1.000000 0.000000
vt 0.000000 0.000000
vt 0.000000 1.000000
vt 1.000000 1.000000
vt 1.000000 0.000000
vt 0.000000 0.000000
vt 0.000000 1.000000
vt 1.000000 1.000000
vt 1.000000 0.000000
vt 0.000000 0.000000
vt 0.000000 1.000000
vt 1.000000 1.000000
vt 1.000000 0.000000
vt 0.000000 0.000000
vt 0.000000 1.000000
vt 1.000000 1.000000
vt 1.000000 0.000000
vt 0.000000 0.000000
vt 0.000000 1.000000
vt 1.000000 1.000000
vt 1.000000 0.000000
vt 0.000000 0.000000
vt 0.000000 1.000000
vt 1.000000 1.000000
vt 1.000000 0.000000
vt 0.000000 0.000000
vt 0.000000 0.987586
vt 0.290548 1.000000
vt 0.565760 0.951358
vt 0.792442 0.847527
vt 0.943252 0.701030
vt 1.000000 0.529538
vt 0.955842 0.353734
vt 0.816103 0.194823
vt 0.597639 0.071973
vt 0.326798 0.000000
vt 0.036023 1.000000
vt 1.000000 0.040722
vt 0.996398 0.036650
vt 0.992795 0.032578
vt 0.989193 0.028506
vt 0.985591 0.024433
vt 0.981988 0.020361
vt 0.963977 0.000000
vt 0.000000 0.959278
vt 0.003602 0.963350
vt 0.007205 0.967422
vt 0.010807 0.971494
vt 0.014409 0.975567
vt 0.018012 0.979639
vt 0.000000 1.000000
vt 1.000000 1.000000
vt 1.000000 0.000000
vt 0.000000 0.000000
vt 0.000000 1.000000
vt 1.000000 1.000000
vt 1.000000 0.000000
vt 0.000000 0.000000
vt 0.000000 1.000000
vt 1.000000 1.000000
vt 1.000000 0.000000
vt 0.000000 0.000000
vt 0.000000 1.000000
vt 1.000000 1.000000
vt 1.000000 0.000000
vt 0.000000 0.000000
vt 0.000000 1.000000
vt 1.000000 1.000000
vt 1.000000 0.000000
vt 0.000000 0.000000
vt 0.000000 1.000000
vt 1.000000 1.000000
vt 1.000000 0.000000
vt 0.000000 0.000000
vt 0.000000 1.000000
vt 1.000000 1.000000
vt 1.000000 0.000000
vt 0.000000 0.000000
vt 0.000000 1.000000
vt 1.000000 1.000000
vt 1.000000 0.000000
vt 0.000000 0.000000
vt 0.000000 1.000000
vt 1.000000 1.000000
vt 1.000000 0.000000
vt 0.000000 0.000000
vt 0.000000 1.000000
vt 1.000000 1.000000
vt 1.000000 0.000000
vt 0.000000 0.000000
vt 0.000000 1.000000
vt 1.000000 1.000000
vt 1.000000 0.000000
vt 0.000000 0.000000
vt 0.000000 1.000000
vt 1.000000 1.000000
vt 1.000000 0.000000
vt 0.000000 0.000000
vt 0.000000 1.000000
vt 1.000000 1.000000
vt 1.000000 0.000000
vt 0.000000 0.000000
vt 0.000000 1.000000
vt 1.000000 1.000000
vt 1.000000 0.000000
vt 0.000000 0.000000
vt 0.000000 1.000000
vt 1.000000 1.000000
vt 1.000000 0.000000
vt 0.000000 0.000000
vt 0.000000 1.000000
vt 1.000000 1.000000
vt 1.000000 0.000000
vt 0.000000 0.000000
vt 0.000000 1.000000
vt 1.000000 1.000000
vt 1.000000 0.000000
vt 0.000000 0.000000
vt 0.000000 1.000000
vt 1.000000 1.000000
vt 1.000000 0.000000
vt 0.000000 0.000000
vt 0.000000 1.000000
vt 1.000000 1.000000
vt 1.000000 0.000000
vt 0.000000 0.000000
vt 0.000000 1.000000
vt 1.000000 1.000000
vt 1.000000 0.000000
vt 0.000000 0.000000
vt 0.000000 1.000000
vt 1.000000 1.000000
vt 1.000000 0.000000
vt 0.000000 0.000000
vt 0.000000 1.000000
vt 1.000000 1.000000
vt 1.000000 0.000000
vt 0.000000 0.000000
vt 0.000000 0.987586
vt 0.290549 1.000000
vt 0.565761 0.951358
vt 0.792443 0.847526
vt 0.943252 0.701030
vt 1.000000 0.529537
vt 0.955841 0.353733
vt 0.816102 0.194823
vt 0.597638 0.071972
vt 0.326799 0.000000
vt 0.000000 1.000000
vt 1.000000 1.000000
vt 1.000000 0.000000
vt 0.000000 0.000000
vt 0.000000 1.000000
vt 1.000000 1.000000
vt 1.000000 0.000000
vt 0.000000 0.000000
vt 0.000000 1.000000
vt 1.000000 1.000000
vt 1.000000 0.000000
vt 0.000000 0.000000
vt 0.000000 1.000000
vt 1.000000 1.000000
vt 1.000000 0.000000
vt 0.000000 0.000000
vt 0.000000 1.000000
vt 1.000000 1.000000
vt 1.000000 0.000000
vt 0.000000 0.000000
vt 0.000000 1.000000
vt 1.000000 1.000000
vt 1.000000 0.000000
vt 0.000000 0.000000
vt 0.000000 1.000000
vt 1.000000 1.000000
vt 1.000000 0.000000
vt 0.000000 0.000000
vt 0.000000 1.000000
vt 1.000000 1.000000
vt 1.000000 0.000000
vt 0.000000 0.000000
vt 0.000000 1.000000
vt 1.000000 1.000000
vt 1.000000 0.000000
vt 0.000000 0.000000
vt 0.000000 1.000000
vt 1.000000 1.000000
vt 1.000000 0.000000
vt 0.000000 0.000000
vt 0.000000 1.000000
vt 1.000000 1.000000
vt 1.000000 0.000000
vt 0.000000 0.000000
vt 0.000000 1.000000
vt 1.000000 1.000000
vt 1.000000 0.000000
vt 0.000000 0.000000
vt 0.000000 1.000000
vt 1.000000 1.000000
vt 1.000000 0.000000
vt 0.000000 0.000000
vt 0.000000 1.000000
vt 1.000000 1.000000
vt 1.000000 0.000000
vt 0.000000 0.000000
vt 0.000000 1.000000
vt 1.000000 1.000000
vt 1.000000 0.000000
vt 0.000000 0.000000
vt 0.000000 1.000000
vt 1.000000 1.000000
vt 1.000000 0.000000
vt 0.000000 0.000000
vt 0.000000 1.000000
vt 1.000000 1.000000
vt 1.000000 0.000000
vt 0.000000 0.000000
vt 0.000000 1.000000
vt 1.000000 1.000000
vt 1.000000 0.000000
vt 0.000000 0.000000
vt 0.000000 1.000000
vt 1.000000 1.000000
vt 1.000000 0.000000
vt 0.000000 0.000000
vt 0.000000 1.000000
vt 1.000000 1.000000
vt 1.000000 0.000000
vt 0.000000 0.000000
vt 0.000000 1.000000
vt 1.000000 1.000000
vt 1.000000 0.000000
vt 0.000000 0.000000
vt 0.000000 1.000000
vt 1.000000 1.000000
vt 1.000000 0.000000
vt 0.000000 0.000000
vt 0.000000 1.000000
vt 1.000000 1.000000
vt 1.000000 0.000000
vt 0.000000 0.000000
vt 0.000000 1.000000
vt 1.000000 1.000000
vt 1.000000 0.000000
vt 0.000000 0.000000
vt 0.000000 1.000000
vt 1.000000 1.000000
vt 1.000000 0.000000
vt 0.000000 0.000000
vt 0.000000 1.000000
vt 1.000000 1.000000
vt 1.000000 0.000000
vt 0.000000 0.000000
vt 0.000000 1.000000
vt 1.000000 1.000000
vt 1.000000 0.000000
vt 0.000000 0.000000
vt 0.000000 1.000000
vt 1.000000 1.000000
vt 1.000000 0.000000
vt 0.000000 0.000000
vt 0.000000 1.000000
vt 1.000000 1.000000
vt 1.000000 0.000000
vt 0.000000 0.000000
vt 0.000000 1.000000
vt 1.000000 1.000000
vt 1.000000 0.000000
vt 0.000000 0.000000
vt 0.000000 1.000000
vt 1.000000 1.000000
vt 1.000000 0.000000
vt 0.000000 0.000000
vt 0.000000 1.000000
vt 1.000000 1.000000
vt 1.000000 0.000000
vt 0.000000 0.000000
vt 0.000000 1.000000
vt 1.000000 1.000000
vt 1.000000 0.000000
vt 0.000000 0.000000
vt 0.000000 1.000000
vt 1.000000 1.000000
vt 1.000000 0.000000
vt 0.000000 0.000000
vt 0.000000 1.000000
vt 1.000000 1.000000
vt 1.000000 0.000000
vt 0.000000 0.000000
vt 0.000000 1.000000
vt 1.000000 1.000000
vt 1.000000 0.000000
vt 0.000000 0.000000
vt 0.000000 1.000000
vt 1.000000 1.000000
vt 1.000000 0.000000
vt 0.000000 0.000000
vt 0.000000 1.000000
vt 1.000000 1.000000
vt 1.000000 0.000000
vt 0.000000 0.000000
vt 0.000000 1.000000
vt 1.000000 1.000000
vt 1.000000 0.000000
vt 0.000000 0.000000
vt 0.000000 1.000000
vt 1.000000 1.000000
vt 1.000000 0.000000
vt 0.000000 0.000000
vt 0.000000 1.000000
vt 1.000000 1.000000
vt 1.000000 0.000000
vt 0.000000 0.000000
vt 0.000000 1.000000
vt 1.000000 1.000000
vt 1.000000 0.000000
vt 0.000000 0.000000
vt 0.000000 1.000000
vt 1.000000 1.000000
vt 1.000000 0.000000
vt 0.000000 0.000000
vt 0.000000 1.000000
vt 1.000000 1.000000
vt 1.000000 0.000000
vt 0.000000 0.000000
vt 0.000000 1.000000
vt 1.000000 1.000000
vt 1.000000 0.000000
vt 0.000000 0.000000
vt 0.000000 1.000000
vt 1.000000 1.000000
vt 1.000000 0.000000
vt 0.000000 0.000000
vt 0.000000 1.000000
vt 1.000000 1.000000
vt 1.000000 0.000000
vt 0.000000 0.000000
vt 0.000000 1.000000
vt 1.000000 1.000000
vt 1.000000 0.000000
vt 0.000000 0.000000
vt 0.000000 1.000000
vt 1.000000 1.000000
vt 1.000000 0.000000
vt 0.000000 0.000000
vt 0.000000 1.000000
vt 1.000000 1.000000
vt 1.000000 0.000000
vt 0.000000 0.000000
vt 0.000000 1.000000
vt 1.000000 1.000000
vt 1.000000 0.000000
vt 0.000000 0.000000
vt 0.000000 1.000000
vt 1.000000 1.000000
vt 1.000000 0.000000
vt 0.000000 0.000000
vt 0.000000 1.000000
vt 1.000000 1.000000
vt 1.000000 0.000000
vt 0.000000 0.000000
vt 0.000000 1.000000
vt 1.000000 1.000000
vt 1.000000 0.000000
vt 0.000000 0.000000
vt 0.000000 1.000000
vt 1.000000 1.000000
vt 1.000000 0.000000
vt 0.000000 0.000000
vt 0.000000 1.000000
vt 1.000000 1.000000
vt 1.000000 0.000000
vt 0.000000 0.000000
vt 0.000000 1.000000
vt 1.000000 1.000000
vt 1.000000 0.000000
vt 0.000000 0.000000
vt 0.000000 1.000000
vt 1.000000 1.000000
vt 1.000000 0.000000
vt 0.000000 0.000000
vt 0.000000 1.000000
vt 1.000000 1.000000
vt 1.000000 0.000000
vt 0.000000 0.000000
vt 0.000000 1.000000
vt 1.000000 1.000000
vt 1.000000 0.000000
vt 0.000000 0.000000
vt 0.000000 1.000000
vt 1.000000 1.000000
vt 1.000000 0.000000
vt 0.000000 0.000000
vt 0.000000 1.000000
vt 1.000000 1.000000
vt 1.000000 0.000000
vt 0.000000 0.000000
vt 0.000000 1.000000
vt 1.000000 1.000000
vt 1.000000 0.000000
vt 0.000000 0.000000
vt 0.000000 1.000000
vt 1.000000 1.000000
vt 1.000000 0.000000
vt 0.000000 0.000000
vt 0.000000 1.000000
vt 1.000000 1.000000
vt 1.000000 0.000000
vt 0.000000 0.000000
vt 0.000000 1.000000
vt 1.000000 1.000000
vt 1.000000 0.000000
vt 0.000000 0.000000
vt 0.000000 1.000000
vt 1.000000 1.000000
vt 1.000000 0.000000
vt 0.000000 0.000000
vt 0.000000 1.000000
vt 1.000000 1.000000
vt 1.000000 0.000000
vt 0.000000 0.000000
vt 0.000000 1.000000
vt 1.000000 1.000000
vt 1.000000 0.000000
vt 0.000000 0.000000
vt 0.000000 1.000000
vt 1.000000 1.000000
vt 1.000000 0.000000
vt 0.000000 0.000000
vt 0.000000 1.000000
vt 1.000000 1.000000
vt 1.000000 0.000000
vt 0.000000 0.000000
vt 0.000000 1.000000
vt 1.000000 1.000000
vt 1.000000 0.000000
vt 0.000000 0.000000
vt 0.000000 1.000000
vt 1.000000 1.000000
vt 1.000000 0.000000
vt 0.000000 0.000000
vt 0.000000 1.000000
vt 1.000000 1.000000
vt 1.000000 0.000000
vt 0.000000 0.000000
vt 0.000000 1.000000
vt 1.000000 1.000000
vt 1.000000 0.000000
vt 0.000000 0.000000
vt 0.000000 1.000000
vt 1.000000 1.000000
vt 1.000000 0.000000
vt 0.000000 0.000000
vt 0.000000 1.000000
vt 1.000000 1.000000
vt 1.000000 0.000000
vt 0.000000 0.000000
vt 0.000000 1.000000
vt 1.000000 1.000000
vt 1.000000 0.000000
vt 0.000000 0.000000
vt 0.000000 1.000000
vt 1.000000 1.000000
vt 1.000000 0.000000
vt 0.000000 0.000000
vt 0.000000 1.000000
vt 1.000000 1.000000
vt 1.000000 0.000000
vt 0.000000 0.000000
vt 0.000000 1.000000
vt 1.000000 1.000000
vt 1.000000 0.000000
vt 0.000000 0.000000
vt 0.000000 1.000000
vt 1.000000 1.000000
vt 1.000000 0.000000
vt 0.000000 0.000000
vt 0.000000 1.000000
vt 1.000000 1.000000
vt 1.000000 0.000000
vt 0.000000 0.000000
vt 0.000000 1.000000
vt 1.000000 1.000000
vt 1.000000 0.000000
vt 0.000000 0.000000
vt 0.000000 1.000000
vt 1.000000 1.000000
vt 1.000000 0.000000
vt 0.000000 0.000000
vt 0.000000 1.000000
vt 1.000000 1.000000
vt 1.000000 0.000000
vt 0.000000 0.000000
vt 0.000000 1.000000
vt 1.000000 1.000000
vt 1.000000 0.000000
vt 0.000000 0.000000
vt 0.000000 1.000000
vt 1.000000 1.000000
vt 1.000000 0.000000
vt 0.000000 0.000000
vt 0.000000 1.000000
vt 1.000000 1.000000
vt 1.000000 0.000000
vt 0.000000 0.000000
vt 0.000000 1.000000
vt 1.000000 1.000000
vt 1.000000 0.000000
vt 0.000000 0.000000
vt 0.000000 0.987586
vt 0.290548 1.000000
vt 0.565760 0.951358
vt 0.792442 0.847527
vt 0.943252 0.701030
vt 1.000000 0.529538
vt 0.955842 0.353734
vt 0.816103 0.194823
vt 0.597639 0.071973
vt 0.326798 0.000000
vt 0.036023 1.000000
vt 1.000000 0.040722
vt 0.996398 0.036650
vt 0.992795 0.032578
vt 0.989193 0.028506
vt 0.985591 0.024433
vt 0.981988 0.020361
vt 0.963977 0.000000
vt 0.000000 0.959278
vt 0.003602 0.963350
vt 0.007205 0.967422
vt 0.010807 0.971494
vt 0.014409 0.975567
vt 0.018012 0.979639
vt 0.000000 1.000000
vt 1.000000 1.000000
vt 1.000000 0.000000
vt 0.000000 0.000000
vt 0.000000 1.000000
vt 1.000000 1.000000
vt 1.000000 0.000000
vt 0.000000 0.000000
vt 0.000000 1.000000
vt 1.000000 1.000000
vt 1.000000 0.000000
vt 0.000000 0.000000
vt 0.000000 1.000000
vt 1.000000 1.000000
vt 1.000000 0.000000
vt 0.000000 0.000000
vt 0.000000 1.000000
vt 1.000000 1.000000
vt 1.000000 0.000000
vt 0.000000 0.000000
vt 0.000000 1.000000
vt 1.000000 1.000000
vt 1.000000 0.000000
vt 0.000000 0.000000
vt 0.000000 1.000000
vt 1.000000 1.000000
vt 1.000000 0.000000
vt 0.000000 0.000000
vt 0.000000 1.000000
vt 1.000000 1.000000
vt 1.000000 0.000000
vt 0.000000 0.000000
vt 0.000000 1.000000
vt 1.000000 1.000000
vt 1.000000 0.000000
vt 0.000000 0.000000
vt 0.000000 1.000000
vt 1.000000 1.000000
vt 1.000000 0.000000
vt 0.000000 0.000000
vt 0.000000 1.000000
vt 1.000000 1.000000
vt 1.000000 0.000000
vt 0.000000 0.000000
vt 0.000000 1.000000
vt 1.000000 1.000000
vt 1.000000 0.000000
vt 0.000000 0.000000
vt 0.000000 1.000000
vt 1.000000 1.000000
vt 1.000000 0.000000
vt 0.000000 0.000000
vt 0.000000 1.000000
vt 1.000000 1.000000
vt 1.000000 0.000000
vt 0.000000 0.000000
vt 0.000000 1.000000
vt 1.000000 1.000000
vt 1.000000 0.000000
vt 0.000000 0.000000
vt 0.000000 1.000000
vt 1.000000 1.000000
vt 1.000000 0.000000
vt 0.000000 0.000000
vt 0.000000 1.000000
vt 1.000000 1.000000
vt 1.000000 0.000000
vt 0.000000 0.000000
vt 0.000000 1.000000
vt 1.000000 1.000000
vt 1.000000 0.000000
vt 0.000000 0.000000
vt 0.000000 1.000000
vt 1.000000 1.000000
vt 1.000000 0.000000
vt 0.000000 0.000000
vt 0.000000 1.000000
vt 1.000000 1.000000
vt 1.000000 0.000000
vt 0.000000 0.000000
vt 0.000000 1.000000
vt 1.000000 1.000000
vt 1.000000 0.000000
vt 0.000000 0.000000
vt 0.000000 1.000000
vt 1.000000 1.000000
vt 1.000000 0.000000
vt 0.000000 0.000000
vt 0.000000 1.000000
vt 1.000000 1.000000
vt 1.000000 1.000000
vt 0.000000 1.000000
vt 1.000000 1.000000
vt 1.000000 0.000000
vt 1.000000 0.000000
vt 1.000000 0.000000
vt 1.000000 1.000000
vt 1.000000 1.000000
vt 1.000000 0.000000
vt 0.000000 0.000000
vt 0.000000 0.000000
vt 1.000000 0.000000
vt 0.000000 0.000000
vt 0.000000 1.000000
vt 0.000000 1.000000
vt 0.000000 1.000000
vt 0.000000 0.000000
vt 0.000000 0.000000
vt 0.000000 1.000000
vt 1.000000 1.000000
vt 1.000000 1.000000
vt 1.000000 1.000000
vt 0.000000 1.000000
vt 0.000000 1.000000
vt 1.000000 1.000000
vt 1.000000 0.000000
vt 1.000000 0.000000
vt 1.000000 0.000000
vt 1.000000 1.000000
vt 1.000000 1.000000
vt 1.000000 0.000000
vt 0.000000 0.000000
vt 0.000000 0.000000
vt 1.000000 0.000000
vt 0.000000 0.000000
vt 0.000000 1.000000
vt 0.000000 1.000000
vt 0.000000 1.000000
vt 0.000000 0.000000
vt 0.000000 0.000000
vt 0.000000 1.000000
vt 1.000000 1.000000
vt 1.000000 1.000000
vt 0.000000 1.000000
vt 1.000000 1.000000
vt 1.000000 0.000000
vt 1.000000 0.000000
vt 1.000000 0.000000
vt 1.000000 1.000000
vt 1.000000 1.000000
vt 1.000000 0.000000
vt 0.000000 0.000000
vt 0.000000 0.000000
vt 0.000000 0.000000
vt 1.000000 0.000000
vt 1.000000 0.000000
vt 0.000000 0.000000
vt 0.000000 1.000000
vt 0.000000 1.000000
vt 0.000000 1.000000
vt 0.000000 0.000000
vt 0.000000 0.000000
vt 0.000000 1.000000
vt 0.999001 1.000000
vt 0.940960 0.769147
vt 0.940960 0.769147
vt 0.058041 0.769147
vt 0.000000 1.000000
vt 0.999001 1.000000
vt 1.000000 0.000000
vt 0.941959 0.230853
vt 0.941959 0.230853
vt 0.940960 0.769147
vt 0.999001 1.000000
vt 1.000000 0.000000
vt 0.000999 0.000000
vt 0.059040 0.230853
vt 0.059040 0.230853
vt 0.941959 0.230853
vt 1.000000 0.000000
vt 0.000999 0.000000
vt 0.000000 1.000000
vt 0.058041 0.769147
vt 0.058041 0.769147
vt 0.059040 0.230853
vt 0.000999 0.000000
vt 0.065015 0.769147
vt 0.947934 0.769147
vt 0.926010 0.681946
vt 0.926010 0.681946
vt 0.086939 0.681946
vt 0.065015 0.769147
vt 0.951069 0.769147
vt 0.951069 0.230853
vt 0.929145 0.318054
vt 0.929145 0.318054
vt 0.929145 0.681946
vt 0.951069 0.769147
vt 0.947934 0.230853
vt 0.065015 0.230853
vt 0.086939 0.318054
vt 0.086939 0.318054
vt 0.926010 0.318054
vt 0.947934 0.230853
vt 0.068150 0.230853
vt 0.068150 0.769147
vt 0.090074 0.681946
vt 0.090074 0.681946
vt 0.090074 0.318054
vt 0.068150 0.230853
vt 1.000000 0.941959
vt 0.999981 0.059040
vt 0.310106 0.052066
vt 0.310106 0.052066
vt 0.310126 0.934985
vt 1.000000 0.941959
vt 0.000018 0.080964
vt 0.000000 0.920035
vt 0.689873 0.913061
vt 0.689873 0.913061
vt 0.689896 0.073990
vt 0.000018 0.080964
vt 0.098843 0.058041
vt 0.098830 0.940960
vt 0.689873 0.934985
vt 0.689873 0.934985
vt 0.689891 0.052066
vt 0.098843 0.058041
vt 0.999999 0.920035
vt 0.999987 0.080964
vt 0.310112 0.073990
vt 0.310112 0.073990
vt 0.310127 0.913061
vt 0.999999 0.920035
vt 0.052066 0.230853
vt 0.048931 0.230853
vt 0.048931 0.769147
vt 0.058041 0.230853
vt 0.052066 0.230853
vt 0.048931 0.769147
vt 0.058041 0.230853
vt 0.048931 0.769147
vt 0.052066 0.769147
vt 0.059040 0.769147
vt 0.058041 0.230853
vt 0.052066 0.769147
vt 0.926010 0.681946
vt 0.929145 0.681946
vt 0.929145 0.318054
vt 0.919036 0.681946
vt 0.926010 0.681946
vt 0.929145 0.318054
vt 0.919036 0.681946
vt 0.929145 0.318054
vt 0.926010 0.318054
vt 0.919036 0.318054
vt 0.919036 0.681946
vt 0.926010 0.318054
vt 0.065015 0.769147
vt 0.068150 0.769147
vt 0.068150 0.230853
vt 0.058041 0.769147
vt 0.065015 0.769147
vt 0.068150 0.230853
vt 0.058041 0.769147
vt 0.068150 0.230853
vt 0.065015 0.230853
vt 0.059040 0.230853
vt 0.058041 0.769147
vt 0.065015 0.230853
vt 0.913061 0.318054
vt 0.909926 0.318054
vt 0.909926 0.681946
vt 0.920035 0.318054
vt 0.913061 0.318054
vt 0.909926 0.681946
vt 0.920035 0.318054
vt 0.909926 0.681946
vt 0.913061 0.681946
vt 0.920035 0.681946
vt 0.920035 0.318054
vt 0.913061 0.681946
vt 1.000000 0.000000
vt 1.000000 0.000000
vt 1.000000 0.000000
vt 1.000000 0.000000
vt 1.000000 0.000000
vt 1.000000 0.000000
vt 0.947934 0.769147
vt 0.951069 0.769147
vt 0.929145 0.681946
vt 0.929145 0.681946
vt 0.926010 0.681946
vt 0.947934 0.769147
vt 0.913061 0.681946
vt 0.909926 0.681946
vt 0.931850 0.769147
vt 0.931850 0.769147
vt 0.934985 0.769147
vt 0.913061 0.681946
vt 0.931850 0.230853
vt 0.909926 0.318054
vt 0.913061 0.318054
vt 0.913061 0.318054
vt 0.934985 0.230853
vt 0.931850 0.230853
vn 0.405025 0.914306 0.000000
vn 0.405025 0.914306 0.000000
vn 0.405025 0.914306 0.000000
vn 0.405025 0.914306 0.000000
vn 0.405025 0.914306 0.000000
vn 0.405025 0.914306 0.000000
vn 0.405025 0.914306 0.000000
vn 0.405025 0.914306 0.000000
vn 0.405025 0.914306 0.000000
vn 0.405025 0.914306 0.000000
vn 0.405025 0.914306 0.000000
vn 0.405025 0.914306 0.000000
vn 0.405025 0.914306 0.000000
vn 0.405025 0.914306 0.000000
vn 0.405025 0.914306 0.000000
vn 0.405025 0.914306 0.000000
vn 0.405025 0.914306 0.000000
vn 0.405025 0.914306 0.000000
vn 0.000000 -0.000000 1.000000
vn -0.081940 0.036298 0.995976
vn -0.081940 0.036298 0.995976
vn 0.000000 -0.000000 1.000000
vn -0.185715 0.082269 0.979154
vn -0.185715 0.082269 0.979154
vn -0.359902 0.159432 0.919267
vn -0.359902 0.159432 0.919267
vn -0.744374 0.329747 0.580667
vn -0.744374 0.329747 0.580667
vn -0.744373 0.329747 -0.580668
vn -0.744374 0.329747 -0.580668
vn -0.744373 0.329747 -0.580668
vn -0.359902 0.159432 -0.919267
vn -0.359902 0.159432 -0.919267
vn -0.744374 0.329747 -0.580668
vn -0.185715 0.082269 -0.979154
vn -0.185715 0.082269 -0.979154
vn -0.081940 0.036298 -0.995976
vn -0.081940 0.036298 -0.995976
vn -0.000000 0.000000 -1.000000
vn -0.000000 0.000000 -1.000000
vn 0.081940 -0.036298 -0.995976
vn 0.081940 -0.036298 -0.995976
vn 0.185715 -0.082269 -0.979154
vn 0.185715 -0.082269 -0.979154
vn 0.359902 -0.159432 -0.919267
vn 0.359902 -0.159432 -0.919267
vn 0.744373 -0.329747 -0.580668
vn 0.744373 -0.329747 -0.580668
vn 0.744374 -0.329748 0.580666
vn 0.744374 -0.329748 0.580666
vn 0.359903 -0.159432 0.919267
vn 0.359903 -0.159432 0.919267
vn 0.185715 -0.082269 0.979154
vn 0.185715 -0.082269 0.979154
vn 0.081940 -0.036298 0.995976
vn 0.081940 -0.036298 0.995976
vn -0.081940 0.036298 0.995976
vn 0.000000 -0.000000 1.000000
vn -0.185715 0.082269 0.979154
vn -0.359902 0.159432 0.919267
vn -0.744374 0.329747 0.580667
vn -0.744374 0.329747 -0.580668
vn -0.359902 0.159432 -0.919267
vn -0.744374 0.329747 -0.580668
vn -0.185715 0.082269 -0.979154
vn -0.081940 0.036298 -0.995976
vn -0.000000 0.000000 -1.000000
vn 0.081940 -0.036298 -0.995976
vn 0.185715 -0.082269 -0.979154
vn 0.359902 -0.159432 -0.919267
vn 0.744373 -0.329747 -0.580668
vn 0.744374 -0.329748 0.580666
vn 0.359903 -0.159432 0.919267
vn 0.185715 -0.082269 0.979154
vn 0.081940 -0.036298 0.995976
vn -0.405025 -0.914306 -0.000000
vn -0.405025 -0.914306 -0.000000
vn -0.405025 -0.914306 -0.000000
vn -0.405025 -0.914306 -0.000000
vn -0.405025 -0.914306 -0.000000
vn -0.405025 -0.914306 -0.000000
vn -0.405025 -0.914306 -0.000000
vn -0.405025 -0.914306 -0.000000
vn -0.405025 -0.914306 -0.000000
vn -0.405025 -0.914306 -0.000000
vn -0.405025 -0.914306 -0.000000
vn -0.405025 -0.914306 -0.000000
vn -0.405025 -0.914306 -0.000000
vn -0.405025 -0.914306 -0.000000
vn -0.405025 -0.914306 -0.000000
vn -0.405025 -0.914306 -0.000000
vn -0.405025 -0.914306 -0.000000
vn -0.405025 -0.914306 -0.000000
vn 0.000000 0.000000 1.000000
vn -0.000000 -0.000000 1.000000
vn -0.000000 -0.000000 1.000000
vn 0.000000 0.000000 1.000000
vn -0.050237 0.022254 -0.998489
vn -0.050237 0.022254 -0.998489
vn -0.072667 0.032190 -0.996837
vn -0.072795 0.032247 -0.996825
vn 0.360116 -0.932907 0.000000
vn 0.338255 -0.810303 -0.478532
vn 0.827415 0.293924 -0.478532
vn 0.932908 0.360116 0.000000
vn 0.360116 -0.932907 0.000000
vn -0.932908 -0.360116 -0.000000
vn -0.836736 -0.296062 -0.460674
vn 0.338255 -0.810303 -0.478532
vn -0.360116 0.932908 -0.000000
vn -0.342946 0.818637 -0.460675
vn -0.836736 -0.296062 -0.460674
vn -0.932908 -0.360116 -0.000000
vn 0.932908 0.360116 0.000000
vn 0.827415 0.293924 -0.478532
vn -0.342946 0.818637 -0.460675
vn -0.360116 0.932908 -0.000000
vn -0.017099 -0.005488 -0.999839
vn -0.014011 0.006207 -0.999883
vn -0.014011 0.006207 -0.999883
vn -0.007425 0.016352 -0.999839
vn -0.020596 -0.003955 -0.999780
vn -0.014011 0.006207 -0.999883
vn -0.014011 0.006207 -0.999883
vn -0.017099 -0.005488 -0.999839
vn -0.010910 0.017912 -0.999780
vn -0.014011 0.006207 -0.999883
vn -0.014011 0.006207 -0.999883
vn -0.020596 -0.003955 -0.999780
vn -0.007425 0.016352 -0.999839
vn -0.014011 0.006207 -0.999883
vn -0.014011 0.006207 -0.999883
vn -0.010910 0.017912 -0.999780
vn 0.050411 -0.022331 -0.998479
vn 0.050411 -0.022331 -0.998479
vn 0.050411 -0.022331 -0.998479
vn 0.050411 -0.022331 -0.998479
vn -0.267037 -0.533101 -0.802804
vn -0.136195 -0.271395 -0.952783
vn -0.145134 -0.289271 -0.946181
vn -0.339952 -0.679006 -0.650679
vn -0.093025 0.041209 -0.994811
vn -0.093025 0.041209 -0.994811
vn -0.072795 0.032247 -0.996825
vn -0.072667 0.032190 -0.996837
vn 0.078674 0.281692 -0.956274
vn 0.216688 0.520407 -0.825968
vn 0.205156 0.501014 -0.840771
vn 0.013584 0.164660 -0.986257
vn 0.827415 0.293924 -0.478532
vn 0.338255 -0.810303 -0.478532
vn 0.138718 -0.388460 -0.910964
vn 0.380912 0.158270 -0.910965
vn 0.380912 0.158270 -0.910965
vn 0.138718 -0.388460 -0.910964
vn 0.019841 -0.209114 -0.977690
vn 0.168207 0.125807 -0.977691
vn 0.168207 0.125807 -0.977691
vn 0.019841 -0.209114 -0.977690
vn -0.020022 -0.133771 -0.990810
vn 0.085622 0.104709 -0.990810
vn 0.338255 -0.810303 -0.478532
vn -0.836736 -0.296062 -0.460674
vn -0.408619 -0.163234 -0.897989
vn 0.138718 -0.388460 -0.910964
vn 0.138718 -0.388460 -0.910964
vn -0.408619 -0.163234 -0.897989
vn -0.196281 -0.122727 -0.972837
vn 0.019841 -0.209114 -0.977690
vn 0.019841 -0.209114 -0.977690
vn -0.196281 -0.122727 -0.972837
vn -0.113771 -0.095879 -0.988870
vn -0.020022 -0.133771 -0.990810
vn -0.836736 -0.296062 -0.460674
vn -0.342946 0.818637 -0.460675
vn -0.153657 0.412313 -0.897991
vn -0.408619 -0.163234 -0.897989
vn -0.408619 -0.163234 -0.897989
vn -0.153657 0.412313 -0.897991
vn -0.040990 0.227832 -0.972837
vn -0.196281 -0.122727 -0.972837
vn -0.196281 -0.122727 -0.972837
vn -0.040990 0.227832 -0.972837
vn -0.005434 0.148685 -0.988870
vn -0.113771 -0.095879 -0.988870
vn -0.342946 0.818637 -0.460675
vn 0.827415 0.293924 -0.478532
vn 0.380912 0.158270 -0.910965
vn -0.153657 0.412313 -0.897991
vn -0.153657 0.412313 -0.897991
vn 0.380912 0.158270 -0.910965
vn 0.168207 0.125807 -0.977691
vn -0.040990 0.227832 -0.972837
vn -0.040990 0.227832 -0.972837
vn 0.168207 0.125807 -0.977691
vn 0.085622 0.104709 -0.990810
vn -0.005434 0.148685 -0.988870
vn 0.011402 0.042159 -0.999046
vn -0.023564 -0.036772 -0.999046
vn -0.023564 -0.036772 -0.999046
vn 0.011402 0.042159 -0.999046
vn 0.040663 0.074026 -0.996427
vn -0.027505 -0.079856 -0.996427
vn -0.027505 -0.079856 -0.996427
vn 0.040663 0.074026 -0.996427
vn -0.023564 -0.036772 -0.999046
vn -0.039422 -0.029981 -0.998773
vn -0.039422 -0.029981 -0.998773
vn -0.023564 -0.036772 -0.999046
vn -0.027505 -0.079856 -0.996427
vn -0.068718 -0.062710 -0.995663
vn -0.068718 -0.062710 -0.995663
vn -0.027505 -0.079856 -0.996427
vn -0.039422 -0.029981 -0.998773
vn -0.004283 0.049342 -0.998773
vn -0.004283 0.049342 -0.998773
vn -0.039422 -0.029981 -0.998773
vn -0.068718 -0.062710 -0.995663
vn 0.000273 0.093031 -0.995663
vn 0.000273 0.093031 -0.995663
vn -0.068718 -0.062710 -0.995663
vn -0.004283 0.049342 -0.998773
vn 0.011402 0.042159 -0.999046
vn 0.011402 0.042159 -0.999046
vn -0.004283 0.049342 -0.998773
vn 0.000273 0.093031 -0.995663
vn 0.040663 0.074026 -0.996427
vn 0.040663 0.074026 -0.996427
vn 0.000273 0.093031 -0.995663
vn 0.083129 -0.036826 0.995858
vn 0.083130 -0.036825 0.995858
vn 0.083130 -0.036825 0.995858
vn 0.083128 -0.036828 0.995858
vn 0.083130 -0.036823 0.995858
vn 0.083131 -0.036818 0.995858
vn 0.083129 -0.036825 0.995858
vn 0.083128 -0.036824 0.995858
vn 0.083129 -0.036825 0.995858
vn 0.083129 -0.036827 0.995858
vn 0.083130 -0.036825 0.995858
vn 0.083128 -0.036829 0.995858
vn 0.083130 -0.036824 0.995858
vn 0.083131 -0.036823 0.995858
vn 0.083129 -0.036825 0.995858
vn 0.083130 -0.036827 0.995858
vn 0.083129 -0.036826 0.995858
vn 0.083128 -0.036826 0.995858
vn 0.648412 -0.287236 -0.705023
vn 0.201775 -0.831192 -0.518080
vn 0.231763 -0.966052 0.114146
vn 0.884921 -0.392007 0.251487
vn -0.118167 -0.953694 -0.276595
vn -0.120692 -0.991253 0.053404
vn -0.269813 -0.952908 -0.138443
vn -0.272311 -0.961907 0.024134
vn -0.366839 -0.929390 -0.040783
vn -0.370188 -0.928955 0.001994
vn -0.447407 -0.893091 0.047065
vn -0.454522 -0.890522 -0.019489
vn -0.530608 -0.834929 0.146109
vn -0.547230 -0.835748 -0.045446
vn -0.634509 -0.717287 0.287918
vn -0.678116 -0.730107 -0.084270
vn -0.755181 -0.382334 0.532468
vn -0.901728 -0.410750 -0.134800
vn -0.648412 0.287236 0.705023
vn -0.910287 0.403242 -0.093670
vn -0.224246 0.816204 0.532471
vn -0.301667 0.943835 -0.134804
vn 0.104911 0.951892 0.287917
vn 0.085109 0.992802 -0.084266
vn 0.261855 0.953983 0.146108
vn 0.251293 0.966844 -0.045446
vn 0.360836 0.931441 0.047064
vn 0.354153 0.934984 -0.019489
vn 0.441854 0.896159 -0.040782
vn 0.439281 0.898347 0.001994
vn 0.524465 0.840101 -0.138442
vn 0.529451 0.847997 0.024135
vn 0.626938 0.728315 -0.276596
vn 0.653060 0.755421 0.053405
vn 0.751183 0.409046 -0.518079
vn 0.871213 0.477451 0.114144
vn 0.140929 -0.543897 0.827233
vn 0.338005 -0.149731 0.929157
vn -0.087260 -0.809773 0.580218
vn -0.250610 -0.912268 0.323977
vn -0.365028 -0.926991 0.086268
vn -0.448618 -0.882013 -0.144202
vn -0.506665 -0.772552 -0.382693
vn -0.528239 -0.567039 -0.632004
vn -0.488632 -0.229215 -0.841843
vn -0.381737 0.169103 -0.908670
vn -0.158554 0.515906 -0.841844
vn 0.065037 0.772228 -0.632008
vn 0.231746 0.894338 -0.382691
vn 0.351818 0.924895 -0.144198
vn 0.441294 0.893207 0.086266
vn 0.507268 0.798573 0.323975
vn 0.541113 0.608723 0.580218
vn 0.497519 0.261074 0.827233
vn 0.069163 -0.333502 0.940209
vn 0.182733 -0.080948 0.979825
vn -0.078037 -0.597791 0.797845
vn -0.231393 -0.810063 0.538754
vn -0.361871 -0.915959 0.173401
vn -0.434370 -0.870208 -0.232510
vn -0.433710 -0.688098 -0.581737
vn -0.376110 -0.432760 -0.819304
vn -0.290327 -0.160653 -0.943346
vn -0.198366 0.087872 -0.976181
vn -0.076089 0.322969 -0.943346
vn 0.067805 0.569336 -0.819304
vn 0.218214 0.783558 -0.581739
vn 0.352648 0.906410 -0.232506
vn 0.435245 0.883457 0.173397
vn 0.444485 0.715669 0.538750
vn 0.390310 0.459459 0.797844
vn 0.293474 0.172860 0.940209
vn 0.182733 -0.080948 0.979825
vn 0.069163 -0.333502 0.940209
vn 0.021714 -0.247213 0.968718
vn 0.110471 -0.048936 0.992674
vn -0.078037 -0.597791 0.797845
vn -0.091307 -0.476628 0.874350
vn -0.231393 -0.810063 0.538754
vn -0.228297 -0.719857 0.655505
vn -0.361871 -0.915959 0.173401
vn -0.363552 -0.899544 0.242178
vn -0.434370 -0.870208 -0.232510
vn -0.418365 -0.861968 -0.286324
vn -0.433710 -0.688098 -0.581737
vn -0.370348 -0.632608 -0.680183
vn -0.376110 -0.432760 -0.819304
vn -0.283329 -0.372171 -0.883863
vn -0.290327 -0.160653 -0.943346
vn -0.195592 -0.141983 -0.970353
vn -0.198366 0.087872 -0.976181
vn -0.115987 0.051381 -0.991921
vn -0.076089 0.322969 -0.943346
vn -0.026263 0.240262 -0.970353
vn 0.067805 0.569336 -0.819304
vn 0.085271 0.459909 -0.883862
vn 0.218214 0.783558 -0.581739
vn 0.219690 0.699348 -0.680183
vn 0.352648 0.906410 -0.232506
vn 0.357299 0.889020 -0.286324
vn 0.435245 0.883457 0.173397
vn 0.421957 0.873673 0.242174
vn 0.444485 0.715669 0.538750
vn 0.379755 0.652763 0.655505
vn 0.390310 0.459459 0.797844
vn 0.291656 0.387876 0.874351
vn 0.293474 0.172860 0.940209
vn 0.197684 0.150024 0.968718
vn -0.020107 -0.205422 0.978467
vn 0.060435 -0.026771 0.997813
vn -0.119997 -0.418148 0.900418
vn -0.244737 -0.667491 0.703250
vn -0.372208 -0.885640 0.277672
vn -0.403649 -0.860254 -0.311496
vn -0.323972 -0.613556 -0.720133
vn -0.223989 -0.357336 -0.906719
vn -0.135565 -0.145744 -0.979990
vn -0.060434 0.026772 -0.997813
vn 0.016856 0.198331 -0.979990
vn 0.114155 0.405993 -0.906719
vn 0.236739 0.652198 -0.720134
vn 0.365917 0.876969 -0.311496
vn 0.405844 0.870740 0.277672
vn 0.329924 0.629753 0.703250
vn 0.229067 0.369830 0.900419
vn 0.138632 0.152918 0.978467
vn -0.066622 -0.185837 0.980319
vn 0.014962 -0.006628 0.999866
vn -0.165046 -0.402547 0.900397
vn -0.281253 -0.656751 0.699696
vn -0.387665 -0.880692 0.272210
vn -0.390543 -0.865765 -0.312934
vn -0.292149 -0.629561 -0.719932
vn -0.182940 -0.377787 -0.907640
vn -0.088868 -0.167392 -0.981877
vn -0.010450 0.004629 -0.999935
vn 0.064265 0.178292 -0.981877
vn 0.156883 0.389331 -0.907639
vn 0.269975 0.639382 -0.719934
vn 0.378804 0.870965 -0.312934
vn 0.391794 0.878863 0.272210
vn 0.297435 0.649583 0.699695
vn 0.187243 0.392713 0.900398
vn 0.092873 0.174207 0.980320
vn -0.130576 -0.184892 0.974046
vn -0.037893 0.016787 0.999141
vn -0.235089 -0.428274 0.872534
vn -0.338484 -0.686430 0.643617
vn -0.406286 -0.884633 0.228814
vn -0.378916 -0.879614 -0.287578
vn -0.272470 -0.683044 -0.677651
vn -0.152695 -0.437851 -0.885986
vn -0.043994 -0.211587 -0.976368
vn 0.047795 -0.021173 -0.998633
vn 0.127149 0.174751 -0.976368
vn 0.221689 0.407288 -0.885985
vn 0.322809 0.660743 -0.677653
vn 0.396873 0.871658 -0.287583
vn 0.382200 0.895302 0.228818
vn 0.280960 0.711909 0.643620
vn 0.159234 0.461874 0.872535
vn 0.049202 0.220940 0.974046
vn -0.240443 -0.213938 0.946793
vn -0.119875 0.053103 0.991368
vn -0.348532 -0.509907 0.786461
vn -0.413852 -0.750575 0.515134
vn -0.422905 -0.892339 0.157741
vn -0.368928 -0.900951 -0.228428
vn -0.263318 -0.778090 -0.570298
vn -0.129257 -0.560908 -0.817725
vn 0.013239 -0.300079 -0.953823
vn 0.138096 -0.061175 -0.988528
vn 0.231143 0.191820 -0.953823
vn 0.328578 0.472614 -0.817724
vn 0.399353 0.717827 -0.570300
vn 0.419388 0.878597 -0.228433
vn 0.376741 0.912788 0.157745
vn 0.277828 0.810829 0.515138
vn 0.143473 0.600746 0.786460
vn -0.003106 0.321828 0.946793
vn -0.484566 -0.318682 0.814640
vn -0.318057 0.140895 0.937544
vn -0.521189 -0.659745 0.541385
vn -0.488692 -0.821846 0.292830
vn -0.433188 -0.897929 0.077921
vn -0.360387 -0.924126 -0.126936
vn -0.260537 -0.901410 -0.345805
vn -0.109991 -0.794905 -0.596681
vn 0.119814 -0.524746 -0.842785
vn 0.344010 -0.152392 -0.926517
vn 0.469148 0.263844 -0.842785
vn 0.514829 0.615567 -0.596681
vn 0.492556 0.798628 -0.345806
vn 0.442291 0.887843 -0.126938
vn 0.373972 0.924161 0.077923
vn 0.280329 0.914147 0.292832
vn 0.138438 0.829300 0.541384
vn -0.089558 0.573013 0.814638
vn -0.713788 -0.393673 0.579248
vn -0.592716 0.262565 0.761412
vn -0.616092 -0.720182 0.319011
vn -0.521343 -0.837979 0.161223
vn -0.441312 -0.896088 0.047635
vn -0.361179 -0.930875 -0.054967
vn -0.262388 -0.949854 -0.170086
vn -0.106349 -0.937367 -0.331713
vn 0.208904 -0.776919 -0.593933
vn 0.592714 -0.262565 -0.761413
vn 0.715777 0.367299 -0.593931
vn 0.622787 0.708591 -0.331714
vn 0.527193 0.832549 -0.170087
vn 0.446758 0.892965 -0.054968
vn 0.367150 0.928941 0.047636
vn 0.270339 0.949170 0.161223
vn 0.119432 0.940196 0.319009
vn -0.188033 0.793168 0.579248
vn 0.038728 -0.017157 0.999102
vn 0.038727 -0.017157 0.999103
vn 0.038728 -0.017156 0.999102
vn 0.038731 -0.017153 0.999102
vn 0.038729 -0.017156 0.999102
vn 0.038729 -0.017154 0.999102
vn 0.038728 -0.017156 0.999102
vn 0.038729 -0.017152 0.999103
vn 0.038728 -0.017156 0.999102
vn 0.038728 -0.017156 0.999102
vn 0.038728 -0.017156 0.999102
vn 0.038727 -0.017158 0.999103
vn 0.038728 -0.017156 0.999102
vn 0.038729 -0.017155 0.999102
vn 0.038728 -0.017156 0.999102
vn 0.038729 -0.017155 0.999102
vn 0.038728 -0.017156 0.999102
vn 0.038729 -0.017158 0.999102
vn 0.083129 -0.036826 0.995858
vn 0.083130 -0.036825 0.995858
vn 0.083130 -0.036825 0.995858
vn 0.083128 -0.036828 0.995858
vn 0.083130 -0.036823 0.995858
vn 0.083131 -0.036818 0.995858
vn 0.083129 -0.036825 0.995858
vn 0.083128 -0.036824 0.995858
vn 0.083129 -0.036825 0.995858
vn 0.083129 -0.036827 0.995858
vn 0.083130 -0.036825 0.995858
vn 0.083128 -0.036829 0.995858
vn 0.083130 -0.036824 0.995858
vn 0.083131 -0.036823 0.995858
vn 0.083129 -0.036825 0.995858
vn 0.083130 -0.036827 0.995858
vn 0.083129 -0.036826 0.995858
vn 0.083128 -0.036826 0.995858
vn 0.648412 -0.287236 -0.705023
vn 0.201775 -0.831192 -0.518079
vn 0.231762 -0.966052 0.114146
vn 0.884921 -0.392007 0.251486
vn -0.118167 -0.953694 -0.276596
vn -0.120691 -0.991253 0.053404
vn -0.269813 -0.952908 -0.138443
vn -0.272311 -0.961907 0.024134
vn -0.366839 -0.929390 -0.040782
vn -0.370188 -0.928955 0.001994
vn -0.447407 -0.893091 0.047064
vn -0.454521 -0.890523 -0.019489
vn -0.530608 -0.834929 0.146109
vn -0.547230 -0.835747 -0.045447
vn -0.634509 -0.717287 0.287918
vn -0.678116 -0.730107 -0.084270
vn -0.755181 -0.382333 0.532468
vn -0.901729 -0.410749 -0.134800
vn -0.648412 0.287237 0.705023
vn -0.910286 0.403243 -0.093671
vn -0.224246 0.816204 0.532470
vn -0.301666 0.943835 -0.134804
vn 0.104911 0.951892 0.287917
vn 0.085109 0.992802 -0.084266
vn 0.261855 0.953983 0.146108
vn 0.251293 0.966844 -0.045447
vn 0.360836 0.931441 0.047064
vn 0.354153 0.934984 -0.019489
vn 0.441854 0.896159 -0.040782
vn 0.439282 0.898347 0.001994
vn 0.524465 0.840101 -0.138443
vn 0.529451 0.847997 0.024135
vn 0.626938 0.728315 -0.276596
vn 0.653060 0.755421 0.053405
vn 0.751182 0.409046 -0.518079
vn 0.871213 0.477451 0.114144
vn 0.140928 -0.543898 0.827233
vn 0.338005 -0.149732 0.929157
vn -0.087260 -0.809773 0.580219
vn -0.250610 -0.912268 0.323977
vn -0.365029 -0.926991 0.086266
vn -0.448618 -0.882014 -0.144199
vn -0.506665 -0.772552 -0.382693
vn -0.528239 -0.567039 -0.632004
vn -0.488632 -0.229215 -0.841843
vn -0.381737 0.169104 -0.908670
vn -0.158553 0.515907 -0.841844
vn 0.065037 0.772228 -0.632008
vn 0.231746 0.894338 -0.382691
vn 0.351818 0.924895 -0.144200
vn 0.441294 0.893206 0.086267
vn 0.507269 0.798572 0.323977
vn 0.541113 0.608723 0.580218
vn 0.497519 0.261074 0.827233
vn 0.069163 -0.333503 0.940209
vn 0.182733 -0.080948 0.979825
vn -0.078037 -0.597791 0.797845
vn -0.231393 -0.810063 0.538754
vn -0.361871 -0.915960 0.173399
vn -0.434370 -0.870209 -0.232507
vn -0.433709 -0.688097 -0.581737
vn -0.376110 -0.432760 -0.819304
vn -0.290327 -0.160653 -0.943346
vn -0.198366 0.087873 -0.976181
vn -0.076089 0.322969 -0.943346
vn 0.067805 0.569337 -0.819303
vn 0.218214 0.783558 -0.581738
vn 0.352648 0.906410 -0.232508
vn 0.435245 0.883456 0.173398
vn 0.444484 0.715667 0.538752
vn 0.390310 0.459459 0.797844
vn 0.293474 0.172860 0.940209
vn 0.182733 -0.080948 0.979825
vn 0.069163 -0.333503 0.940209
vn 0.021713 -0.247214 0.968718
vn 0.110471 -0.048936 0.992674
vn -0.078037 -0.597791 0.797845
vn -0.091307 -0.476628 0.874350
vn -0.231393 -0.810063 0.538754
vn -0.228296 -0.719855 0.655507
vn -0.361871 -0.915960 0.173399
vn -0.363553 -0.899545 0.242174
vn -0.434370 -0.870209 -0.232507
vn -0.418365 -0.861968 -0.286324
vn -0.433709 -0.688097 -0.581737
vn -0.370348 -0.632608 -0.680183
vn -0.376110 -0.432760 -0.819304
vn -0.283329 -0.372171 -0.883863
vn -0.290327 -0.160653 -0.943346
vn -0.195592 -0.141982 -0.970353
vn -0.198366 0.087873 -0.976181
vn -0.115987 0.051381 -0.991921
vn -0.076089 0.322969 -0.943346
vn -0.026263 0.240262 -0.970353
vn 0.067805 0.569337 -0.819303
vn 0.085271 0.459908 -0.883863
vn 0.218214 0.783558 -0.581738
vn 0.219690 0.699347 -0.680184
vn 0.352648 0.906410 -0.232508
vn 0.357298 0.889019 -0.286326
vn 0.435245 0.883456 0.173398
vn 0.421957 0.873673 0.242174
vn 0.444484 0.715667 0.538752
vn 0.379755 0.652762 0.655506
vn 0.390310 0.459459 0.797844
vn 0.291656 0.387875 0.874351
vn 0.293474 0.172860 0.940209
vn 0.197684 0.150024 0.968718
vn -0.020107 -0.205422 0.978467
vn 0.060435 -0.026771 0.997813
vn -0.119996 -0.418148 0.900419
vn -0.244736 -0.667489 0.703251
vn -0.372208 -0.885640 0.277674
vn -0.403649 -0.860254 -0.311497
vn -0.323972 -0.613555 -0.720134
vn -0.223989 -0.357336 -0.906719
vn -0.135565 -0.145743 -0.979990
vn -0.060434 0.026772 -0.997813
vn 0.016855 0.198331 -0.979990
vn 0.114155 0.405992 -0.906719
vn 0.236739 0.652197 -0.720135
vn 0.365916 0.876969 -0.311498
vn 0.405844 0.870740 0.277672
vn 0.329924 0.629752 0.703252
vn 0.229067 0.369830 0.900419
vn 0.138632 0.152918 0.978467
vn -0.066622 -0.185837 0.980319
vn 0.014962 -0.006628 0.999866
vn -0.165046 -0.402546 0.900398
vn -0.281252 -0.656750 0.699698
vn -0.387664 -0.880691 0.272211
vn -0.390543 -0.865764 -0.312937
vn -0.292148 -0.629559 -0.719934
vn -0.182939 -0.377787 -0.907640
vn -0.088868 -0.167392 -0.981877
vn -0.010449 0.004630 -0.999935
vn 0.064265 0.178292 -0.981877
vn 0.156882 0.389329 -0.907640
vn 0.269975 0.639381 -0.719935
vn 0.378804 0.870965 -0.312934
vn 0.391794 0.878863 0.272209
vn 0.297435 0.649582 0.699697
vn 0.187242 0.392712 0.900398
vn 0.092873 0.174208 0.980319
vn -0.130576 -0.184893 0.974045
vn -0.037893 0.016787 0.999141
vn -0.235088 -0.428273 0.872534
vn -0.338484 -0.686428 0.643619
vn -0.406286 -0.884633 0.228817
vn -0.378916 -0.879614 -0.287580
vn -0.272469 -0.683042 -0.677653
vn -0.152695 -0.437851 -0.885986
vn -0.043994 -0.211586 -0.976369
vn 0.047796 -0.021172 -0.998633
vn 0.127149 0.174751 -0.976368
vn 0.221689 0.407287 -0.885986
vn 0.322809 0.660743 -0.677653
vn 0.396874 0.871659 -0.287579
vn 0.382201 0.895302 0.228815
vn 0.280961 0.711910 0.643619
vn 0.159234 0.461874 0.872535
vn 0.049203 0.220940 0.974045
vn -0.240443 -0.213939 0.946793
vn -0.119875 0.053103 0.991368
vn -0.348532 -0.509907 0.786461
vn -0.413852 -0.750574 0.515136
vn -0.422905 -0.892339 0.157742
vn -0.368927 -0.900951 -0.228429
vn -0.263317 -0.778088 -0.570300
vn -0.129257 -0.560908 -0.817725
vn 0.013239 -0.300078 -0.953823
vn 0.138096 -0.061175 -0.988528
vn 0.231143 0.191820 -0.953823
vn 0.328578 0.472613 -0.817725
vn 0.399353 0.717827 -0.570300
vn 0.419388 0.878597 -0.228430
vn 0.376742 0.912788 0.157743
vn 0.277828 0.810830 0.515137
vn 0.143472 0.600746 0.786461
vn -0.003106 0.321828 0.946793
vn -0.484566 -0.318683 0.814639
vn -0.318057 0.140895 0.937544
vn -0.521189 -0.659745 0.541386
vn -0.488692 -0.821846 0.292831
vn -0.433188 -0.897929 0.077921
vn -0.360387 -0.924126 -0.126936
vn -0.260537 -0.901409 -0.345806
vn -0.109991 -0.794905 -0.596681
vn 0.119814 -0.524745 -0.842785
vn 0.344010 -0.152392 -0.926517
vn 0.469149 0.263844 -0.842785
vn 0.514829 0.615567 -0.596682
vn 0.492556 0.798628 -0.345806
vn 0.442290 0.887844 -0.126936
vn 0.373972 0.924161 0.077922
vn 0.280329 0.914147 0.292831
vn 0.138438 0.829300 0.541384
vn -0.089558 0.573013 0.814638
vn -0.713788 -0.393674 0.579247
vn -0.592716 0.262565 0.761412
vn -0.616092 -0.720182 0.319011
vn -0.521343 -0.837979 0.161223
vn -0.441313 -0.896088 0.047635
vn -0.361179 -0.930875 -0.054968
vn -0.262387 -0.949854 -0.170087
vn -0.106349 -0.937366 -0.331714
vn 0.208903 -0.776919 -0.593933
vn 0.592714 -0.262565 -0.761413
vn 0.715777 0.367300 -0.593931
vn 0.622787 0.708591 -0.331714
vn 0.527193 0.832549 -0.170087
vn 0.446757 0.892965 -0.054967
vn 0.367150 0.928941 0.047635
vn 0.270339 0.949170 0.161222
vn 0.119433 0.940196 0.319009
vn -0.188033 0.793168 0.579248
vn 0.038728 -0.017157 0.999102
vn 0.038727 -0.017157 0.999103
vn 0.038728 -0.017156 0.999102
vn 0.038731 -0.017153 0.999102
vn 0.038729 -0.017156 0.999102
vn 0.038729 -0.017154 0.999102
vn 0.038728 -0.017156 0.999102
vn 0.038729 -0.017152 0.999103
vn 0.038728 -0.017156 0.999102
vn 0.038728 -0.017156 0.999102
vn 0.038728 -0.017156 0.999102
vn 0.038727 -0.017158 0.999103
vn 0.038728 -0.017156 0.999102
vn 0.038729 -0.017155 0.999102
vn 0.038728 -0.017156 0.999102
vn 0.038729 -0.017155 0.999102
vn 0.038728 -0.017156 0.999102
vn 0.038729 -0.017158 0.999102
vn 0.405025 0.914306 0.000000
vn 0.405025 0.914306 0.000000
vn 0.405025 0.914306 0.000000
vn 0.405025 0.914306 0.000000
vn 0.405025 0.914306 0.000000
vn 0.405025 0.914306 0.000000
vn 0.405025 0.914306 0.000000
vn 0.405025 0.914306 0.000000
vn 0.405025 0.914306 0.000000
vn 0.405025 0.914306 0.000000
vn 0.035554 -0.015750 -0.999244
vn 0.073667 -0.032634 -0.996749
vn 0.073668 -0.032634 -0.996749
vn 0.035554 -0.015750 -0.999244
vn 0.073667 -0.032634 -0.996749
vn 0.167569 -0.074231 -0.983062
vn 0.167569 -0.074231 -0.983062
vn 0.073668 -0.032634 -0.996749
vn 0.167569 -0.074231 -0.983062
vn 0.328524 -0.145532 -0.933216
vn 0.328524 -0.145532 -0.933216
vn 0.167569 -0.074231 -0.983062
vn 0.328524 -0.145532 -0.933216
vn 0.716427 -0.317367 -0.621297
vn 0.716427 -0.317368 -0.621297
vn 0.328524 -0.145532 -0.933216
vn 0.716427 -0.317367 -0.621297
vn 0.716427 -0.317369 0.621296
vn 0.716430 -0.317369 0.621293
vn 0.716427 -0.317368 -0.621297
vn 0.716427 -0.317369 0.621296
vn 0.328525 -0.145532 0.933216
vn 0.328525 -0.145532 0.933216
vn 0.716430 -0.317369 0.621293
vn 0.328525 -0.145532 0.933216
vn 0.167569 -0.074231 0.983062
vn 0.167569 -0.074231 0.983062
vn 0.328525 -0.145532 0.933216
vn 0.167569 -0.074231 0.983062
vn 0.073668 -0.032634 0.996749
vn 0.073668 -0.032634 0.996749
vn 0.167569 -0.074231 0.983062
vn 0.073668 -0.032634 0.996749
vn 0.035554 -0.015750 0.999244
vn 0.035554 -0.015750 0.999244
vn 0.073668 -0.032634 0.996749
vn 0.035554 -0.015750 -0.999244
vn 0.073668 -0.032634 -0.996749
vn 0.073668 -0.032634 -0.996749
vn 0.035554 -0.015750 -0.999244
vn 0.073668 -0.032634 -0.996749
vn 0.167569 -0.074231 -0.983062
vn 0.167569 -0.074231 -0.983062
vn 0.073668 -0.032634 -0.996749
vn 0.167569 -0.074231 -0.983062
vn 0.328524 -0.145532 -0.933216
vn 0.328524 -0.145532 -0.933216
vn 0.167569 -0.074231 -0.983062
vn 0.328524 -0.145532 -0.933216
vn 0.716427 -0.317368 -0.621297
vn 0.716428 -0.317368 -0.621296
vn 0.328524 -0.145532 -0.933216
vn 0.716427 -0.317368 -0.621297
vn 0.716430 -0.317369 0.621293
vn 0.716429 -0.317368 0.621294
vn 0.716428 -0.317368 -0.621296
vn 0.716430 -0.317369 0.621293
vn 0.328525 -0.145532 0.933216
vn 0.328525 -0.145532 0.933216
vn 0.716429 -0.317368 0.621294
vn 0.328525 -0.145532 0.933216
vn 0.167569 -0.074231 0.983062
vn 0.167569 -0.074231 0.983062
vn 0.328525 -0.145532 0.933216
vn 0.167569 -0.074231 0.983062
vn 0.073668 -0.032634 0.996749
vn 0.073668 -0.032634 0.996749
vn 0.167569 -0.074231 0.983062
vn 0.073668 -0.032634 0.996749
vn 0.035554 -0.015750 0.999244
vn 0.035554 -0.015750 0.999244
vn 0.073668 -0.032634 0.996749
vn 0.035554 -0.015750 -0.999244
vn 0.073668 -0.032634 -0.996749
vn 0.073668 -0.032634 -0.996749
vn 0.035554 -0.015750 -0.999244
vn 0.073668 -0.032634 -0.996749
vn 0.167569 -0.074231 -0.983062
vn 0.167569 -0.074231 -0.983062
vn 0.073668 -0.032634 -0.996749
vn 0.167569 -0.074231 -0.983062
vn 0.328524 -0.145532 -0.933216
vn 0.328524 -0.145532 -0.933216
vn 0.167569 -0.074231 -0.983062
vn 0.328524 -0.145532 -0.933216
vn 0.716428 -0.317368 -0.621296
vn 0.716427 -0.317368 -0.621297
vn 0.328524 -0.145532 -0.933216
vn 0.716428 -0.317368 -0.621296
vn 0.716429 -0.317368 0.621294
vn 0.716429 -0.317368 0.621294
vn 0.716427 -0.317368 -0.621297
vn 0.716429 -0.317368 0.621294
vn 0.328525 -0.145532 0.933216
vn 0.328525 -0.145532 0.933216
vn 0.716429 -0.317368 0.621294
vn 0.328525 -0.145532 0.933216
vn 0.167569 -0.074231 0.983062
vn 0.167569 -0.074231 0.983062
vn 0.328525 -0.145532 0.933216
vn 0.167569 -0.074231 0.983062
vn 0.073668 -0.032634 0.996749
vn 0.073668 -0.032634 0.996749
vn 0.167569 -0.074231 0.983062
vn 0.073668 -0.032634 0.996749
vn 0.035554 -0.015750 0.999244
vn 0.035554 -0.015750 0.999244
vn 0.073668 -0.032634 0.996749
vn 0.035554 -0.015750 -0.999244
vn 0.073668 -0.032634 -0.996749
vn 0.073668 -0.032634 -0.996749
vn 0.035554 -0.015750 -0.999244
vn 0.073668 -0.032634 -0.996749
vn 0.167569 -0.074231 -0.983062
vn 0.167569 -0.074231 -0.983062
vn 0.073668 -0.032634 -0.996749
vn 0.167569 -0.074231 -0.983062
vn 0.328524 -0.145532 -0.933216
vn 0.328524 -0.145532 -0.933216
vn 0.167569 -0.074231 -0.983062
vn 0.328524 -0.145532 -0.933216
vn 0.716427 -0.317368 -0.621297
vn 0.716428 -0.317368 -0.621296
vn 0.328524 -0.145532 -0.933216
vn 0.716427 -0.317368 -0.621297
vn 0.716429 -0.317368 0.621294
vn 0.716429 -0.317368 0.621294
vn 0.716428 -0.317368 -0.621296
vn 0.716429 -0.317368 0.621294
vn 0.328525 -0.145532 0.933216
vn 0.328525 -0.145532 0.933216
vn 0.716429 -0.317368 0.621294
vn 0.328525 -0.145532 0.933216
vn 0.167569 -0.074231 0.983062
vn 0.167569 -0.074231 0.983062
vn 0.328525 -0.145532 0.933216
vn 0.167569 -0.074231 0.983062
vn 0.073668 -0.032634 0.996749
vn 0.073668 -0.032634 0.996749
vn 0.167569 -0.074231 0.983062
vn 0.073668 -0.032634 0.996749
vn 0.035554 -0.015750 0.999244
vn 0.035554 -0.015750 0.999244
vn 0.073668 -0.032634 0.996749
vn 0.035554 -0.015750 -0.999244
vn 0.073668 -0.032634 -0.996749
vn 0.073668 -0.032634 -0.996749
vn 0.035554 -0.015750 -0.999244
vn 0.073668 -0.032634 -0.996749
vn 0.167569 -0.074231 -0.983062
vn 0.167569 -0.074231 -0.983062
vn 0.073668 -0.032634 -0.996749
vn 0.167569 -0.074231 -0.983062
vn 0.328524 -0.145532 -0.933216
vn 0.328524 -0.145532 -0.933216
vn 0.167569 -0.074231 -0.983062
vn 0.328524 -0.145532 -0.933216
vn 0.716428 -0.317368 -0.621296
vn 0.716428 -0.317368 -0.621297
vn 0.328524 -0.145532 -0.933216
vn 0.716428 -0.317368 -0.621296
vn 0.716429 -0.317368 0.621294
vn 0.716429 -0.317368 0.621294
vn 0.716428 -0.317368 -0.621297
vn 0.716429 -0.317368 0.621294
vn 0.328525 -0.145532 0.933216
vn 0.328525 -0.145532 0.933216
vn 0.716429 -0.317368 0.621294
vn 0.328525 -0.145532 0.933216
vn 0.167569 -0.074231 0.983062
vn 0.167569 -0.074231 0.983062
vn 0.328525 -0.145532 0.933216
vn 0.167569 -0.074231 0.983062
vn 0.073668 -0.032634 0.996749
vn 0.073668 -0.032634 0.996749
vn 0.167569 -0.074231 0.983062
vn 0.073668 -0.032634 0.996749
vn 0.035554 -0.015750 0.999244
vn 0.035554 -0.015750 0.999244
vn 0.073668 -0.032634 0.996749
vn 0.035554 -0.015750 -0.999244
vn 0.073668 -0.032634 -0.996749
vn 0.073668 -0.032634 -0.996749
vn 0.035554 -0.015750 -0.999244
vn 0.073668 -0.032634 -0.996749
vn 0.167569 -0.074231 -0.983062
vn 0.167569 -0.074231 -0.983062
vn 0.073668 -0.032634 -0.996749
vn 0.167569 -0.074231 -0.983062
vn 0.328524 -0.145532 -0.933216
vn 0.328524 -0.145532 -0.933216
vn 0.167569 -0.074231 -0.983062
vn 0.328524 -0.145532 -0.933216
vn 0.716428 -0.317368 -0.621297
vn 0.716427 -0.317368 -0.621297
vn 0.328524 -0.145532 -0.933216
vn 0.716428 -0.317368 -0.621297
vn 0.716429 -0.317368 0.621294
vn 0.716429 -0.317368 0.621294
vn 0.716427 -0.317368 -0.621297
vn 0.716429 -0.317368 0.621294
vn 0.328525 -0.145532 0.933216
vn 0.328525 -0.145532 0.933216
vn 0.716429 -0.317368 0.621294
vn 0.328525 -0.145532 0.933216
vn 0.167569 -0.074231 0.983062
vn 0.167569 -0.074231 0.983062
vn 0.328525 -0.145532 0.933216
vn 0.167569 -0.074231 0.983062
vn 0.073668 -0.032634 0.996749
vn 0.073668 -0.032634 0.996749
vn 0.167569 -0.074231 0.983062
vn 0.073668 -0.032634 0.996749
vn 0.035554 -0.015750 0.999244
vn 0.035554 -0.015750 0.999244
vn 0.073668 -0.032634 0.996749
vn 0.035554 -0.015750 -0.999244
vn 0.073668 -0.032634 -0.996749
vn 0.073668 -0.032634 -0.996749
vn 0.035554 -0.015750 -0.999244
vn 0.073668 -0.032634 -0.996749
vn 0.167569 -0.074231 -0.983062
vn 0.167569 -0.074231 -0.983062
vn 0.073668 -0.032634 -0.996749
vn 0.167569 -0.074231 -0.983062
vn 0.328524 -0.145532 -0.933216
vn 0.328524 -0.145532 -0.933216
vn 0.167569 -0.074231 -0.983062
vn 0.328524 -0.145532 -0.933216
vn 0.716427 -0.317368 -0.621297
vn 0.716428 -0.317368 -0.621296
vn 0.328524 -0.145532 -0.933216
vn 0.716427 -0.317368 -0.621297
vn 0.716429 -0.317368 0.621294
vn 0.716429 -0.317368 0.621294
vn 0.716428 -0.317368 -0.621296
vn 0.716429 -0.317368 0.621294
vn 0.328525 -0.145532 0.933216
vn 0.328525 -0.145532 0.933216
vn 0.716429 -0.317368 0.621294
vn 0.328525 -0.145532 0.933216
vn 0.167569 -0.074231 0.983062
vn 0.167569 -0.074231 0.983062
vn 0.328525 -0.145532 0.933216
vn 0.167569 -0.074231 0.983062
vn 0.073668 -0.032634 0.996749
vn 0.073668 -0.032634 0.996749
vn 0.167569 -0.074231 0.983062
vn 0.073668 -0.032634 0.996749
vn 0.035554 -0.015750 0.999244
vn 0.035554 -0.015750 0.999244
vn 0.073668 -0.032634 0.996749
vn 0.035554 -0.015750 -0.999244
vn 0.073668 -0.032634 -0.996749
vn 0.073668 -0.032634 -0.996749
vn 0.035554 -0.015750 -0.999244
vn 0.073668 -0.032634 -0.996749
vn 0.167569 -0.074231 -0.983062
vn 0.167569 -0.074231 -0.983062
vn 0.073668 -0.032634 -0.996749
vn 0.167569 -0.074231 -0.983062
vn 0.328524 -0.145532 -0.933216
vn 0.328524 -0.145532 -0.933216
vn 0.167569 -0.074231 -0.983062
vn 0.328524 -0.145532 -0.933216
vn 0.716428 -0.317368 -0.621296
vn 0.716427 -0.317368 -0.621297
vn 0.328524 -0.145532 -0.933216
vn 0.716428 -0.317368 -0.621296
vn 0.716429 -0.317368 0.621294
vn 0.716429 -0.317368 0.621294
vn 0.716427 -0.317368 -0.621297
vn 0.716429 -0.317368 0.621294
vn 0.328525 -0.145532 0.933216
vn 0.328525 -0.145532 0.933216
vn 0.716429 -0.317368 0.621294
vn 0.328525 -0.145532 0.933216
vn 0.167569 -0.074231 0.983062
vn 0.167569 -0.074231 0.983062
vn 0.328525 -0.145532 0.933216
vn 0.167569 -0.074231 0.983062
vn 0.073668 -0.032634 0.996749
vn 0.073668 -0.032634 0.996749
vn 0.167569 -0.074231 0.983062
vn 0.073668 -0.032634 0.996749
vn 0.035554 -0.015750 0.999244
vn 0.035554 -0.015750 0.999244
vn 0.073668 -0.032634 0.996749
vn 0.035554 -0.015750 -0.999244
vn 0.073668 -0.032634 -0.996749
vn 0.073668 -0.032634 -0.996749
vn 0.035554 -0.015750 -0.999244
vn 0.073668 -0.032634 -0.996749
vn 0.167569 -0.074231 -0.983062
vn 0.167569 -0.074231 -0.983062
vn 0.073668 -0.032634 -0.996749
vn 0.167569 -0.074231 -0.983062
vn 0.328524 -0.145532 -0.933216
vn 0.328524 -0.145532 -0.933216
vn 0.167569 -0.074231 -0.983062
vn 0.328524 -0.145532 -0.933216
vn 0.716427 -0.317368 -0.621297
vn 0.716428 -0.317368 -0.621296
vn 0.328524 -0.145532 -0.933216
vn 0.716427 -0.317368 -0.621297
vn 0.716429 -0.317368 0.621294
vn 0.716429 -0.317368 0.621294
vn 0.716428 -0.317368 -0.621296
vn 0.716429 -0.317368 0.621294
vn 0.328525 -0.145532 0.933216
vn 0.328525 -0.145532 0.933216
vn 0.716429 -0.317368 0.621294
vn 0.328525 -0.145532 0.933216
vn 0.167569 -0.074231 0.983062
vn 0.167569 -0.074231 0.983062
vn 0.328525 -0.145532 0.933216
vn 0.167569 -0.074231 0.983062
vn 0.073668 -0.032634 0.996749
vn 0.073668 -0.032634 0.996749
vn 0.167569 -0.074231 0.983062
vn 0.073668 -0.032634 0.996749
vn 0.035554 -0.015750 0.999244
vn 0.035554 -0.015750 0.999244
vn 0.073668 -0.032634 0.996749
vn 0.035554 -0.015750 -0.999244
vn 0.073668 -0.032634 -0.996749
vn 0.073668 -0.032634 -0.996749
vn 0.035554 -0.015750 -0.999244
vn 0.073668 -0.032634 -0.996749
vn 0.167569 -0.074231 -0.983062
vn 0.167569 -0.074231 -0.983062
vn 0.073668 -0.032634 -0.996749
vn 0.167569 -0.074231 -0.983062
vn 0.328524 -0.145532 -0.933216
vn 0.328524 -0.145532 -0.933216
vn 0.167569 -0.074231 -0.983062
vn 0.328524 -0.145532 -0.933216
vn 0.716428 -0.317368 -0.621296
vn 0.716428 -0.317368 -0.621296
vn 0.328524 -0.145532 -0.933216
vn 0.716428 -0.317368 -0.621296
vn 0.716429 -0.317368 0.621294
vn 0.716429 -0.317368 0.621294
vn 0.716428 -0.317368 -0.621296
vn 0.716429 -0.317368 0.621294
vn 0.328525 -0.145532 0.933216
vn 0.328525 -0.145532 0.933216
vn 0.716429 -0.317368 0.621294
vn 0.328525 -0.145532 0.933216
vn 0.167569 -0.074231 0.983062
vn 0.167569 -0.074231 0.983062
vn 0.328525 -0.145532 0.933216
vn 0.167569 -0.074231 0.983062
vn 0.073668 -0.032634 0.996749
vn 0.073668 -0.032634 0.996749
vn 0.167569 -0.074231 0.983062
vn 0.073668 -0.032634 0.996749
vn 0.035554 -0.015750 0.999244
vn 0.035554 -0.015750 0.999244
vn 0.073668 -0.032634 0.996749
vn -0.405025 -0.914306 -0.000000
vn -0.405025 -0.914306 -0.000000
vn -0.405025 -0.914306 -0.000000
vn -0.405025 -0.914306 -0.000000
vn -0.405025 -0.914306 -0.000000
vn -0.405025 -0.914306 -0.000000
vn -0.405025 -0.914306 -0.000000
vn -0.405025 -0.914306 -0.000000
vn -0.405025 -0.914306 -0.000000
vn -0.405025 -0.914306 -0.000000
vn -0.914306 0.405025 -0.000000
vn -0.914306 0.405025 -0.000000
vn -0.914306 0.405025 -0.000000
vn -0.914306 0.405025 -0.000000
vn -0.914306 0.405025 -0.000000
vn -0.914306 0.405025 -0.000000
vn -0.914306 0.405025 -0.000000
vn -0.914306 0.405025 -0.000000
vn -0.914306 0.405025 -0.000000
vn -0.914306 0.405025 -0.000000
vn -0.914306 0.405025 -0.000000
vn -0.914306 0.405025 -0.000000
vn -0.914306 0.405025 -0.000000
vn -0.914306 0.405025 -0.000000
vn 0.405025 0.914306 0.000000
vn 0.405025 0.914306 0.000000
vn 0.405025 0.914306 0.000000
vn 0.405025 0.914306 0.000000
vn 0.000000 -0.000000 -1.000000
vn 0.000000 -0.000000 -1.000000
vn 0.000000 -0.000000 -1.000000
vn 0.000000 -0.000000 -1.000000
vn 0.000000 -0.000000 -1.000000
vn 0.000000 -0.000000 -1.000000
vn 0.000000 -0.000000 -1.000000
vn 0.000000 -0.000000 -1.000000
vn 0.000000 -0.000000 -1.000000
vn 0.000000 -0.000000 -1.000000
vn 0.000000 -0.000000 -1.000000
vn 0.000000 -0.000000 -1.000000
vn 0.000000 -0.000000 -1.000000
vn 0.000000 -0.000000 -1.000000
vn 0.000000 -0.000000 -1.000000
vn 0.000000 -0.000000 -1.000000
vn 0.000000 -0.000000 -1.000000
vn 0.000000 -0.000000 -1.000000
vn 0.000000 -0.000000 -1.000000
vn 0.000000 -0.000000 -1.000000
vn 0.000000 -0.000000 -1.000000
vn 0.000000 -0.000000 -1.000000
vn 0.000000 -0.000000 -1.000000
vn 0.000000 -0.000000 -1.000000
vn 0.000000 -0.000000 -1.000000
vn 0.000000 -0.000000 -1.000000
vn 0.000000 -0.000000 -1.000000
vn 0.000000 -0.000000 -1.000000
vn 0.000000 -0.000000 -1.000000
vn 0.000000 -0.000000 -1.000000
vn 0.000000 -0.000000 -1.000000
vn 0.000000 -0.000000 -1.000000
vn 0.000000 -0.000000 -1.000000
vn 0.000000 -0.000000 -1.000000
vn 0.000000 -0.000000 -1.000000
vn 0.000000 -0.000000 -1.000000
vn 0.000000 -0.000000 -1.000000
vn 0.000000 -0.000000 -1.000000
vn 0.000000 -0.000000 -1.000000
vn 0.000000 -0.000000 -1.000000
vn -0.405025 -0.914306 -0.000000
vn -0.405025 -0.914306 -0.000000
vn -0.405025 -0.914306 -0.000000
vn -0.405025 -0.914306 -0.000000
vn -0.000000 0.000000 1.000000
vn -0.000000 0.000000 1.000000
vn -0.000000 0.000000 1.000000
vn -0.000000 0.000000 1.000000
vn -0.000000 0.000000 1.000000
vn -0.000000 0.000000 1.000000
vn -0.000000 0.000000 1.000000
vn -0.000000 0.000000 1.000000
vn -0.000000 0.000000 1.000000
vn -0.000000 0.000000 1.000000
vn -0.000000 0.000000 1.000000
vn -0.000000 0.000000 1.000000
vn -0.000000 0.000000 1.000000
vn -0.000000 0.000000 1.000000
vn -0.000000 0.000000 1.000000
vn -0.000000 0.000000 1.000000
vn -0.000000 0.000000 1.000000
vn -0.000000 0.000000 1.000000
vn -0.000000 0.000000 1.000000
vn -0.000000 0.000000 1.000000
vn -0.000000 0.000000 1.000000
vn -0.000000 0.000000 1.000000
vn -0.000000 0.000000 1.000000
vn -0.000000 0.000000 1.000000
vn -0.000000 0.000000 1.000000
vn -0.000000 0.000000 1.000000
vn -0.000000 0.000000 1.000000
vn -0.000000 0.000000 1.000000
vn -0.000000 0.000000 1.000000
vn -0.000000 0.000000 1.000000
vn -0.000000 0.000000 1.000000
vn -0.000000 0.000000 1.000000
vn -0.000000 0.000000 1.000000
vn -0.000000 0.000000 1.000000
vn -0.000000 0.000000 1.000000
vn -0.000000 0.000000 1.000000
vn -0.000000 0.000000 1.000000
vn -0.000000 0.000000 1.000000
vn -0.000000 0.000000 1.000000
vn -0.000000 0.000000 1.000000
vn 0.405025 0.914306 0.000000
vn 0.405025 0.914306 0.000000
vn 0.405025 0.914306 0.000000
vn 0.405025 0.914306 0.000000
vn 0.405025 0.914306 0.000000
vn 0.405025 0.914306 0.000000
vn 0.405025 0.914306 0.000000
vn 0.405025 0.914306 0.000000
vn 0.405025 0.914306 0.000000
vn 0.405025 0.914306 0.000000
vn 0.035554 -0.015750 -0.999244
vn 0.073667 -0.032634 -0.996749
vn 0.073668 -0.032634 -0.996749
vn 0.035554 -0.015750 -0.999244
vn 0.073667 -0.032634 -0.996749
vn 0.167569 -0.074231 -0.983062
vn 0.167569 -0.074231 -0.983062
vn 0.073668 -0.032634 -0.996749
vn 0.167569 -0.074231 -0.983062
vn 0.328524 -0.145532 -0.933216
vn 0.328524 -0.145532 -0.933216
vn 0.167569 -0.074231 -0.983062
vn 0.328524 -0.145532 -0.933216
vn 0.716427 -0.317367 -0.621297
vn 0.716428 -0.317368 -0.621297
vn 0.328524 -0.145532 -0.933216
vn 0.716427 -0.317367 -0.621297
vn 0.716429 -0.317368 0.621294
vn 0.716429 -0.317368 0.621294
vn 0.716428 -0.317368 -0.621297
vn 0.716429 -0.317368 0.621294
vn 0.328525 -0.145532 0.933216
vn 0.328525 -0.145532 0.933216
vn 0.716429 -0.317368 0.621294
vn 0.328525 -0.145532 0.933216
vn 0.167569 -0.074231 0.983062
vn 0.167569 -0.074231 0.983062
vn 0.328525 -0.145532 0.933216
vn 0.167569 -0.074231 0.983062
vn 0.073668 -0.032634 0.996749
vn 0.073668 -0.032634 0.996749
vn 0.167569 -0.074231 0.983062
vn 0.073668 -0.032634 0.996749
vn 0.035554 -0.015750 0.999244
vn 0.035554 -0.015750 0.999244
vn 0.073668 -0.032634 0.996749
vn 0.035554 -0.015750 -0.999244
vn 0.073668 -0.032634 -0.996749
vn 0.073668 -0.032634 -0.996749
vn 0.035554 -0.015750 -0.999244
vn 0.073668 -0.032634 -0.996749
vn 0.167569 -0.074231 -0.983062
vn 0.167569 -0.074231 -0.983062
vn 0.073668 -0.032634 -0.996749
vn 0.167569 -0.074231 -0.983062
vn 0.328524 -0.145532 -0.933216
vn 0.328524 -0.145532 -0.933216
vn 0.167569 -0.074231 -0.983062
vn 0.328524 -0.145532 -0.933216
vn 0.716428 -0.317368 -0.621297
vn 0.716428 -0.317368 -0.621297
vn 0.328524 -0.145532 -0.933216
vn 0.716428 -0.317368 -0.621297
vn 0.716429 -0.317368 0.621294
vn 0.716429 -0.317368 0.621294
vn 0.716428 -0.317368 -0.621297
vn 0.716429 -0.317368 0.621294
vn 0.328525 -0.145532 0.933216
vn 0.328525 -0.145532 0.933216
vn 0.716429 -0.317368 0.621294
vn 0.328525 -0.145532 0.933216
vn 0.167569 -0.074231 0.983062
vn 0.167569 -0.074231 0.983062
vn 0.328525 -0.145532 0.933216
vn 0.167569 -0.074231 0.983062
vn 0.073668 -0.032634 0.996749
vn 0.073668 -0.032634 0.996749
vn 0.167569 -0.074231 0.983062
vn 0.073668 -0.032634 0.996749
vn 0.035554 -0.015750 0.999244
vn 0.035554 -0.015750 0.999244
vn 0.073668 -0.032634 0.996749
vn 0.035554 -0.015750 -0.999244
vn 0.073668 -0.032634 -0.996749
vn 0.073668 -0.032634 -0.996749
vn 0.035554 -0.015750 -0.999244
vn 0.073668 -0.032634 -0.996749
vn 0.167569 -0.074231 -0.983062
vn 0.167569 -0.074231 -0.983062
vn 0.073668 -0.032634 -0.996749
vn 0.167569 -0.074231 -0.983062
vn 0.328524 -0.145532 -0.933216
vn 0.328524 -0.145532 -0.933216
vn 0.167569 -0.074231 -0.983062
vn 0.328524 -0.145532 -0.933216
vn 0.716428 -0.317368 -0.621297
vn 0.716428 -0.317368 -0.621297
vn 0.328524 -0.145532 -0.933216
vn 0.716428 -0.317368 -0.621297
vn 0.716429 -0.317368 0.621294
vn 0.716429 -0.317368 0.621294
vn 0.716428 -0.317368 -0.621297
vn 0.716429 -0.317368 0.621294
vn 0.328525 -0.145532 0.933216
vn 0.328525 -0.145532 0.933216
vn 0.716429 -0.317368 0.621294
vn 0.328525 -0.145532 0.933216
vn 0.167569 -0.074231 0.983062
vn 0.167569 -0.074231 0.983062
vn 0.328525 -0.145532 0.933216
vn 0.167569 -0.074231 0.983062
vn 0.073668 -0.032634 0.996749
vn 0.073668 -0.032634 0.996749
vn 0.167569 -0.074231 0.983062
vn 0.073668 -0.032634 0.996749
vn 0.035554 -0.015750 0.999244
vn 0.035554 -0.015750 0.999244
vn 0.073668 -0.032634 0.996749
vn 0.035554 -0.015750 -0.999244
vn 0.073668 -0.032634 -0.996749
vn 0.073668 -0.032634 -0.996749
vn 0.035554 -0.015750 -0.999244
vn 0.073668 -0.032634 -0.996749
vn 0.167569 -0.074231 -0.983062
vn 0.167569 -0.074231 -0.983062
vn 0.073668 -0.032634 -0.996749
vn 0.167569 -0.074231 -0.983062
vn 0.328524 -0.145532 -0.933216
vn 0.328524 -0.145532 -0.933216
vn 0.167569 -0.074231 -0.983062
vn 0.328524 -0.145532 -0.933216
vn 0.716428 -0.317368 -0.621297
vn 0.716428 -0.317368 -0.621297
vn 0.328524 -0.145532 -0.933216
vn 0.716428 -0.317368 -0.621297
vn 0.716429 -0.317368 0.621294
vn 0.716429 -0.317368 0.621294
vn 0.716428 -0.317368 -0.621297
vn 0.716429 -0.317368 0.621294
vn 0.328525 -0.145532 0.933216
vn 0.328525 -0.145532 0.933216
vn 0.716429 -0.317368 0.621294
vn 0.328525 -0.145532 0.933216
vn 0.167569 -0.074231 0.983062
vn 0.167569 -0.074231 0.983062
vn 0.328525 -0.145532 0.933216
vn 0.167569 -0.074231 0.983062
vn 0.073668 -0.032634 0.996749
vn 0.073668 -0.032634 0.996749
vn 0.167569 -0.074231 0.983062
vn 0.073668 -0.032634 0.996749
vn 0.035554 -0.015750 0.999244
vn 0.035554 -0.015750 0.999244
vn 0.073668 -0.032634 0.996749
vn 0.035554 -0.015750 -0.999244
vn 0.073668 -0.032634 -0.996749
vn 0.073668 -0.032634 -0.996749
vn 0.035554 -0.015750 -0.999244
vn 0.073668 -0.032634 -0.996749
vn 0.167569 -0.074231 -0.983062
vn 0.167569 -0.074231 -0.983062
vn 0.073668 -0.032634 -0.996749
vn 0.167569 -0.074231 -0.983062
vn 0.328524 -0.145532 -0.933216
vn 0.328524 -0.145532 -0.933216
vn 0.167569 -0.074231 -0.983062
vn 0.328524 -0.145532 -0.933216
vn 0.716428 -0.317368 -0.621297
vn 0.716428 -0.317368 -0.621297
vn 0.328524 -0.145532 -0.933216
vn 0.716428 -0.317368 -0.621297
vn 0.716429 -0.317368 0.621294
vn 0.716429 -0.317368 0.621294
vn 0.716428 -0.317368 -0.621297
vn 0.716429 -0.317368 0.621294
vn 0.328525 -0.145532 0.933216
vn 0.328525 -0.145532 0.933216
vn 0.716429 -0.317368 0.621294
vn 0.328525 -0.145532 0.933216
vn 0.167569 -0.074231 0.983062
vn 0.167569 -0.074231 0.983062
vn 0.328525 -0.145532 0.933216
vn 0.167569 -0.074231 0.983062
vn 0.073668 -0.032634 0.996749
vn 0.073668 -0.032634 0.996749
vn 0.167569 -0.074231 0.983062
vn 0.073668 -0.032634 0.996749
vn 0.035554 -0.015750 0.999244
vn 0.035554 -0.015750 0.999244
vn 0.073668 -0.032634 0.996749
vn 0.035554 -0.015750 -0.999244
vn 0.073668 -0.032634 -0.996749
vn 0.073668 -0.032634 -0.996749
vn 0.035554 -0.015750 -0.999244
vn 0.073668 -0.032634 -0.996749
vn 0.167569 -0.074231 -0.983062
vn 0.167569 -0.074231 -0.983062
vn 0.073668 -0.032634 -0.996749
vn 0.167569 -0.074231 -0.983062
vn 0.328524 -0.145532 -0.933216
vn 0.328524 -0.145532 -0.933216
vn 0.167569 -0.074231 -0.983062
vn 0.328524 -0.145532 -0.933216
vn 0.716428 -0.317368 -0.621297
vn 0.716428 -0.317368 -0.621297
vn 0.328524 -0.145532 -0.933216
vn 0.716428 -0.317368 -0.621297
vn 0.716429 -0.317368 0.621294
vn 0.716429 -0.317368 0.621294
vn 0.716428 -0.317368 -0.621297
vn 0.716429 -0.317368 0.621294
vn 0.328525 -0.145532 0.933216
vn 0.328525 -0.145532 0.933216
vn 0.716429 -0.317368 0.621294
vn 0.328525 -0.145532 0.933216
vn 0.167569 -0.074231 0.983062
vn 0.167569 -0.074231 0.983062
vn 0.328525 -0.145532 0.933216
vn 0.167569 -0.074231 0.983062
vn 0.073668 -0.032634 0.996749
vn 0.073668 -0.032634 0.996749
vn 0.167569 -0.074231 0.983062
vn 0.073668 -0.032634 0.996749
vn 0.035554 -0.015750 0.999244
vn 0.035554 -0.015750 0.999244
vn 0.073668 -0.032634 0.996749
vn 0.035554 -0.015750 -0.999244
vn 0.073668 -0.032634 -0.996749
vn 0.073668 -0.032634 -0.996749
vn 0.035554 -0.015750 -0.999244
vn 0.073668 -0.032634 -0.996749
vn 0.167569 -0.074231 -0.983062
vn 0.167569 -0.074231 -0.983062
vn 0.073668 -0.032634 -0.996749
vn 0.167569 -0.074231 -0.983062
vn 0.328524 -0.145532 -0.933216
vn 0.328524 -0.145532 -0.933216
vn 0.167569 -0.074231 -0.983062
vn 0.328524 -0.145532 -0.933216
vn 0.716428 -0.317368 -0.621297
vn 0.716428 -0.317368 -0.621297
vn 0.328524 -0.145532 -0.933216
vn 0.716428 -0.317368 -0.621297
vn 0.716429 -0.317368 0.621294
vn 0.716428 -0.317369 0.621295
vn 0.716428 -0.317368 -0.621297
vn 0.716429 -0.317368 0.621294
vn 0.328525 -0.145532 0.933216
vn 0.328525 -0.145532 0.933216
vn 0.716428 -0.317369 0.621295
vn 0.328525 -0.145532 0.933216
vn 0.167569 -0.074231 0.983062
vn 0.167569 -0.074231 0.983062
vn 0.328525 -0.145532 0.933216
vn 0.167569 -0.074231 0.983062
vn 0.073668 -0.032634 0.996749
vn 0.073668 -0.032634 0.996749
vn 0.167569 -0.074231 0.983062
vn 0.073668 -0.032634 0.996749
vn 0.035554 -0.015750 0.999244
vn 0.035554 -0.015750 0.999244
vn 0.073668 -0.032634 0.996749
vn 0.035554 -0.015750 -0.999244
vn 0.073668 -0.032634 -0.996749
vn 0.073668 -0.032634 -0.996749
vn 0.035554 -0.015750 -0.999244
vn 0.073668 -0.032634 -0.996749
vn 0.167569 -0.074231 -0.983062
vn 0.167569 -0.074231 -0.983062
vn 0.073668 -0.032634 -0.996749
vn 0.167569 -0.074231 -0.983062
vn 0.328524 -0.145532 -0.933216
vn 0.328524 -0.145532 -0.933216
vn 0.167569 -0.074231 -0.983062
vn 0.328524 -0.145532 -0.933216
vn 0.716428 -0.317368 -0.621297
vn 0.716428 -0.317368 -0.621297
vn 0.328524 -0.145532 -0.933216
vn 0.716428 -0.317368 -0.621297
vn 0.716428 -0.317369 0.621295
vn 0.716430 -0.317369 0.621293
vn 0.716428 -0.317368 -0.621297
vn 0.716428 -0.317369 0.621295
vn 0.328525 -0.145532 0.933216
vn 0.328525 -0.145532 0.933216
vn 0.716430 -0.317369 0.621293
vn 0.328525 -0.145532 0.933216
vn 0.167569 -0.074231 0.983062
vn 0.167569 -0.074231 0.983062
vn 0.328525 -0.145532 0.933216
vn 0.167569 -0.074231 0.983062
vn 0.073668 -0.032634 0.996749
vn 0.073668 -0.032634 0.996749
vn 0.167569 -0.074231 0.983062
vn 0.073668 -0.032634 0.996749
vn 0.035554 -0.015750 0.999244
vn 0.035554 -0.015750 0.999244
vn 0.073668 -0.032634 0.996749
vn 0.035554 -0.015750 -0.999244
vn 0.073668 -0.032634 -0.996749
vn 0.073668 -0.032634 -0.996749
vn 0.035554 -0.015750 -0.999244
vn 0.073668 -0.032634 -0.996749
vn 0.167569 -0.074231 -0.983062
vn 0.167569 -0.074231 -0.983062
vn 0.073668 -0.032634 -0.996749
vn 0.167569 -0.074231 -0.983062
vn 0.328524 -0.145532 -0.933216
vn 0.328524 -0.145532 -0.933216
vn 0.167569 -0.074231 -0.983062
vn 0.328524 -0.145532 -0.933216
vn 0.716428 -0.317368 -0.621297
vn 0.716428 -0.317368 -0.621297
vn 0.328524 -0.145532 -0.933216
vn 0.716428 -0.317368 -0.621297
vn 0.716430 -0.317369 0.621293
vn 0.716429 -0.317368 0.621294
vn 0.716428 -0.317368 -0.621297
vn 0.716430 -0.317369 0.621293
vn 0.328525 -0.145532 0.933216
vn 0.328525 -0.145532 0.933216
vn 0.716429 -0.317368 0.621294
vn 0.328525 -0.145532 0.933216
vn 0.167569 -0.074231 0.983062
vn 0.167569 -0.074231 0.983062
vn 0.328525 -0.145532 0.933216
vn 0.167569 -0.074231 0.983062
vn 0.073668 -0.032634 0.996749
vn 0.073668 -0.032634 0.996749
vn 0.167569 -0.074231 0.983062
vn 0.073668 -0.032634 0.996749
vn 0.035554 -0.015750 0.999244
vn 0.035554 -0.015750 0.999244
vn 0.073668 -0.032634 0.996749
vn 0.035554 -0.015750 -0.999244
vn 0.073668 -0.032634 -0.996749
vn 0.073668 -0.032634 -0.996749
vn 0.035554 -0.015750 -0.999244
vn 0.073668 -0.032634 -0.996749
vn 0.167569 -0.074231 -0.983062
vn 0.167569 -0.074231 -0.983062
vn 0.073668 -0.032634 -0.996749
vn 0.167569 -0.074231 -0.983062
vn 0.328524 -0.145532 -0.933216
vn 0.328524 -0.145532 -0.933216
vn 0.167569 -0.074231 -0.983062
vn 0.328524 -0.145532 -0.933216
vn 0.716428 -0.317368 -0.621297
vn 0.716428 -0.317368 -0.621296
vn 0.328524 -0.145532 -0.933216
vn 0.716428 -0.317368 -0.621297
vn 0.716429 -0.317368 0.621294
vn 0.716429 -0.317368 0.621294
vn 0.716428 -0.317368 -0.621296
vn 0.716429 -0.317368 0.621294
vn 0.328525 -0.145532 0.933216
vn 0.328525 -0.145532 0.933216
vn 0.716429 -0.317368 0.621294
vn 0.328525 -0.145532 0.933216
vn 0.167569 -0.074231 0.983062
vn 0.167569 -0.074231 0.983062
vn 0.328525 -0.145532 0.933216
vn 0.167569 -0.074231 0.983062
vn 0.073668 -0.032634 0.996749
vn 0.073668 -0.032634 0.996749
vn 0.167569 -0.074231 0.983062
vn 0.073668 -0.032634 0.996749
vn 0.035554 -0.015750 0.999244
vn 0.035554 -0.015750 0.999244
vn 0.073668 -0.032634 0.996749
vn -0.405025 -0.914306 -0.000000
vn -0.405025 -0.914306 -0.000000
vn -0.405025 -0.914306 -0.000000
vn -0.405025 -0.914306 -0.000000
vn -0.405025 -0.914306 -0.000000
vn -0.405025 -0.914306 -0.000000
vn -0.405025 -0.914306 -0.000000
vn -0.405025 -0.914306 -0.000000
vn -0.405025 -0.914306 -0.000000
vn -0.405025 -0.914306 -0.000000
vn -0.914306 0.405025 -0.000000
vn -0.914306 0.405025 -0.000000
vn -0.914306 0.405025 -0.000000
vn -0.914306 0.405025 -0.000000
vn -0.914306 0.405025 -0.000000
vn -0.914306 0.405025 -0.000000
vn -0.914306 0.405025 -0.000000
vn -0.914306 0.405025 -0.000000
vn -0.914306 0.405025 -0.000000
vn -0.914306 0.405025 -0.000000
vn -0.914306 0.405025 -0.000000
vn -0.914306 0.405025 -0.000000
vn -0.914306 0.405025 -0.000000
vn -0.914306 0.405025 -0.000000
vn 0.405025 0.914306 0.000000
vn 0.405025 0.914306 0.000000
vn 0.405025 0.914306 0.000000
vn 0.405025 0.914306 0.000000
vn 0.000000 -0.000000 -1.000000
vn 0.000000 -0.000000 -1.000000
vn 0.000000 -0.000000 -1.000000
vn 0.000000 -0.000000 -1.000000
vn 0.000000 -0.000000 -1.000000
vn 0.000000 -0.000000 -1.000000
vn 0.000000 -0.000000 -1.000000
vn 0.000000 -0.000000 -1.000000
vn 0.000000 -0.000000 -1.000000
vn 0.000000 -0.000000 -1.000000
vn 0.000000 -0.000000 -1.000000
vn 0.000000 -0.000000 -1.000000
vn 0.000000 -0.000000 -1.000000
vn 0.000000 -0.000000 -1.000000
vn 0.000000 -0.000000 -1.000000
vn 0.000000 -0.000000 -1.000000
vn 0.000000 -0.000000 -1.000000
vn 0.000000 -0.000000 -1.000000
vn 0.000000 -0.000000 -1.000000
vn 0.000000 -0.000000 -1.000000
vn 0.000000 -0.000000 -1.000000
vn 0.000000 -0.000000 -1.000000
vn 0.000000 -0.000000 -1.000000
vn 0.000000 -0.000000 -1.000000
vn 0.000000 -0.000000 -1.000000
vn 0.000000 -0.000000 -1.000000
vn 0.000000 -0.000000 -1.000000
vn 0.000000 -0.000000 -1.000000
vn 0.000000 -0.000000 -1.000000
vn 0.000000 -0.000000 -1.000000
vn 0.000000 -0.000000 -1.000000
vn 0.000000 -0.000000 -1.000000
vn 0.000000 -0.000000 -1.000000
vn 0.000000 -0.000000 -1.000000
vn 0.000000 -0.000000 -1.000000
vn 0.000000 -0.000000 -1.000000
vn 0.000000 -0.000000 -1.000000
vn 0.000000 -0.000000 -1.000000
vn 0.000000 -0.000000 -1.000000
vn 0.000000 -0.000000 -1.000000
vn -0.405025 -0.914306 -0.000000
vn -0.405025 -0.914306 -0.000000
vn -0.405025 -0.914306 -0.000000
vn -0.405025 -0.914306 -0.000000
vn -0.000000 0.000000 1.000000
vn -0.000000 0.000000 1.000000
vn -0.000000 0.000000 1.000000
vn -0.000000 0.000000 1.000000
vn -0.000000 0.000000 1.000000
vn -0.000000 0.000000 1.000000
vn -0.000000 0.000000 1.000000
vn -0.000000 0.000000 1.000000
vn -0.000000 0.000000 1.000000
vn -0.000000 0.000000 1.000000
vn -0.000000 0.000000 1.000000
vn -0.000000 0.000000 1.000000
vn -0.000000 0.000000 1.000000
vn -0.000000 0.000000 1.000000
vn -0.000000 0.000000 1.000000
vn -0.000000 0.000000 1.000000
vn -0.000000 0.000000 1.000000
vn -0.000000 0.000000 1.000000
vn -0.000000 0.000000 1.000000
vn -0.000000 0.000000 1.000000
vn -0.000000 0.000000 1.000000
vn -0.000000 0.000000 1.000000
vn -0.000000 0.000000 1.000000
vn -0.000000 0.000000 1.000000
vn -0.000000 0.000000 1.000000
vn -0.000000 0.000000 1.000000
vn -0.000000 0.000000 1.000000
vn -0.000000 0.000000 1.000000
vn -0.000000 0.000000 1.000000
vn -0.000000 0.000000 1.000000
vn -0.000000 0.000000 1.000000
vn -0.000000 0.000000 1.000000
vn -0.000000 0.000000 1.000000
vn -0.000000 0.000000 1.000000
vn -0.000000 0.000000 1.000000
vn -0.000000 0.000000 1.000000
vn -0.000000 0.000000 1.000000
vn -0.000000 0.000000 1.000000
vn -0.000000 0.000000 1.000000
vn -0.000000 0.000000 1.000000
vn -0.000000 0.000000 1.000000
vn -0.000000 0.000000 1.000000
vn -0.000000 0.000000 1.000000
vn -0.000000 0.000000 1.000000
vn 0.000000 -0.000000 1.000000
vn 0.000000 -0.000000 1.000000
vn 0.000000 -0.000000 1.000000
vn -0.000000 -0.000000 1.000000
vn -0.000000 -0.000000 1.000000
vn -0.000000 -0.000000 1.000000
vn -0.000000 0.000000 1.000000
vn -0.000000 0.000000 1.000000
vn -0.000000 0.000000 1.000000
vn -0.000000 0.000000 1.000000
vn 0.000000 -0.000000 1.000000
vn 0.000000 -0.000000 1.000000
vn 0.000000 -0.000000 1.000000
vn -0.000000 -0.000000 1.000000
vn -0.000000 -0.000000 1.000000
vn -0.000000 -0.000000 1.000000
vn -0.405025 -0.914306 0.000000
vn -0.405025 -0.914306 0.000000
vn -0.405025 -0.914306 0.000000
vn -0.405025 -0.914306 0.000000
vn -0.405025 -0.914306 0.000000
vn -0.405025 -0.914306 0.000000
vn 0.332675 -0.147371 0.931455
vn 0.332675 -0.147371 0.931455
vn 0.332675 -0.147371 0.931455
vn 0.332675 -0.147370 0.931456
vn 0.332675 -0.147370 0.931456
vn 0.332675 -0.147370 0.931456
vn 0.405025 0.914306 0.000000
vn 0.405025 0.914306 0.000000
vn 0.405025 0.914306 0.000000
vn 0.405025 0.914306 0.000000
vn -0.332677 0.147371 -0.931455
vn -0.332677 0.147371 -0.931455
vn -0.332677 0.147371 -0.931455
vn -0.332676 0.147371 -0.931455
vn -0.332676 0.147371 -0.931455
vn -0.332676 0.147371 -0.931455
vn -0.405025 -0.914306 -0.000000
vn -0.405025 -0.914306 -0.000000
vn -0.405025 -0.914306 -0.000000
vn -0.405025 -0.914306 -0.000000
vn 0.332680 -0.147373 0.931453
vn 0.332680 -0.147373 0.931453
vn 0.332680 -0.147373 0.931453
vn 0.332675 -0.147371 0.931456
vn 0.332675 -0.147371 0.931456
vn 0.332675 -0.147371 0.931456
vn 0.405025 0.914306 -0.000010
vn 0.405025 0.914306 -0.000010
vn 0.405025 0.914306 -0.000010
vn 0.405025 0.914306 0.000000
vn 0.405025 0.914306 0.000000
vn 0.405025 0.914306 0.000000
vn -0.332674 0.147370 -0.931456
vn -0.332674 0.147370 -0.931456
vn -0.332674 0.147370 -0.931456
vn -0.332675 0.147371 -0.931455
vn -0.332675 0.147371 -0.931455
vn -0.332675 0.147371 -0.931455
vn -0.000000 -0.000000 1.000000
vn -0.000000 -0.000000 1.000000
vn -0.000000 -0.000000 1.000000
vn -0.000000 -0.000000 1.000000
vn -0.000000 -0.000000 1.000000
vn -0.000000 -0.000000 1.000000
vn -0.000794 0.002056 0.999998
vn -0.000794 0.002056 0.999998
vn -0.000794 0.002056 0.999998
vn 0.003777 0.001458 0.999992
vn 0.003777 0.001458 0.999992
vn 0.003777 0.001458 0.999992
vn -0.000000 -0.000000 1.000000
vn -0.000000 -0.000000 1.000000
vn -0.000000 -0.000000 1.000000
vn -0.000000 -0.000000 1.000000
vn -0.000000 -0.000000 1.000000
vn -0.000000 -0.000000 1.000000
vn -0.000794 0.002056 0.999998
vn -0.000794 0.002056 0.999998
vn -0.000794 0.002056 0.999998
vn 0.003777 0.001458 0.999992
vn 0.003777 0.001458 0.999992
vn 0.003777 0.001458 0.999992
vn 0.000000 0.000000 1.000000
vn 0.000000 0.000000 1.000000
vn 0.000000 0.000000 1.000000
vn -0.000000 -0.000000 1.000000
vn -0.000000 -0.000000 1.000000
vn -0.000000 -0.000000 1.000000
vn -0.000000 -0.000000 1.000000
vn -0.000000 -0.000000 1.000000
vn -0.000000 -0.000000 1.000000
vn -0.000001 0.000000 1.000000
vn -0.000001 0.000000 1.000000
vn -0.000001 0.000000 1.000000
vn -0.000000 -0.000000 1.000000
vn -0.000000 -0.000000 1.000000
vn -0.000000 -0.000000 1.000000
vn 0.000000 0.000000 1.000000
vn 0.000000 0.000000 1.000000
vn 0.000000 0.000000 1.000000
vn -0.000000 0.000000 1.000000
vn -0.000000 0.000000 1.000000
vn -0.000000 0.000000 1.000000
vn 0.000000 -0.000000 1.000000
vn 0.000000 -0.000000 1.000000
vn 0.000000 -0.000000 1.000000
vn 0.405025 0.914306 -0.000002
vn 0.405025 0.914306 -0.000002
vn 0.405025 0.914306 -0.000002
vn 0.405025 0.914306 -0.000002
vn 0.405025 0.914306 -0.000002
vn 0.405025 0.914306 -0.000002
vn -0.405025 -0.914306 0.000004
vn -0.405025 -0.914306 0.000004
vn -0.405025 -0.914306 0.000004
vn -0.405025 -0.914306 0.000000
vn -0.405025 -0.914306 0.000000
vn -0.405025 -0.914306 0.000000
vn -0.405025 -0.914306 0.000005
vn -0.405025 -0.914306 0.000005
vn -0.405025 -0.914306 0.000005
vn -0.405025 -0.914306 -0.000000
vn -0.405025 -0.914306 -0.000000
vn -0.405025 -0.914306 -0.000000
vn 0.405025 0.914306 -0.000004
vn 0.405025 0.914306 -0.000004
vn 0.405025 0.914306 -0.000004
vn 0.405025 0.914306 -0.000004
vn 0.405025 0.914306 -0.000004
vn 0.405025 0.914306 -0.000004
vn -0.332677 0.147371 -0.931455
vn -0.332677 0.147371 -0.931455
vn -0.332677 0.147371 -0.931455
vn -0.332677 0.147372 -0.931454
vn -0.332677 0.147372 -0.931454
vn -0.332677 0.147372 -0.931454
vn -0.332678 0.147372 -0.931454
vn -0.332678 0.147372 -0.931454
vn -0.332678 0.147372 -0.931454
vn -0.332677 0.147372 -0.931454
vn -0.332677 0.147372 -0.931454
vn -0.332677 0.147372 -0.931454
vn 0.332679 -0.147372 0.931454
vn 0.332678 -0.147372 0.931454
vn 0.332679 -0.147372 0.931454
vn 0.332678 -0.147372 0.931454
vn 0.332678 -0.147372 0.931454
vn 0.332678 -0.147372 0.931454
vn 0.332689 -0.147378 0.931449
vn 0.332689 -0.147378 0.931449
vn 0.332689 -0.147378 0.931449
vn 0.332673 -0.147370 0.931456
vn 0.332673 -0.147370 0.931456
vn 0.332673 -0.147370 0.931456
vn 0.332671 -0.147369 0.931457
vn 0.332671 -0.147369 0.931457
vn 0.332671 -0.147369 0.931457
vn 0.332678 -0.147372 0.931454
vn 0.332678 -0.147372 0.931454
vn 0.332678 -0.147372 0.931454
vn 0.332678 -0.147372 0.931454
vn 0.332678 -0.147372 0.931454
vn 0.332678 -0.147372 0.931454
vn 0.332675 -0.147370 0.931456
vn 0.332675 -0.147370 0.931456
vn 0.332675 -0.147370 0.931456
vn -0.332676 0.147371 -0.931455
vn -0.332676 0.147371 -0.931455
vn -0.332676 0.147371 -0.931455
vn -0.332675 0.147371 -0.931455
vn -0.332675 0.147371 -0.931455
vn -0.332675 0.147371 -0.931455
vn -0.332674 0.147370 -0.931456
vn -0.332674 0.147370 -0.931456
vn -0.332674 0.147370 -0.931456
vn -0.332676 0.147371 -0.931455
vn -0.332676 0.147371 -0.931455
vn -0.332676 0.147371 -0.931455
vn 0.174136 -0.451113 0.875313
vn 0.174136 -0.451113 0.875313
vn 0.174136 -0.451113 0.875313
vn 0.174143 -0.451127 0.875305
vn 0.174143 -0.451127 0.875305
vn 0.174143 -0.451127 0.875305
vn 0.451116 0.174138 0.875311
vn 0.451116 0.174138 0.875311
vn 0.451116 0.174138 0.875311
vn 0.451118 0.174138 0.875311
vn 0.451118 0.174138 0.875311
vn 0.451118 0.174138 0.875311
vn -0.174136 0.451111 -0.875314
vn -0.174135 0.451111 -0.875314
vn -0.174135 0.451111 -0.875314
vn -0.174134 0.451108 -0.875317
vn -0.174134 0.451108 -0.875317
vn -0.174134 0.451108 -0.875317
vn -0.451113 -0.174136 -0.875313
vn -0.451113 -0.174136 -0.875313
vn -0.451113 -0.174136 -0.875313
vn -0.451117 -0.174137 -0.875311
vn -0.451117 -0.174137 -0.875311
vn -0.451117 -0.174137 -0.875311
usemtl mat26
f 1802/1802/1802 1803/1803/1803 1804/1804/1804
f 1804/1804/1804 1805/1805/1805 1806/1806/1806
f 1806/1806/1806 1807/1807/1807 1808/1808/1808
f 1804/1804/1804 1806/1806/1806 1808/1808/1808
f 1808/1808/1808 1809/1809/1809 1810/1810/1810
f 1810/1810/1810 1811/1811/1811 1812/1812/1812
f 1808/1808/1808 1810/1810/1810 1812/1812/1812
f 1812/1812/1812 1813/1813/1813 1814/1814/1814
f 1814/1814/1814 1815/1815/1815 1816/1816/1816
f 1812/1812/1812 1814/1814/1814 1816/1816/1816
f 1808/1808/1808 1812/1812/1812 1816/1816/1816
f 1804/1804/1804 1808/1808/1808 1816/1816/1816
f 1816/1816/1816 1817/1817/1817 1818/1818/1818
f 1804/1804/1804 1816/1816/1816 1818/1818/1818
f 1802/1802/1802 1804/1804/1804 1818/1818/1818
f 1819/1819/1819 1802/1802/1802 1818/1818/1818
f 1820/1820/1820 1821/1821/1821 1822/1822/1822
f 1822/1822/1822 1823/1823/1823 1820/1820/1820
f 1821/1821/1821 1824/1824/1824 1825/1825/1825
f 1825/1825/1825 1822/1822/1822 1821/1821/1821
f 1824/1824/1824 1826/1826/1826 1827/1827/1827
f 1827/1827/1827 1825/1825/1825 1824/1824/1824
f 1826/1826/1826 1828/1828/1828 1829/1829/1829
f 1829/1829/1829 1827/1827/1827 1826/1826/1826
f 1828/1828/1828 1830/1830/1830 1831/1831/1831
f 1831/1831/1831 1829/1829/1829 1828/1828/1828
f 1832/1832/1832 1833/1833/1833 1834/1834/1834
f 1834/1834/1834 1835/1835/1835 1832/1832/1832
f 1833/1833/1833 1836/1836/1836 1837/1837/1837
f 1837/1837/1837 1834/1834/1834 1833/1833/1833
f 1836/1836/1836 1838/1838/1838 1839/1839/1839
f 1839/1839/1839 1837/1837/1837 1836/1836/1836
f 1838/1838/1838 1840/1840/1840 1841/1841/1841
f 1841/1841/1841 1839/1839/1839 1838/1838/1838
f 1840/1840/1840 1842/1842/1842 1843/1843/1843
f 1843/1843/1843 1841/1841/1841 1840/1840/1840
f 1842/1842/1842 1844/1844/1844 1845/1845/1845
f 1845/1845/1845 1843/1843/1843 1842/1842/1842
f 1844/1844/1844 1846/1846/1846 1847/1847/1847
f 1847/1847/1847 1845/1845/1845 1844/1844/1844
f 1846/1846/1846 1848/1848/1848 1849/1849/1849
f 1849/1849/1849 1847/1847/1847 1846/1846/1846
f 1848/1848/1848 1850/1850/1850 1851/1851/1851
f 1851/1851/1851 1849/1849/1849 1848/1848/1848
f 1850/1850/1850 1852/1852/1852 1853/1853/1853
f 1853/1853/1853 1851/1851/1851 1850/1850/1850
f 1852/1852/1852 1854/1854/1854 1855/1855/1855
f 1855/1855/1855 1853/1853/1853 1852/1852/1852
f 1854/1854/1854 1856/1856/1856 1857/1857/1857
f 1857/1857/1857 1855/1855/1855 1854/1854/1854
f 1856/1856/1856 1820/1820/1820 1823/1823/1823
f 1823/1823/1823 1857/1857/1857 1856/1856/1856
f 1823/1823/1823 1822/1822/1822 1858/1858/1858
f 1858/1858/1858 1859/1859/1859 1823/1823/1823
f 1822/1822/1822 1825/1825/1825 1860/1860/1860
f 1860/1860/1860 1858/1858/1858 1822/1822/1822
f 1825/1825/1825 1827/1827/1827 1861/1861/1861
f 1861/1861/1861 1860/1860/1860 1825/1825/1825
f 1827/1827/1827 1829/1829/1829 1862/1862/1862
f 1862/1862/1862 1861/1861/1861 1827/1827/1827
f 1829/1829/1829 1831/1831/1831 1863/1863/1863
f 1863/1863/1863 1862/1862/1862 1829/1829/1829
f 1835/1835/1835 1834/1834/1834 1864/1864/1864
f 1864/1864/1864 1865/1865/1865 1835/1835/1835
f 1834/1834/1834 1837/1837/1837 1866/1866/1866
f 1866/1866/1866 1864/1864/1864 1834/1834/1834
f 1837/1837/1837 1839/1839/1839 1867/1867/1867
f 1867/1867/1867 1866/1866/1866 1837/1837/1837
f 1839/1839/1839 1841/1841/1841 1868/1868/1868
f 1868/1868/1868 1867/1867/1867 1839/1839/1839
f 1841/1841/1841 1843/1843/1843 1869/1869/1869
f 1869/1869/1869 1868/1868/1868 1841/1841/1841
f 1843/1843/1843 1845/1845/1845 1870/1870/1870
f 1870/1870/1870 1869/1869/1869 1843/1843/1843
f 1845/1845/1845 1847/1847/1847 1871/1871/1871
f 1871/1871/1871 1870/1870/1870 1845/1845/1845
f 1847/1847/1847 1849/1849/1849 1872/1872/1872
f 1872/1872/1872 1871/1871/1871 1847/1847/1847
f 1849/1849/1849 1851/1851/1851 1873/1873/1873
f 1873/1873/1873 1872/1872/1872 1849/1849/1849
f 1851/1851/1851 1853/1853/1853 1874/1874/1874
f 1874/1874/1874 1873/1873/1873 1851/1851/1851
f 1853/1853/1853 1855/1855/1855 1875/1875/1875
f 1875/1875/1875 1874/1874/1874 1853/1853/1853
f 1855/1855/1855 1857/1857/1857 1876/1876/1876
f 1876/1876/1876 1875/1875/1875 1855/1855/1855
f 1857/1857/1857 1823/1823/1823 1859/1859/1859
f 1859/1859/1859 1876/1876/1876 1857/1857/1857
f 1877/1877/1877 1878/1878/1878 1879/1879/1879
f 1879/1879/1879 1880/1880/1880 1881/1881/1881
f 1881/1881/1881 1882/1882/1882 1883/1883/1883
f 1879/1879/1879 1881/1881/1881 1883/1883/1883
f 1883/1883/1883 1884/1884/1884 1885/1885/1885
f 1885/1885/1885 1886/1886/1886 1887/1887/1887
f 1883/1883/1883 1885/1885/1885 1887/1887/1887
f 1887/1887/1887 1888/1888/1888 1889/1889/1889
f 1889/1889/1889 1890/1890/1890 1891/1891/1891
f 1887/1887/1887 1889/1889/1889 1891/1891/1891
f 1883/1883/1883 1887/1887/1887 1891/1891/1891
f 1879/1879/1879 1883/1883/1883 1891/1891/1891
f 1891/1891/1891 1892/1892/1892 1893/1893/1893
f 1879/1879/1879 1891/1891/1891 1893/1893/1893
f 1877/1877/1877 1879/1879/1879 1893/1893/1893
f 1894/1894/1894 1877/1877/1877 1893/1893/1893
f 1895/1895/1895 1896/1896/1896 1897/1897/1897
f 1897/1897/1897 1898/1898/1898 1895/1895/1895
f 1899/1899/1899 1900/1900/1900 1901/1901/1901
f 1901/1901/1901 1902/1902/1902 1899/1899/1899
f 1903/1903/1903 1904/1904/1904 1905/1905/1905
f 1905/1905/1905 1906/1906/1906 1903/1903/1903
f 1907/1907/1907 1908/1908/1908 1909/1909/1909
f 1909/1909/1909 1910/1910/1910 1907/1907/1907
f 1911/1911/1911 1912/1912/1912 1913/1913/1913
f 1913/1913/1913 1914/1914/1914 1911/1911/1911
f 1915/1915/1915 1916/1916/1916 1917/1917/1917
f 1917/1917/1917 1918/1918/1918 1915/1915/1915
f 1919/1919/1919 1920/1920/1920 1921/1921/1921
f 1921/1921/1921 1922/1922/1922 1919/1919/1919
f 1923/1923/1923 1924/1924/1924 1925/1925/1925
f 1925/1925/1925 1926/1926/1926 1923/1923/1923
f 1927/1927/1927 1928/1928/1928 1929/1929/1929
f 1929/1929/1929 1930/1930/1930 1927/1927/1927
f 1931/1931/1931 1932/1932/1932 1933/1933/1933
f 1933/1933/1933 1934/1934/1934 1931/1931/1931
f 1935/1935/1935 1936/1936/1936 1937/1937/1937
f 1937/1937/1937 1938/1938/1938 1935/1935/1935
f 1939/1939/1939 1940/1940/1940 1941/1941/1941
f 1941/1941/1941 1942/1942/1942 1939/1939/1939
f 1943/1943/1943 1944/1944/1944 1945/1945/1945
f 1945/1945/1945 1946/1946/1946 1943/1943/1943
f 1947/1947/1947 1948/1948/1948 1949/1949/1949
f 1949/1949/1949 1950/1950/1950 1947/1947/1947
f 1951/1951/1951 1952/1952/1952 1953/1953/1953
f 1953/1953/1953 1954/1954/1954 1951/1951/1951
f 1955/1955/1955 1956/1956/1956 1957/1957/1957
f 1957/1957/1957 1958/1958/1958 1955/1955/1955
f 1959/1959/1959 1960/1960/1960 1961/1961/1961
f 1961/1961/1961 1962/1962/1962 1959/1959/1959
f 1963/1963/1963 1964/1964/1964 1965/1965/1965
f 1965/1965/1965 1966/1966/1966 1963/1963/1963
f 1967/1967/1967 1968/1968/1968 1969/1969/1969
f 1969/1969/1969 1970/1970/1970 1967/1967/1967
f 1971/1971/1971 1972/1972/1972 1973/1973/1973
f 1973/1973/1973 1974/1974/1974 1971/1971/1971
f 1975/1975/1975 1976/1976/1976 1977/1977/1977
f 1977/1977/1977 1978/1978/1978 1975/1975/1975
f 1979/1979/1979 1980/1980/1980 1981/1981/1981
f 1981/1981/1981 1982/1982/1982 1979/1979/1979
f 1983/1983/1983 1984/1984/1984 1985/1985/1985
f 1985/1985/1985 1986/1986/1986 1983/1983/1983
f 1987/1987/1987 1988/1988/1988 1989/1989/1989
f 1989/1989/1989 1990/1990/1990 1987/1987/1987
f 1991/1991/1991 1992/1992/1992 1993/1993/1993
f 1993/1993/1993 1994/1994/1994 1991/1991/1991
f 1995/1995/1995 1996/1996/1996 1997/1997/1997
f 1997/1997/1997 1998/1998/1998 1995/1995/1995
f 1926/1926/1926 1931/1931/1931 1999/1999/1999
f 1999/1999/1999 2000/2000/2000 1926/1926/1926
f 2001/2001/2001 2002/2002/2002 2003/2003/2003
f 2003/2003/2003 2004/2004/2004 2001/2001/2001
f 2005/2005/2005 2006/2006/2006 1997/1997/1997
f 1997/1997/1997 1974/1974/1974 2005/2005/2005
f 1930/1930/1930 1919/1919/1919 2007/2007/2007
f 2007/2007/2007 2008/2008/2008 1930/1930/1930
f 2009/2009/2009 2010/2010/2010 2011/2011/2011
f 2011/2011/2011 2012/2012/2012 2009/2009/2009
f 2013/2013/2013 2014/2014/2014 1961/1961/1961
f 1961/1961/1961 1986/1986/1986 2013/2013/2013
f 1934/1934/1934 1923/1923/1923 2015/2015/2015
f 2015/2015/2015 2016/2016/2016 1934/1934/1934
f 2017/2017/2017 2018/2018/2018 2019/2019/2019
f 2019/2019/2019 2020/2020/2020 2017/2017/2017
f 2021/2021/2021 2022/2022/2022 1973/1973/1973
f 1973/1973/1973 1998/1998/1998 2021/2021/2021
f 1922/1922/1922 1927/1927/1927 2023/2023/2023
f 2023/2023/2023 2024/2024/2024 1922/1922/1922
f 2025/2025/2025 2026/2026/2026 2027/2027/2027
f 2027/2027/2027 2028/2028/2028 2025/2025/2025
f 2029/2029/2029 2030/2030/2030 1985/1985/1985
f 1985/1985/1985 1962/1962/1962 2029/2029/2029
f 2031/2031/2031 2032/2032/2032 2033/2033/2033
f 2033/2033/2033 2034/2034/2034 2035/2035/2035
f 2035/2035/2035 2036/2036/2036 2037/2037/2037
f 2033/2033/2033 2035/2035/2035 2037/2037/2037
f 2037/2037/2037 2038/2038/2038 2039/2039/2039
f 2039/2039/2039 2040/2040/2040 2041/2041/2041
f 2037/2037/2037 2039/2039/2039 2041/2041/2041
f 2041/2041/2041 2042/2042/2042 2043/2043/2043
f 2043/2043/2043 2044/2044/2044 2045/2045/2045
f 2041/2041/2041 2043/2043/2043 2045/2045/2045
f 2037/2037/2037 2041/2041/2041 2045/2045/2045
f 2033/2033/2033 2037/2037/2037 2045/2045/2045
f 2045/2045/2045 2046/2046/2046 2047/2047/2047
f 2033/2033/2033 2045/2045/2045 2047/2047/2047
f 2031/2031/2031 2033/2033/2033 2047/2047/2047
f 2048/2048/2048 2031/2031/2031 2047/2047/2047
f 2049/2049/2049 2050/2050/2050 2051/2051/2051
f 2051/2051/2051 2052/2052/2052 2049/2049/2049
f 2050/2050/2050 2053/2053/2053 2054/2054/2054
f 2054/2054/2054 2051/2051/2051 2050/2050/2050
f 2053/2053/2053 2055/2055/2055 2056/2056/2056
f 2056/2056/2056 2054/2054/2054 2053/2053/2053
f 2055/2055/2055 2057/2057/2057 2058/2058/2058
f 2058/2058/2058 2056/2056/2056 2055/2055/2055
f 2057/2057/2057 2059/2059/2059 2060/2060/2060
f 2060/2060/2060 2058/2058/2058 2057/2057/2057
f 2059/2059/2059 2061/2061/2061 2062/2062/2062
f 2062/2062/2062 2060/2060/2060 2059/2059/2059
f 2061/2061/2061 2063/2063/2063 2064/2064/2064
f 2064/2064/2064 2062/2062/2062 2061/2061/2061
f 2063/2063/2063 2065/2065/2065 2066/2066/2066
f 2066/2066/2066 2064/2064/2064 2063/2063/2063
f 2065/2065/2065 2067/2067/2067 2068/2068/2068
f 2068/2068/2068 2066/2066/2066 2065/2065/2065
f 2067/2067/2067 2069/2069/2069 2070/2070/2070
f 2070/2070/2070 2068/2068/2068 2067/2067/2067
f 2069/2069/2069 2071/2071/2071 2072/2072/2072
f 2072/2072/2072 2070/2070/2070 2069/2069/2069
f 2071/2071/2071 2073/2073/2073 2074/2074/2074
f 2074/2074/2074 2072/2072/2072 2071/2071/2071
f 2073/2073/2073 2075/2075/2075 2076/2076/2076
f 2076/2076/2076 2074/2074/2074 2073/2073/2073
f 2075/2075/2075 2077/2077/2077 2078/2078/2078
f 2078/2078/2078 2076/2076/2076 2075/2075/2075
f 2077/2077/2077 2079/2079/2079 2080/2080/2080
f 2080/2080/2080 2078/2078/2078 2077/2077/2077
f 2079/2079/2079 2081/2081/2081 2082/2082/2082
f 2082/2082/2082 2080/2080/2080 2079/2079/2079
f 2081/2081/2081 2083/2083/2083 2084/2084/2084
f 2084/2084/2084 2082/2082/2082 2081/2081/2081
f 2083/2083/2083 2049/2049/2049 2052/2052/2052
f 2052/2052/2052 2084/2084/2084 2083/2083/2083
f 2052/2052/2052 2051/2051/2051 2085/2085/2085
f 2085/2085/2085 2086/2086/2086 2052/2052/2052
f 2051/2051/2051 2054/2054/2054 2087/2087/2087
f 2087/2087/2087 2085/2085/2085 2051/2051/2051
f 2054/2054/2054 2056/2056/2056 2088/2088/2088
f 2088/2088/2088 2087/2087/2087 2054/2054/2054
f 2056/2056/2056 2058/2058/2058 2089/2089/2089
f 2089/2089/2089 2088/2088/2088 2056/2056/2056
f 2058/2058/2058 2060/2060/2060 2090/2090/2090
f 2090/2090/2090 2089/2089/2089 2058/2058/2058
f 2060/2060/2060 2062/2062/2062 2091/2091/2091
f 2091/2091/2091 2090/2090/2090 2060/2060/2060
f 2062/2062/2062 2064/2064/2064 2092/2092/2092
f 2092/2092/2092 2091/2091/2091 2062/2062/2062
f 2064/2064/2064 2066/2066/2066 2093/2093/2093
f 2093/2093/2093 2092/2092/2092 2064/2064/2064
f 2066/2066/2066 2068/2068/2068 2094/2094/2094
f 2094/2094/2094 2093/2093/2093 2066/2066/2066
f 2068/2068/2068 2070/2070/2070 2095/2095/2095
f 2095/2095/2095 2094/2094/2094 2068/2068/2068
f 2070/2070/2070 2072/2072/2072 2096/2096/2096
f 2096/2096/2096 2095/2095/2095 2070/2070/2070
f 2072/2072/2072 2074/2074/2074 2097/2097/2097
f 2097/2097/2097 2096/2096/2096 2072/2072/2072
f 2074/2074/2074 2076/2076/2076 2098/2098/2098
f 2098/2098/2098 2097/2097/2097 2074/2074/2074
f 2076/2076/2076 2078/2078/2078 2099/2099/2099
f 2099/2099/2099 2098/2098/2098 2076/2076/2076
f 2078/2078/2078 2080/2080/2080 2100/2100/2100
f 2100/2100/2100 2099/2099/2099 2078/2078/2078
f 2080/2080/2080 2082/2082/2082 2101/2101/2101
f 2101/2101/2101 2100/2100/2100 2080/2080/2080
f 2082/2082/2082 2084/2084/2084 2102/2102/2102
f 2102/2102/2102 2101/2101/2101 2082/2082/2082
f 2084/2084/2084 2052/2052/2052 2086/2086/2086
f 2086/2086/2086 2102/2102/2102 2084/2084/2084
f 2086/2086/2086 2085/2085/2085 2103/2103/2103
f 2103/2103/2103 2104/2104/2104 2086/2086/2086
f 2085/2085/2085 2087/2087/2087 2105/2105/2105
f 2105/2105/2105 2103/2103/2103 2085/2085/2085
f 2087/2087/2087 2088/2088/2088 2106/2106/2106
f 2106/2106/2106 2105/2105/2105 2087/2087/2087
f 2088/2088/2088 2089/2089/2089 2107/2107/2107
f 2107/2107/2107 2106/2106/2106 2088/2088/2088
f 2089/2089/2089 2090/2090/2090 2108/2108/2108
f 2108/2108/2108 2107/2107/2107 2089/2089/2089
f 2090/2090/2090 2091/2091/2091 2109/2109/2109
f 2109/2109/2109 2108/2108/2108 2090/2090/2090
f 2091/2091/2091 2092/2092/2092 2110/2110/2110
f 2110/2110/2110 2109/2109/2109 2091/2091/2091
f 2092/2092/2092 2093/2093/2093 2111/2111/2111
f 2111/2111/2111 2110/2110/2110 2092/2092/2092
f 2093/2093/2093 2094/2094/2094 2112/2112/2112
f 2112/2112/2112 2111/2111/2111 2093/2093/2093
f 2094/2094/2094 2095/2095/2095 2113/2113/2113
f 2113/2113/2113 2112/2112/2112 2094/2094/2094
f 2095/2095/2095 2096/2096/2096 2114/2114/2114
f 2114/2114/2114 2113/2113/2113 2095/2095/2095
f 2096/2096/2096 2097/2097/2097 2115/2115/2115
f 2115/2115/2115 2114/2114/2114 2096/2096/2096
f 2097/2097/2097 2098/2098/2098 2116/2116/2116
f 2116/2116/2116 2115/2115/2115 2097/2097/2097
f 2098/2098/2098 2099/2099/2099 2117/2117/2117
f 2117/2117/2117 2116/2116/2116 2098/2098/2098
f 2099/2099/2099 2100/2100/2100 2118/2118/2118
f 2118/2118/2118 2117/2117/2117 2099/2099/2099
f 2100/2100/2100 2101/2101/2101 2119/2119/2119
f 2119/2119/2119 2118/2118/2118 2100/2100/2100
f 2101/2101/2101 2102/2102/2102 2120/2120/2120
f 2120/2120/2120 2119/2119/2119 2101/2101/2101
f 2102/2102/2102 2086/2086/2086 2104/2104/2104
f 2104/2104/2104 2120/2120/2120 2102/2102/2102
f 2121/2121/2121 2122/2122/2122 2123/2123/2123
f 2123/2123/2123 2124/2124/2124 2121/2121/2121
f 2122/2122/2122 2125/2125/2125 2126/2126/2126
f 2126/2126/2126 2123/2123/2123 2122/2122/2122
f 2125/2125/2125 2127/2127/2127 2128/2128/2128
f 2128/2128/2128 2126/2126/2126 2125/2125/2125
f 2127/2127/2127 2129/2129/2129 2130/2130/2130
f 2130/2130/2130 2128/2128/2128 2127/2127/2127
f 2129/2129/2129 2131/2131/2131 2132/2132/2132
f 2132/2132/2132 2130/2130/2130 2129/2129/2129
f 2131/2131/2131 2133/2133/2133 2134/2134/2134
f 2134/2134/2134 2132/2132/2132 2131/2131/2131
f 2133/2133/2133 2135/2135/2135 2136/2136/2136
f 2136/2136/2136 2134/2134/2134 2133/2133/2133
f 2135/2135/2135 2137/2137/2137 2138/2138/2138
f 2138/2138/2138 2136/2136/2136 2135/2135/2135
f 2137/2137/2137 2139/2139/2139 2140/2140/2140
f 2140/2140/2140 2138/2138/2138 2137/2137/2137
f 2139/2139/2139 2141/2141/2141 2142/2142/2142
f 2142/2142/2142 2140/2140/2140 2139/2139/2139
f 2141/2141/2141 2143/2143/2143 2144/2144/2144
f 2144/2144/2144 2142/2142/2142 2141/2141/2141
f 2143/2143/2143 2145/2145/2145 2146/2146/2146
f 2146/2146/2146 2144/2144/2144 2143/2143/2143
f 2145/2145/2145 2147/2147/2147 2148/2148/2148
f 2148/2148/2148 2146/2146/2146 2145/2145/2145
f 2147/2147/2147 2149/2149/2149 2150/2150/2150
f 2150/2150/2150 2148/2148/2148 2147/2147/2147
f 2149/2149/2149 2151/2151/2151 2152/2152/2152
f 2152/2152/2152 2150/2150/2150 2149/2149/2149
f 2151/2151/2151 2153/2153/2153 2154/2154/2154
f 2154/2154/2154 2152/2152/2152 2151/2151/2151
f 2153/2153/2153 2155/2155/2155 2156/2156/2156
f 2156/2156/2156 2154/2154/2154 2153/2153/2153
f 2155/2155/2155 2121/2121/2121 2124/2124/2124
f 2124/2124/2124 2156/2156/2156 2155/2155/2155
f 2124/2124/2124 2123/2123/2123 2157/2157/2157
f 2157/2157/2157 2158/2158/2158 2124/2124/2124
f 2123/2123/2123 2126/2126/2126 2159/2159/2159
f 2159/2159/2159 2157/2157/2157 2123/2123/2123
f 2126/2126/2126 2128/2128/2128 2160/2160/2160
f 2160/2160/2160 2159/2159/2159 2126/2126/2126
f 2128/2128/2128 2130/2130/2130 2161/2161/2161
f 2161/2161/2161 2160/2160/2160 2128/2128/2128
f 2130/2130/2130 2132/2132/2132 2162/2162/2162
f 2162/2162/2162 2161/2161/2161 2130/2130/2130
f 2132/2132/2132 2134/2134/2134 2163/2163/2163
f 2163/2163/2163 2162/2162/2162 2132/2132/2132
f 2134/2134/2134 2136/2136/2136 2164/2164/2164
f 2164/2164/2164 2163/2163/2163 2134/2134/2134
f 2136/2136/2136 2138/2138/2138 2165/2165/2165
f 2165/2165/2165 2164/2164/2164 2136/2136/2136
f 2138/2138/2138 2140/2140/2140 2166/2166/2166
f 2166/2166/2166 2165/2165/2165 2138/2138/2138
f 2140/2140/2140 2142/2142/2142 2167/2167/2167
f 2167/2167/2167 2166/2166/2166 2140/2140/2140
f 2142/2142/2142 2144/2144/2144 2168/2168/2168
f 2168/2168/2168 2167/2167/2167 2142/2142/2142
f 2144/2144/2144 2146/2146/2146 2169/2169/2169
f 2169/2169/2169 2168/2168/2168 2144/2144/2144
f 2146/2146/2146 2148/2148/2148 2170/2170/2170
f 2170/2170/2170 2169/2169/2169 2146/2146/2146
f 2148/2148/2148 2150/2150/2150 2171/2171/2171
f 2171/2171/2171 2170/2170/2170 2148/2148/2148
f 2150/2150/2150 2152/2152/2152 2172/2172/2172
f 2172/2172/2172 2171/2171/2171 2150/2150/2150
f 2152/2152/2152 2154/2154/2154 2173/2173/2173
f 2173/2173/2173 2172/2172/2172 2152/2152/2152
f 2154/2154/2154 2156/2156/2156 2174/2174/2174
f 2174/2174/2174 2173/2173/2173 2154/2154/2154
f 2156/2156/2156 2124/2124/2124 2158/2158/2158
f 2158/2158/2158 2174/2174/2174 2156/2156/2156
f 2158/2158/2158 2157/2157/2157 2175/2175/2175
f 2175/2175/2175 2176/2176/2176 2158/2158/2158
f 2157/2157/2157 2159/2159/2159 2177/2177/2177
f 2177/2177/2177 2175/2175/2175 2157/2157/2157
f 2159/2159/2159 2160/2160/2160 2178/2178/2178
f 2178/2178/2178 2177/2177/2177 2159/2159/2159
f 2160/2160/2160 2161/2161/2161 2179/2179/2179
f 2179/2179/2179 2178/2178/2178 2160/2160/2160
f 2161/2161/2161 2162/2162/2162 2180/2180/2180
f 2180/2180/2180 2179/2179/2179 2161/2161/2161
f 2162/2162/2162 2163/2163/2163 2181/2181/2181
f 2181/2181/2181 2180/2180/2180 2162/2162/2162
f 2163/2163/2163 2164/2164/2164 2182/2182/2182
f 2182/2182/2182 2181/2181/2181 2163/2163/2163
f 2164/2164/2164 2165/2165/2165 2183/2183/2183
f 2183/2183/2183 2182/2182/2182 2164/2164/2164
f 2165/2165/2165 2166/2166/2166 2184/2184/2184
f 2184/2184/2184 2183/2183/2183 2165/2165/2165
f 2166/2166/2166 2167/2167/2167 2185/2185/2185
f 2185/2185/2185 2184/2184/2184 2166/2166/2166
f 2167/2167/2167 2168/2168/2168 2186/2186/2186
f 2186/2186/2186 2185/2185/2185 2167/2167/2167
f 2168/2168/2168 2169/2169/2169 2187/2187/2187
f 2187/2187/2187 2186/2186/2186 2168/2168/2168
f 2169/2169/2169 2170/2170/2170 2188/2188/2188
f 2188/2188/2188 2187/2187/2187 2169/2169/2169
f 2170/2170/2170 2171/2171/2171 2189/2189/2189
f 2189/2189/2189 2188/2188/2188 2170/2170/2170
f 2171/2171/2171 2172/2172/2172 2190/2190/2190
f 2190/2190/2190 2189/2189/2189 2171/2171/2171
f 2172/2172/2172 2173/2173/2173 2191/2191/2191
f 2191/2191/2191 2190/2190/2190 2172/2172/2172
f 2173/2173/2173 2174/2174/2174 2192/2192/2192
f 2192/2192/2192 2191/2191/2191 2173/2173/2173
f 2174/2174/2174 2158/2158/2158 2176/2176/2176
f 2176/2176/2176 2192/2192/2192 2174/2174/2174
f 2176/2176/2176 2175/2175/2175 2193/2193/2193
f 2193/2193/2193 2194/2194/2194 2176/2176/2176
f 2175/2175/2175 2177/2177/2177 2195/2195/2195
f 2195/2195/2195 2193/2193/2193 2175/2175/2175
f 2177/2177/2177 2178/2178/2178 2196/2196/2196
f 2196/2196/2196 2195/2195/2195 2177/2177/2177
f 2178/2178/2178 2179/2179/2179 2197/2197/2197
f 2197/2197/2197 2196/2196/2196 2178/2178/2178
f 2179/2179/2179 2180/2180/2180 2198/2198/2198
f 2198/2198/2198 2197/2197/2197 2179/2179/2179
f 2180/2180/2180 2181/2181/2181 2199/2199/2199
f 2199/2199/2199 2198/2198/2198 2180/2180/2180
f 2181/2181/2181 2182/2182/2182 2200/2200/2200
f 2200/2200/2200 2199/2199/2199 2181/2181/2181
f 2182/2182/2182 2183/2183/2183 2201/2201/2201
f 2201/2201/2201 2200/2200/2200 2182/2182/2182
f 2183/2183/2183 2184/2184/2184 2202/2202/2202
f 2202/2202/2202 2201/2201/2201 2183/2183/2183
f 2184/2184/2184 2185/2185/2185 2203/2203/2203
f 2203/2203/2203 2202/2202/2202 2184/2184/2184
f 2185/2185/2185 2186/2186/2186 2204/2204/2204
f 2204/2204/2204 2203/2203/2203 2185/2185/2185
f 2186/2186/2186 2187/2187/2187 2205/2205/2205
f 2205/2205/2205 2204/2204/2204 2186/2186/2186
f 2187/2187/2187 2188/2188/2188 2206/2206/2206
f 2206/2206/2206 2205/2205/2205 2187/2187/2187
f 2188/2188/2188 2189/2189/2189 2207/2207/2207
f 2207/2207/2207 2206/2206/2206 2188/2188/2188
f 2189/2189/2189 2190/2190/2190 2208/2208/2208
f 2208/2208/2208 2207/2207/2207 2189/2189/2189
f 2190/2190/2190 2191/2191/2191 2209/2209/2209
f 2209/2209/2209 2208/2208/2208 2190/2190/2190
f 2191/2191/2191 2192/2192/2192 2210/2210/2210
f 2210/2210/2210 2209/2209/2209 2191/2191/2191
f 2192/2192/2192 2176/2176/2176 2194/2194/2194
f 2194/2194/2194 2210/2210/2210 2192/2192/2192
f 2194/2194/2194 2193/2193/2193 2211/2211/2211
f 2211/2211/2211 2212/2212/2212 2194/2194/2194
f 2193/2193/2193 2195/2195/2195 2213/2213/2213
f 2213/2213/2213 2211/2211/2211 2193/2193/2193
f 2195/2195/2195 2196/2196/2196 2214/2214/2214
f 2214/2214/2214 2213/2213/2213 2195/2195/2195
f 2196/2196/2196 2197/2197/2197 2215/2215/2215
f 2215/2215/2215 2214/2214/2214 2196/2196/2196
f 2197/2197/2197 2198/2198/2198 2216/2216/2216
f 2216/2216/2216 2215/2215/2215 2197/2197/2197
f 2198/2198/2198 2199/2199/2199 2217/2217/2217
f 2217/2217/2217 2216/2216/2216 2198/2198/2198
f 2199/2199/2199 2200/2200/2200 2218/2218/2218
f 2218/2218/2218 2217/2217/2217 2199/2199/2199
f 2200/2200/2200 2201/2201/2201 2219/2219/2219
f 2219/2219/2219 2218/2218/2218 2200/2200/2200
f 2201/2201/2201 2202/2202/2202 2220/2220/2220
f 2220/2220/2220 2219/2219/2219 2201/2201/2201
f 2202/2202/2202 2203/2203/2203 2221/2221/2221
f 2221/2221/2221 2220/2220/2220 2202/2202/2202
f 2203/2203/2203 2204/2204/2204 2222/2222/2222
f 2222/2222/2222 2221/2221/2221 2203/2203/2203
f 2204/2204/2204 2205/2205/2205 2223/2223/2223
f 2223/2223/2223 2222/2222/2222 2204/2204/2204
f 2205/2205/2205 2206/2206/2206 2224/2224/2224
f 2224/2224/2224 2223/2223/2223 2205/2205/2205
f 2206/2206/2206 2207/2207/2207 2225/2225/2225
f 2225/2225/2225 2224/2224/2224 2206/2206/2206
f 2207/2207/2207 2208/2208/2208 2226/2226/2226
f 2226/2226/2226 2225/2225/2225 2207/2207/2207
f 2208/2208/2208 2209/2209/2209 2227/2227/2227
f 2227/2227/2227 2226/2226/2226 2208/2208/2208
f 2209/2209/2209 2210/2210/2210 2228/2228/2228
f 2228/2228/2228 2227/2227/2227 2209/2209/2209
f 2210/2210/2210 2194/2194/2194 2212/2212/2212
f 2212/2212/2212 2228/2228/2228 2210/2210/2210
f 2212/2212/2212 2211/2211/2211 2229/2229/2229
f 2229/2229/2229 2230/2230/2230 2212/2212/2212
f 2211/2211/2211 2213/2213/2213 2231/2231/2231
f 2231/2231/2231 2229/2229/2229 2211/2211/2211
f 2213/2213/2213 2214/2214/2214 2232/2232/2232
f 2232/2232/2232 2231/2231/2231 2213/2213/2213
f 2214/2214/2214 2215/2215/2215 2233/2233/2233
f 2233/2233/2233 2232/2232/2232 2214/2214/2214
f 2215/2215/2215 2216/2216/2216 2234/2234/2234
f 2234/2234/2234 2233/2233/2233 2215/2215/2215
f 2216/2216/2216 2217/2217/2217 2235/2235/2235
f 2235/2235/2235 2234/2234/2234 2216/2216/2216
f 2217/2217/2217 2218/2218/2218 2236/2236/2236
f 2236/2236/2236 2235/2235/2235 2217/2217/2217
f 2218/2218/2218 2219/2219/2219 2237/2237/2237
f 2237/2237/2237 2236/2236/2236 2218/2218/2218
f 2219/2219/2219 2220/2220/2220 2238/2238/2238
f 2238/2238/2238 2237/2237/2237 2219/2219/2219
f 2220/2220/2220 2221/2221/2221 2239/2239/2239
f 2239/2239/2239 2238/2238/2238 2220/2220/2220
f 2221/2221/2221 2222/2222/2222 2240/2240/2240
f 2240/2240/2240 2239/2239/2239 2221/2221/2221
f 2222/2222/2222 2223/2223/2223 2241/2241/2241
f 2241/2241/2241 2240/2240/2240 2222/2222/2222
f 2223/2223/2223 2224/2224/2224 2242/2242/2242
f 2242/2242/2242 2241/2241/2241 2223/2223/2223
f 2224/2224/2224 2225/2225/2225 2243/2243/2243
f 2243/2243/2243 2242/2242/2242 2224/2224/2224
f 2225/2225/2225 2226/2226/2226 2244/2244/2244
f 2244/2244/2244 2243/2243/2243 2225/2225/2225
f 2226/2226/2226 2227/2227/2227 2245/2245/2245
f 2245/2245/2245 2244/2244/2244 2226/2226/2226
f 2227/2227/2227 2228/2228/2228 2246/2246/2246
f 2246/2246/2246 2245/2245/2245 2227/2227/2227
f 2228/2228/2228 2212/2212/2212 2230/2230/2230
f 2230/2230/2230 2246/2246/2246 2228/2228/2228
f 2230/2230/2230 2229/2229/2229 2247/2247/2247
f 2247/2247/2247 2248/2248/2248 2230/2230/2230
f 2229/2229/2229 2231/2231/2231 2249/2249/2249
f 2249/2249/2249 2247/2247/2247 2229/2229/2229
f 2231/2231/2231 2232/2232/2232 2250/2250/2250
f 2250/2250/2250 2249/2249/2249 2231/2231/2231
f 2232/2232/2232 2233/2233/2233 2251/2251/2251
f 2251/2251/2251 2250/2250/2250 2232/2232/2232
f 2233/2233/2233 2234/2234/2234 2252/2252/2252
f 2252/2252/2252 2251/2251/2251 2233/2233/2233
f 2234/2234/2234 2235/2235/2235 2253/2253/2253
f 2253/2253/2253 2252/2252/2252 2234/2234/2234
f 2235/2235/2235 2236/2236/2236 2254/2254/2254
f 2254/2254/2254 2253/2253/2253 2235/2235/2235
f 2236/2236/2236 2237/2237/2237 2255/2255/2255
f 2255/2255/2255 2254/2254/2254 2236/2236/2236
f 2237/2237/2237 2238/2238/2238 2256/2256/2256
f 2256/2256/2256 2255/2255/2255 2237/2237/2237
f 2238/2238/2238 2239/2239/2239 2257/2257/2257
f 2257/2257/2257 2256/2256/2256 2238/2238/2238
f 2239/2239/2239 2240/2240/2240 2258/2258/2258
f 2258/2258/2258 2257/2257/2257 2239/2239/2239
f 2240/2240/2240 2241/2241/2241 2259/2259/2259
f 2259/2259/2259 2258/2258/2258 2240/2240/2240
f 2241/2241/2241 2242/2242/2242 2260/2260/2260
f 2260/2260/2260 2259/2259/2259 2241/2241/2241
f 2242/2242/2242 2243/2243/2243 2261/2261/2261
f 2261/2261/2261 2260/2260/2260 2242/2242/2242
f 2243/2243/2243 2244/2244/2244 2262/2262/2262
f 2262/2262/2262 2261/2261/2261 2243/2243/2243
f 2244/2244/2244 2245/2245/2245 2263/2263/2263
f 2263/2263/2263 2262/2262/2262 2244/2244/2244
f 2245/2245/2245 2246/2246/2246 2264/2264/2264
f 2264/2264/2264 2263/2263/2263 2245/2245/2245
f 2246/2246/2246 2230/2230/2230 2248/2248/2248
f 2248/2248/2248 2264/2264/2264 2246/2246/2246
f 2265/2265/2265 2266/2266/2266 2267/2267/2267
f 2267/2267/2267 2268/2268/2268 2269/2269/2269
f 2269/2269/2269 2270/2270/2270 2271/2271/2271
f 2267/2267/2267 2269/2269/2269 2271/2271/2271
f 2271/2271/2271 2272/2272/2272 2273/2273/2273
f 2273/2273/2273 2274/2274/2274 2275/2275/2275
f 2271/2271/2271 2273/2273/2273 2275/2275/2275
f 2275/2275/2275 2276/2276/2276 2277/2277/2277
f 2277/2277/2277 2278/2278/2278 2279/2279/2279
f 2275/2275/2275 2277/2277/2277 2279/2279/2279
f 2271/2271/2271 2275/2275/2275 2279/2279/2279
f 2267/2267/2267 2271/2271/2271 2279/2279/2279
f 2279/2279/2279 2280/2280/2280 2281/2281/2281
f 2267/2267/2267 2279/2279/2279 2281/2281/2281
f 2265/2265/2265 2267/2267/2267 2281/2281/2281
f 2282/2282/2282 2265/2265/2265 2281/2281/2281
f 2283/2283/2283 2284/2284/2284 2285/2285/2285
f 2285/2285/2285 2286/2286/2286 2287/2287/2287
f 2287/2287/2287 2288/2288/2288 2289/2289/2289
f 2285/2285/2285 2287/2287/2287 2289/2289/2289
f 2289/2289/2289 2290/2290/2290 2291/2291/2291
f 2291/2291/2291 2292/2292/2292 2293/2293/2293
f 2289/2289/2289 2291/2291/2291 2293/2293/2293
f 2293/2293/2293 2294/2294/2294 2295/2295/2295
f 2295/2295/2295 2296/2296/2296 2297/2297/2297
f 2293/2293/2293 2295/2295/2295 2297/2297/2297
f 2289/2289/2289 2293/2293/2293 2297/2297/2297
f 2285/2285/2285 2289/2289/2289 2297/2297/2297
f 2297/2297/2297 2298/2298/2298 2299/2299/2299
f 2285/2285/2285 2297/2297/2297 2299/2299/2299
f 2283/2283/2283 2285/2285/2285 2299/2299/2299
f 2300/2300/2300 2283/2283/2283 2299/2299/2299
f 2301/2301/2301 2302/2302/2302 2303/2303/2303
f 2303/2303/2303 2304/2304/2304 2301/2301/2301
f 2302/2302/2302 2305/2305/2305 2306/2306/2306
f 2306/2306/2306 2303/2303/2303 2302/2302/2302
f 2305/2305/2305 2307/2307/2307 2308/2308/2308
f 2308/2308/2308 2306/2306/2306 2305/2305/2305
f 2307/2307/2307 2309/2309/2309 2310/2310/2310
f 2310/2310/2310 2308/2308/2308 2307/2307/2307
f 2309/2309/2309 2311/2311/2311 2312/2312/2312
f 2312/2312/2312 2310/2310/2310 2309/2309/2309
f 2311/2311/2311 2313/2313/2313 2314/2314/2314
f 2314/2314/2314 2312/2312/2312 2311/2311/2311
f 2313/2313/2313 2315/2315/2315 2316/2316/2316
f 2316/2316/2316 2314/2314/2314 2313/2313/2313
f 2315/2315/2315 2317/2317/2317 2318/2318/2318
f 2318/2318/2318 2316/2316/2316 2315/2315/2315
f 2317/2317/2317 2319/2319/2319 2320/2320/2320
f 2320/2320/2320 2318/2318/2318 2317/2317/2317
f 2319/2319/2319 2321/2321/2321 2322/2322/2322
f 2322/2322/2322 2320/2320/2320 2319/2319/2319
f 2321/2321/2321 2323/2323/2323 2324/2324/2324
f 2324/2324/2324 2322/2322/2322 2321/2321/2321
f 2323/2323/2323 2325/2325/2325 2326/2326/2326
f 2326/2326/2326 2324/2324/2324 2323/2323/2323
f 2325/2325/2325 2327/2327/2327 2328/2328/2328
f 2328/2328/2328 2326/2326/2326 2325/2325/2325
f 2327/2327/2327 2329/2329/2329 2330/2330/2330
f 2330/2330/2330 2328/2328/2328 2327/2327/2327
f 2329/2329/2329 2331/2331/2331 2332/2332/2332
f 2332/2332/2332 2330/2330/2330 2329/2329/2329
f 2331/2331/2331 2333/2333/2333 2334/2334/2334
f 2334/2334/2334 2332/2332/2332 2331/2331/2331
f 2333/2333/2333 2335/2335/2335 2336/2336/2336
f 2336/2336/2336 2334/2334/2334 2333/2333/2333
f 2335/2335/2335 2301/2301/2301 2304/2304/2304
f 2304/2304/2304 2336/2336/2336 2335/2335/2335
f 2304/2304/2304 2303/2303/2303 2337/2337/2337
f 2337/2337/2337 2338/2338/2338 2304/2304/2304
f 2303/2303/2303 2306/2306/2306 2339/2339/2339
f 2339/2339/2339 2337/2337/2337 2303/2303/2303
f 2306/2306/2306 2308/2308/2308 2340/2340/2340
f 2340/2340/2340 2339/2339/2339 2306/2306/2306
f 2308/2308/2308 2310/2310/2310 2341/2341/2341
f 2341/2341/2341 2340/2340/2340 2308/2308/2308
f 2310/2310/2310 2312/2312/2312 2342/2342/2342
f 2342/2342/2342 2341/2341/2341 2310/2310/2310
f 2312/2312/2312 2314/2314/2314 2343/2343/2343
f 2343/2343/2343 2342/2342/2342 2312/2312/2312
f 2314/2314/2314 2316/2316/2316 2344/2344/2344
f 2344/2344/2344 2343/2343/2343 2314/2314/2314
f 2316/2316/2316 2318/2318/2318 2345/2345/2345
f 2345/2345/2345 2344/2344/2344 2316/2316/2316
f 2318/2318/2318 2320/2320/2320 2346/2346/2346
f 2346/2346/2346 2345/2345/2345 2318/2318/2318
f 2320/2320/2320 2322/2322/2322 2347/2347/2347
f 2347/2347/2347 2346/2346/2346 2320/2320/2320
f 2322/2322/2322 2324/2324/2324 2348/2348/2348
f 2348/2348/2348 2347/2347/2347 2322/2322/2322
f 2324/2324/2324 2326/2326/2326 2349/2349/2349
f 2349/2349/2349 2348/2348/2348 2324/2324/2324
f 2326/2326/2326 2328/2328/2328 2350/2350/2350
f 2350/2350/2350 2349/2349/2349 2326/2326/2326
f 2328/2328/2328 2330/2330/2330 2351/2351/2351
f 2351/2351/2351 2350/2350/2350 2328/2328/2328
f 2330/2330/2330 2332/2332/2332 2352/2352/2352
f 2352/2352/2352 2351/2351/2351 2330/2330/2330
f 2332/2332/2332 2334/2334/2334 2353/2353/2353
f 2353/2353/2353 2352/2352/2352 2332/2332/2332
f 2334/2334/2334 2336/2336/2336 2354/2354/2354
f 2354/2354/2354 2353/2353/2353 2334/2334/2334
f 2336/2336/2336 2304/2304/2304 2338/2338/2338
f 2338/2338/2338 2354/2354/2354 2336/2336/2336
f 2338/2338/2338 2337/2337/2337 2355/2355/2355
f 2355/2355/2355 2356/2356/2356 2338/2338/2338
f 2337/2337/2337 2339/2339/2339 2357/2357/2357
f 2357/2357/2357 2355/2355/2355 2337/2337/2337
f 2339/2339/2339 2340/2340/2340 2358/2358/2358
f 2358/2358/2358 2357/2357/2357 2339/2339/2339
f 2340/2340/2340 2341/2341/2341 2359/2359/2359
f 2359/2359/2359 2358/2358/2358 2340/2340/2340
f 2341/2341/2341 2342/2342/2342 2360/2360/2360
f 2360/2360/2360 2359/2359/2359 2341/2341/2341
f 2342/2342/2342 2343/2343/2343 2361/2361/2361
f 2361/2361/2361 2360/2360/2360 2342/2342/2342
f 2343/2343/2343 2344/2344/2344 2362/2362/2362
f 2362/2362/2362 2361/2361/2361 2343/2343/2343
f 2344/2344/2344 2345/2345/2345 2363/2363/2363
f 2363/2363/2363 2362/2362/2362 2344/2344/2344
f 2345/2345/2345 2346/2346/2346 2364/2364/2364
f 2364/2364/2364 2363/2363/2363 2345/2345/2345
f 2346/2346/2346 2347/2347/2347 2365/2365/2365
f 2365/2365/2365 2364/2364/2364 2346/2346/2346
f 2347/2347/2347 2348/2348/2348 2366/2366/2366
f 2366/2366/2366 2365/2365/2365 2347/2347/2347
f 2348/2348/2348 2349/2349/2349 2367/2367/2367
f 2367/2367/2367 2366/2366/2366 2348/2348/2348
f 2349/2349/2349 2350/2350/2350 2368/2368/2368
f 2368/2368/2368 2367/2367/2367 2349/2349/2349
f 2350/2350/2350 2351/2351/2351 2369/2369/2369
f 2369/2369/2369 2368/2368/2368 2350/2350/2350
f 2351/2351/2351 2352/2352/2352 2370/2370/2370
f 2370/2370/2370 2369/2369/2369 2351/2351/2351
f 2352/2352/2352 2353/2353/2353 2371/2371/2371
f 2371/2371/2371 2370/2370/2370 2352/2352/2352
f 2353/2353/2353 2354/2354/2354 2372/2372/2372
f 2372/2372/2372 2371/2371/2371 2353/2353/2353
f 2354/2354/2354 2338/2338/2338 2356/2356/2356
f 2356/2356/2356 2372/2372/2372 2354/2354/2354
f 2373/2373/2373 2374/2374/2374 2375/2375/2375
f 2375/2375/2375 2376/2376/2376 2373/2373/2373
f 2374/2374/2374 2377/2377/2377 2378/2378/2378
f 2378/2378/2378 2375/2375/2375 2374/2374/2374
f 2377/2377/2377 2379/2379/2379 2380/2380/2380
f 2380/2380/2380 2378/2378/2378 2377/2377/2377
f 2379/2379/2379 2381/2381/2381 2382/2382/2382
f 2382/2382/2382 2380/2380/2380 2379/2379/2379
f 2381/2381/2381 2383/2383/2383 2384/2384/2384
f 2384/2384/2384 2382/2382/2382 2381/2381/2381
f 2383/2383/2383 2385/2385/2385 2386/2386/2386
f 2386/2386/2386 2384/2384/2384 2383/2383/2383
f 2385/2385/2385 2387/2387/2387 2388/2388/2388
f 2388/2388/2388 2386/2386/2386 2385/2385/2385
f 2387/2387/2387 2389/2389/2389 2390/2390/2390
f 2390/2390/2390 2388/2388/2388 2387/2387/2387
f 2389/2389/2389 2391/2391/2391 2392/2392/2392
f 2392/2392/2392 2390/2390/2390 2389/2389/2389
f 2391/2391/2391 2393/2393/2393 2394/2394/2394
f 2394/2394/2394 2392/2392/2392 2391/2391/2391
f 2393/2393/2393 2395/2395/2395 2396/2396/2396
f 2396/2396/2396 2394/2394/2394 2393/2393/2393
f 2395/2395/2395 2397/2397/2397 2398/2398/2398
f 2398/2398/2398 2396/2396/2396 2395/2395/2395
f 2397/2397/2397 2399/2399/2399 2400/2400/2400
f 2400/2400/2400 2398/2398/2398 2397/2397/2397
f 2399/2399/2399 2401/2401/2401 2402/2402/2402
f 2402/2402/2402 2400/2400/2400 2399/2399/2399
f 2401/2401/2401 2403/2403/2403 2404/2404/2404
f 2404/2404/2404 2402/2402/2402 2401/2401/2401
f 2403/2403/2403 2405/2405/2405 2406/2406/2406
f 2406/2406/2406 2404/2404/2404 2403/2403/2403
f 2405/2405/2405 2407/2407/2407 2408/2408/2408
f 2408/2408/2408 2406/2406/2406 2405/2405/2405
f 2407/2407/2407 2373/2373/2373 2376/2376/2376
f 2376/2376/2376 2408/2408/2408 2407/2407/2407
f 2376/2376/2376 2375/2375/2375 2409/2409/2409
f 2409/2409/2409 2410/2410/2410 2376/2376/2376
f 2375/2375/2375 2378/2378/2378 2411/2411/2411
f 2411/2411/2411 2409/2409/2409 2375/2375/2375
f 2378/2378/2378 2380/2380/2380 2412/2412/2412
f 2412/2412/2412 2411/2411/2411 2378/2378/2378
f 2380/2380/2380 2382/2382/2382 2413/2413/2413
f 2413/2413/2413 2412/2412/2412 2380/2380/2380
f 2382/2382/2382 2384/2384/2384 2414/2414/2414
f 2414/2414/2414 2413/2413/2413 2382/2382/2382
f 2384/2384/2384 2386/2386/2386 2415/2415/2415
f 2415/2415/2415 2414/2414/2414 2384/2384/2384
f 2386/2386/2386 2388/2388/2388 2416/2416/2416
f 2416/2416/2416 2415/2415/2415 2386/2386/2386
f 2388/2388/2388 2390/2390/2390 2417/2417/2417
f 2417/2417/2417 2416/2416/2416 2388/2388/2388
f 2390/2390/2390 2392/2392/2392 2418/2418/2418
f 2418/2418/2418 2417/2417/2417 2390/2390/2390
f 2392/2392/2392 2394/2394/2394 2419/2419/2419
f 2419/2419/2419 2418/2418/2418 2392/2392/2392
f 2394/2394/2394 2396/2396/2396 2420/2420/2420
f 2420/2420/2420 2419/2419/2419 2394/2394/2394
f 2396/2396/2396 2398/2398/2398 2421/2421/2421
f 2421/2421/2421 2420/2420/2420 2396/2396/2396
f 2398/2398/2398 2400/2400/2400 2422/2422/2422
f 2422/2422/2422 2421/2421/2421 2398/2398/2398
f 2400/2400/2400 2402/2402/2402 2423/2423/2423
f 2423/2423/2423 2422/2422/2422 2400/2400/2400
f 2402/2402/2402 2404/2404/2404 2424/2424/2424
f 2424/2424/2424 2423/2423/2423 2402/2402/2402
f 2404/2404/2404 2406/2406/2406 2425/2425/2425
f 2425/2425/2425 2424/2424/2424 2404/2404/2404
f 2406/2406/2406 2408/2408/2408 2426/2426/2426
f 2426/2426/2426 2425/2425/2425 2406/2406/2406
f 2408/2408/2408 2376/2376/2376 2410/2410/2410
f 2410/2410/2410 2426/2426/2426 2408/2408/2408
f 2410/2410/2410 2409/2409/2409 2427/2427/2427
f 2427/2427/2427 2428/2428/2428 2410/2410/2410
f 2409/2409/2409 2411/2411/2411 2429/2429/2429
f 2429/2429/2429 2427/2427/2427 2409/2409/2409
f 2411/2411/2411 2412/2412/2412 2430/2430/2430
f 2430/2430/2430 2429/2429/2429 2411/2411/2411
f 2412/2412/2412 2413/2413/2413 2431/2431/2431
f 2431/2431/2431 2430/2430/2430 2412/2412/2412
f 2413/2413/2413 2414/2414/2414 2432/2432/2432
f 2432/2432/2432 2431/2431/2431 2413/2413/2413
f 2414/2414/2414 2415/2415/2415 2433/2433/2433
f 2433/2433/2433 2432/2432/2432 2414/2414/2414
f 2415/2415/2415 2416/2416/2416 2434/2434/2434
f 2434/2434/2434 2433/2433/2433 2415/2415/2415
f 2416/2416/2416 2417/2417/2417 2435/2435/2435
f 2435/2435/2435 2434/2434/2434 2416/2416/2416
f 2417/2417/2417 2418/2418/2418 2436/2436/2436
f 2436/2436/2436 2435/2435/2435 2417/2417/2417
f 2418/2418/2418 2419/2419/2419 2437/2437/2437
f 2437/2437/2437 2436/2436/2436 2418/2418/2418
f 2419/2419/2419 2420/2420/2420 2438/2438/2438
f 2438/2438/2438 2437/2437/2437 2419/2419/2419
f 2420/2420/2420 2421/2421/2421 2439/2439/2439
f 2439/2439/2439 2438/2438/2438 2420/2420/2420
f 2421/2421/2421 2422/2422/2422 2440/2440/2440
f 2440/2440/2440 2439/2439/2439 2421/2421/2421
f 2422/2422/2422 2423/2423/2423 2441/2441/2441
f 2441/2441/2441 2440/2440/2440 2422/2422/2422
f 2423/2423/2423 2424/2424/2424 2442/2442/2442
f 2442/2442/2442 2441/2441/2441 2423/2423/2423
f 2424/2424/2424 2425/2425/2425 2443/2443/2443
f 2443/2443/2443 2442/2442/2442 2424/2424/2424
f 2425/2425/2425 2426/2426/2426 2444/2444/2444
f 2444/2444/2444 2443/2443/2443 2425/2425/2425
f 2426/2426/2426 2410/2410/2410 2428/2428/2428
f 2428/2428/2428 2444/2444/2444 2426/2426/2426
f 2428/2428/2428 2427/2427/2427 2445/2445/2445
f 2445/2445/2445 2446/2446/2446 2428/2428/2428
f 2427/2427/2427 2429/2429/2429 2447/2447/2447
f 2447/2447/2447 2445/2445/2445 2427/2427/2427
f 2429/2429/2429 2430/2430/2430 2448/2448/2448
f 2448/2448/2448 2447/2447/2447 2429/2429/2429
f 2430/2430/2430 2431/2431/2431 2449/2449/2449
f 2449/2449/2449 2448/2448/2448 2430/2430/2430
f 2431/2431/2431 2432/2432/2432 2450/2450/2450
f 2450/2450/2450 2449/2449/2449 2431/2431/2431
f 2432/2432/2432 2433/2433/2433 2451/2451/2451
f 2451/2451/2451 2450/2450/2450 2432/2432/2432
f 2433/2433/2433 2434/2434/2434 2452/2452/2452
f 2452/2452/2452 2451/2451/2451 2433/2433/2433
f 2434/2434/2434 2435/2435/2435 2453/2453/2453
f 2453/2453/2453 2452/2452/2452 2434/2434/2434
f 2435/2435/2435 2436/2436/2436 2454/2454/2454
f 2454/2454/2454 2453/2453/2453 2435/2435/2435
f 2436/2436/2436 2437/2437/2437 2455/2455/2455
f 2455/2455/2455 2454/2454/2454 2436/2436/2436
f 2437/2437/2437 2438/2438/2438 2456/2456/2456
f 2456/2456/2456 2455/2455/2455 2437/2437/2437
f 2438/2438/2438 2439/2439/2439 2457/2457/2457
f 2457/2457/2457 2456/2456/2456 2438/2438/2438
f 2439/2439/2439 2440/2440/2440 2458/2458/2458
f 2458/2458/2458 2457/2457/2457 2439/2439/2439
f 2440/2440/2440 2441/2441/2441 2459/2459/2459
f 2459/2459/2459 2458/2458/2458 2440/2440/2440
f 2441/2441/2441 2442/2442/2442 2460/2460/2460
f 2460/2460/2460 2459/2459/2459 2441/2441/2441
f 2442/2442/2442 2443/2443/2443 2461/2461/2461
f 2461/2461/2461 2460/2460/2460 2442/2442/2442
f 2443/2443/2443 2444/2444/2444 2462/2462/2462
f 2462/2462/2462 2461/2461/2461 2443/2443/2443
f 2444/2444/2444 2428/2428/2428 2446/2446/2446
f 2446/2446/2446 2462/2462/2462 2444/2444/2444
f 2446/2446/2446 2445/2445/2445 2463/2463/2463
f 2463/2463/2463 2464/2464/2464 2446/2446/2446
f 2445/2445/2445 2447/2447/2447 2465/2465/2465
f 2465/2465/2465 2463/2463/2463 2445/2445/2445
f 2447/2447/2447 2448/2448/2448 2466/2466/2466
f 2466/2466/2466 2465/2465/2465 2447/2447/2447
f 2448/2448/2448 2449/2449/2449 2467/2467/2467
f 2467/2467/2467 2466/2466/2466 2448/2448/2448
f 2449/2449/2449 2450/2450/2450 2468/2468/2468
f 2468/2468/2468 2467/2467/2467 2449/2449/2449
f 2450/2450/2450 2451/2451/2451 2469/2469/2469
f 2469/2469/2469 2468/2468/2468 2450/2450/2450
f 2451/2451/2451 2452/2452/2452 2470/2470/2470
f 2470/2470/2470 2469/2469/2469 2451/2451/2451
f 2452/2452/2452 2453/2453/2453 2471/2471/2471
f 2471/2471/2471 2470/2470/2470 2452/2452/2452
f 2453/2453/2453 2454/2454/2454 2472/2472/2472
f 2472/2472/2472 2471/2471/2471 2453/2453/2453
f 2454/2454/2454 2455/2455/2455 2473/2473/2473
f 2473/2473/2473 2472/2472/2472 2454/2454/2454
f 2455/2455/2455 2456/2456/2456 2474/2474/2474
f 2474/2474/2474 2473/2473/2473 2455/2455/2455
f 2456/2456/2456 2457/2457/2457 2475/2475/2475
f 2475/2475/2475 2474/2474/2474 2456/2456/2456
f 2457/2457/2457 2458/2458/2458 2476/2476/2476
f 2476/2476/2476 2475/2475/2475 2457/2457/2457
f 2458/2458/2458 2459/2459/2459 2477/2477/2477
f 2477/2477/2477 2476/2476/2476 2458/2458/2458
f 2459/2459/2459 2460/2460/2460 2478/2478/2478
f 2478/2478/2478 2477/2477/2477 2459/2459/2459
f 2460/2460/2460 2461/2461/2461 2479/2479/2479
f 2479/2479/2479 2478/2478/2478 2460/2460/2460
f 2461/2461/2461 2462/2462/2462 2480/2480/2480
f 2480/2480/2480 2479/2479/2479 2461/2461/2461
f 2462/2462/2462 2446/2446/2446 2464/2464/2464
f 2464/2464/2464 2480/2480/2480 2462/2462/2462
f 2464/2464/2464 2463/2463/2463 2481/2481/2481
f 2481/2481/2481 2482/2482/2482 2464/2464/2464
f 2463/2463/2463 2465/2465/2465 2483/2483/2483
f 2483/2483/2483 2481/2481/2481 2463/2463/2463
f 2465/2465/2465 2466/2466/2466 2484/2484/2484
f 2484/2484/2484 2483/2483/2483 2465/2465/2465
f 2466/2466/2466 2467/2467/2467 2485/2485/2485
f 2485/2485/2485 2484/2484/2484 2466/2466/2466
f 2467/2467/2467 2468/2468/2468 2486/2486/2486
f 2486/2486/2486 2485/2485/2485 2467/2467/2467
f 2468/2468/2468 2469/2469/2469 2487/2487/2487
f 2487/2487/2487 2486/2486/2486 2468/2468/2468
f 2469/2469/2469 2470/2470/2470 2488/2488/2488
f 2488/2488/2488 2487/2487/2487 2469/2469/2469
f 2470/2470/2470 2471/2471/2471 2489/2489/2489
f 2489/2489/2489 2488/2488/2488 2470/2470/2470
f 2471/2471/2471 2472/2472/2472 2490/2490/2490
f 2490/2490/2490 2489/2489/2489 2471/2471/2471
f 2472/2472/2472 2473/2473/2473 2491/2491/2491
f 2491/2491/2491 2490/2490/2490 2472/2472/2472
f 2473/2473/2473 2474/2474/2474 2492/2492/2492
f 2492/2492/2492 2491/2491/2491 2473/2473/2473
f 2474/2474/2474 2475/2475/2475 2493/2493/2493
f 2493/2493/2493 2492/2492/2492 2474/2474/2474
f 2475/2475/2475 2476/2476/2476 2494/2494/2494
f 2494/2494/2494 2493/2493/2493 2475/2475/2475
f 2476/2476/2476 2477/2477/2477 2495/2495/2495
f 2495/2495/2495 2494/2494/2494 2476/2476/2476
f 2477/2477/2477 2478/2478/2478 2496/2496/2496
f 2496/2496/2496 2495/2495/2495 2477/2477/2477
f 2478/2478/2478 2479/2479/2479 2497/2497/2497
f 2497/2497/2497 2496/2496/2496 2478/2478/2478
f 2479/2479/2479 2480/2480/2480 2498/2498/2498
f 2498/2498/2498 2497/2497/2497 2479/2479/2479
f 2480/2480/2480 2464/2464/2464 2482/2482/2482
f 2482/2482/2482 2498/2498/2498 2480/2480/2480
f 2482/2482/2482 2481/2481/2481 2499/2499/2499
f 2499/2499/2499 2500/2500/2500 2482/2482/2482
f 2481/2481/2481 2483/2483/2483 2501/2501/2501
f 2501/2501/2501 2499/2499/2499 2481/2481/2481
f 2483/2483/2483 2484/2484/2484 2502/2502/2502
f 2502/2502/2502 2501/2501/2501 2483/2483/2483
f 2484/2484/2484 2485/2485/2485 2503/2503/2503
f 2503/2503/2503 2502/2502/2502 2484/2484/2484
f 2485/2485/2485 2486/2486/2486 2504/2504/2504
f 2504/2504/2504 2503/2503/2503 2485/2485/2485
f 2486/2486/2486 2487/2487/2487 2505/2505/2505
f 2505/2505/2505 2504/2504/2504 2486/2486/2486
f 2487/2487/2487 2488/2488/2488 2506/2506/2506
f 2506/2506/2506 2505/2505/2505 2487/2487/2487
f 2488/2488/2488 2489/2489/2489 2507/2507/2507
f 2507/2507/2507 2506/2506/2506 2488/2488/2488
f 2489/2489/2489 2490/2490/2490 2508/2508/2508
f 2508/2508/2508 2507/2507/2507 2489/2489/2489
f 2490/2490/2490 2491/2491/2491 2509/2509/2509
f 2509/2509/2509 2508/2508/2508 2490/2490/2490
f 2491/2491/2491 2492/2492/2492 2510/2510/2510
f 2510/2510/2510 2509/2509/2509 2491/2491/2491
f 2492/2492/2492 2493/2493/2493 2511/2511/2511
f 2511/2511/2511 2510/2510/2510 2492/2492/2492
f 2493/2493/2493 2494/2494/2494 2512/2512/2512
f 2512/2512/2512 2511/2511/2511 2493/2493/2493
f 2494/2494/2494 2495/2495/2495 2513/2513/2513
f 2513/2513/2513 2512/2512/2512 2494/2494/2494
f 2495/2495/2495 2496/2496/2496 2514/2514/2514
f 2514/2514/2514 2513/2513/2513 2495/2495/2495
f 2496/2496/2496 2497/2497/2497 2515/2515/2515
f 2515/2515/2515 2514/2514/2514 2496/2496/2496
f 2497/2497/2497 2498/2498/2498 2516/2516/2516
f 2516/2516/2516 2515/2515/2515 2497/2497/2497
f 2498/2498/2498 2482/2482/2482 2500/2500/2500
f 2500/2500/2500 2516/2516/2516 2498/2498/2498
f 2517/2517/2517 2518/2518/2518 2519/2519/2519
f 2519/2519/2519 2520/2520/2520 2521/2521/2521
f 2521/2521/2521 2522/2522/2522 2523/2523/2523
f 2519/2519/2519 2521/2521/2521 2523/2523/2523
f 2523/2523/2523 2524/2524/2524 2525/2525/2525
f 2525/2525/2525 2526/2526/2526 2527/2527/2527
f 2523/2523/2523 2525/2525/2525 2527/2527/2527
f 2527/2527/2527 2528/2528/2528 2529/2529/2529
f 2529/2529/2529 2530/2530/2530 2531/2531/2531
f 2527/2527/2527 2529/2529/2529 2531/2531/2531
f 2523/2523/2523 2527/2527/2527 2531/2531/2531
f 2519/2519/2519 2523/2523/2523 2531/2531/2531
f 2531/2531/2531 2532/2532/2532 2533/2533/2533
f 2519/2519/2519 2531/2531/2531 2533/2533/2533
f 2517/2517/2517 2519/2519/2519 2533/2533/2533
f 2534/2534/2534 2517/2517/2517 2533/2533/2533
f 2535/2535/2535 2536/2536/2536 2537/2537/2537
f 2535/2535/2535 2537/2537/2537 2538/2538/2538
f 2535/2535/2535 2538/2538/2538 2539/2539/2539
f 2535/2535/2535 2539/2539/2539 2540/2540/2540
f 2535/2535/2535 2540/2540/2540 2541/2541/2541
f 2535/2535/2535 2541/2541/2541 2542/2542/2542
f 2535/2535/2535 2542/2542/2542 2543/2543/2543
f 2535/2535/2535 2543/2543/2543 2544/2544/2544
f 2545/2545/2545 2546/2546/2546 2547/2547/2547
f 2547/2547/2547 2548/2548/2548 2545/2545/2545
f 2549/2549/2549 2550/2550/2550 2551/2551/2551
f 2551/2551/2551 2552/2552/2552 2549/2549/2549
f 2553/2553/2553 2554/2554/2554 2555/2555/2555
f 2555/2555/2555 2556/2556/2556 2553/2553/2553
f 2557/2557/2557 2558/2558/2558 2559/2559/2559
f 2559/2559/2559 2560/2560/2560 2557/2557/2557
f 2561/2561/2561 2562/2562/2562 2563/2563/2563
f 2563/2563/2563 2564/2564/2564 2561/2561/2561
f 2565/2565/2565 2566/2566/2566 2567/2567/2567
f 2567/2567/2567 2568/2568/2568 2565/2565/2565
f 2569/2569/2569 2570/2570/2570 2571/2571/2571
f 2571/2571/2571 2572/2572/2572 2569/2569/2569
f 2573/2573/2573 2574/2574/2574 2575/2575/2575
f 2575/2575/2575 2576/2576/2576 2573/2573/2573
f 2577/2577/2577 2578/2578/2578 2579/2579/2579
f 2579/2579/2579 2580/2580/2580 2577/2577/2577
f 2581/2581/2581 2582/2582/2582 2583/2583/2583
f 2583/2583/2583 2584/2584/2584 2581/2581/2581
f 2585/2585/2585 2586/2586/2586 2587/2587/2587
f 2587/2587/2587 2588/2588/2588 2585/2585/2585
f 2589/2589/2589 2590/2590/2590 2591/2591/2591
f 2591/2591/2591 2592/2592/2592 2589/2589/2589
f 2593/2593/2593 2594/2594/2594 2595/2595/2595
f 2595/2595/2595 2596/2596/2596 2593/2593/2593
f 2597/2597/2597 2598/2598/2598 2599/2599/2599
f 2599/2599/2599 2600/2600/2600 2597/2597/2597
f 2601/2601/2601 2602/2602/2602 2603/2603/2603
f 2603/2603/2603 2604/2604/2604 2601/2601/2601
f 2605/2605/2605 2606/2606/2606 2607/2607/2607
f 2607/2607/2607 2608/2608/2608 2605/2605/2605
f 2609/2609/2609 2610/2610/2610 2611/2611/2611
f 2611/2611/2611 2612/2612/2612 2609/2609/2609
f 2613/2613/2613 2614/2614/2614 2615/2615/2615
f 2615/2615/2615 2616/2616/2616 2613/2613/2613
f 2617/2617/2617 2618/2618/2618 2619/2619/2619
f 2619/2619/2619 2620/2620/2620 2617/2617/2617
f 2621/2621/2621 2622/2622/2622 2623/2623/2623
f 2623/2623/2623 2624/2624/2624 2621/2621/2621
f 2625/2625/2625 2626/2626/2626 2627/2627/2627
f 2627/2627/2627 2628/2628/2628 2625/2625/2625
f 2629/2629/2629 2630/2630/2630 2631/2631/2631
f 2631/2631/2631 2632/2632/2632 2629/2629/2629
f 2633/2633/2633 2634/2634/2634 2635/2635/2635
f 2635/2635/2635 2636/2636/2636 2633/2633/2633
f 2637/2637/2637 2638/2638/2638 2639/2639/2639
f 2639/2639/2639 2640/2640/2640 2637/2637/2637
f 2641/2641/2641 2642/2642/2642 2643/2643/2643
f 2643/2643/2643 2644/2644/2644 2641/2641/2641
f 2645/2645/2645 2646/2646/2646 2647/2647/2647
f 2647/2647/2647 2648/2648/2648 2645/2645/2645
f 2649/2649/2649 2650/2650/2650 2651/2651/2651
f 2651/2651/2651 2652/2652/2652 2649/2649/2649
f 2653/2653/2653 2654/2654/2654 2655/2655/2655
f 2655/2655/2655 2656/2656/2656 2653/2653/2653
f 2657/2657/2657 2658/2658/2658 2659/2659/2659
f 2659/2659/2659 2660/2660/2660 2657/2657/2657
f 2661/2661/2661 2662/2662/2662 2663/2663/2663
f 2663/2663/2663 2664/2664/2664 2661/2661/2661
f 2665/2665/2665 2666/2666/2666 2667/2667/2667
f 2667/2667/2667 2668/2668/2668 2665/2665/2665
f 2669/2669/2669 2670/2670/2670 2671/2671/2671
f 2671/2671/2671 2672/2672/2672 2669/2669/2669
f 2673/2673/2673 2674/2674/2674 2675/2675/2675
f 2675/2675/2675 2676/2676/2676 2673/2673/2673
f 2677/2677/2677 2678/2678/2678 2679/2679/2679
f 2679/2679/2679 2680/2680/2680 2677/2677/2677
f 2681/2681/2681 2682/2682/2682 2683/2683/2683
f 2683/2683/2683 2684/2684/2684 2681/2681/2681
f 2685/2685/2685 2686/2686/2686 2687/2687/2687
f 2687/2687/2687 2688/2688/2688 2685/2685/2685
f 2689/2689/2689 2690/2690/2690 2691/2691/2691
f 2691/2691/2691 2692/2692/2692 2689/2689/2689
f 2693/2693/2693 2694/2694/2694 2695/2695/2695
f 2695/2695/2695 2696/2696/2696 2693/2693/2693
f 2697/2697/2697 2698/2698/2698 2699/2699/2699
f 2699/2699/2699 2700/2700/2700 2697/2697/2697
f 2701/2701/2701 2702/2702/2702 2703/2703/2703
f 2703/2703/2703 2704/2704/2704 2701/2701/2701
f 2705/2705/2705 2706/2706/2706 2707/2707/2707
f 2707/2707/2707 2708/2708/2708 2705/2705/2705
f 2709/2709/2709 2710/2710/2710 2711/2711/2711
f 2711/2711/2711 2712/2712/2712 2709/2709/2709
f 2713/2713/2713 2714/2714/2714 2715/2715/2715
f 2715/2715/2715 2716/2716/2716 2713/2713/2713
f 2717/2717/2717 2718/2718/2718 2719/2719/2719
f 2719/2719/2719 2720/2720/2720 2717/2717/2717
f 2721/2721/2721 2722/2722/2722 2723/2723/2723
f 2723/2723/2723 2724/2724/2724 2721/2721/2721
f 2725/2725/2725 2726/2726/2726 2727/2727/2727
f 2727/2727/2727 2728/2728/2728 2725/2725/2725
f 2729/2729/2729 2730/2730/2730 2731/2731/2731
f 2731/2731/2731 2732/2732/2732 2729/2729/2729
f 2733/2733/2733 2734/2734/2734 2735/2735/2735
f 2735/2735/2735 2736/2736/2736 2733/2733/2733
f 2737/2737/2737 2738/2738/2738 2739/2739/2739
f 2739/2739/2739 2740/2740/2740 2737/2737/2737
f 2741/2741/2741 2742/2742/2742 2743/2743/2743
f 2743/2743/2743 2744/2744/2744 2741/2741/2741
f 2745/2745/2745 2746/2746/2746 2747/2747/2747
f 2747/2747/2747 2748/2748/2748 2745/2745/2745
f 2749/2749/2749 2750/2750/2750 2751/2751/2751
f 2751/2751/2751 2752/2752/2752 2749/2749/2749
f 2753/2753/2753 2754/2754/2754 2755/2755/2755
f 2755/2755/2755 2756/2756/2756 2753/2753/2753
f 2757/2757/2757 2758/2758/2758 2759/2759/2759
f 2759/2759/2759 2760/2760/2760 2757/2757/2757
f 2761/2761/2761 2762/2762/2762 2763/2763/2763
f 2763/2763/2763 2764/2764/2764 2761/2761/2761
f 2765/2765/2765 2766/2766/2766 2767/2767/2767
f 2767/2767/2767 2768/2768/2768 2765/2765/2765
f 2769/2769/2769 2770/2770/2770 2771/2771/2771
f 2771/2771/2771 2772/2772/2772 2769/2769/2769
f 2773/2773/2773 2774/2774/2774 2775/2775/2775
f 2775/2775/2775 2776/2776/2776 2773/2773/2773
f 2777/2777/2777 2778/2778/2778 2779/2779/2779
f 2779/2779/2779 2780/2780/2780 2777/2777/2777
f 2781/2781/2781 2782/2782/2782 2783/2783/2783
f 2783/2783/2783 2784/2784/2784 2781/2781/2781
f 2785/2785/2785 2786/2786/2786 2787/2787/2787
f 2787/2787/2787 2788/2788/2788 2785/2785/2785
f 2789/2789/2789 2790/2790/2790 2791/2791/2791
f 2791/2791/2791 2792/2792/2792 2789/2789/2789
f 2793/2793/2793 2794/2794/2794 2795/2795/2795
f 2795/2795/2795 2796/2796/2796 2793/2793/2793
f 2797/2797/2797 2798/2798/2798 2799/2799/2799
f 2799/2799/2799 2800/2800/2800 2797/2797/2797
f 2801/2801/2801 2802/2802/2802 2803/2803/2803
f 2803/2803/2803 2804/2804/2804 2801/2801/2801
f 2805/2805/2805 2806/2806/2806 2807/2807/2807
f 2807/2807/2807 2808/2808/2808 2805/2805/2805
f 2809/2809/2809 2810/2810/2810 2811/2811/2811
f 2811/2811/2811 2812/2812/2812 2809/2809/2809
f 2813/2813/2813 2814/2814/2814 2815/2815/2815
f 2815/2815/2815 2816/2816/2816 2813/2813/2813
f 2817/2817/2817 2818/2818/2818 2819/2819/2819
f 2819/2819/2819 2820/2820/2820 2817/2817/2817
f 2821/2821/2821 2822/2822/2822 2823/2823/2823
f 2823/2823/2823 2824/2824/2824 2821/2821/2821
f 2825/2825/2825 2826/2826/2826 2827/2827/2827
f 2827/2827/2827 2828/2828/2828 2825/2825/2825
f 2829/2829/2829 2830/2830/2830 2831/2831/2831
f 2831/2831/2831 2832/2832/2832 2829/2829/2829
f 2833/2833/2833 2834/2834/2834 2835/2835/2835
f 2835/2835/2835 2836/2836/2836 2833/2833/2833
f 2837/2837/2837 2838/2838/2838 2839/2839/2839
f 2839/2839/2839 2840/2840/2840 2837/2837/2837
f 2841/2841/2841 2842/2842/2842 2843/2843/2843
f 2843/2843/2843 2844/2844/2844 2841/2841/2841
f 2845/2845/2845 2846/2846/2846 2847/2847/2847
f 2847/2847/2847 2848/2848/2848 2845/2845/2845
f 2849/2849/2849 2850/2850/2850 2851/2851/2851
f 2851/2851/2851 2852/2852/2852 2849/2849/2849
f 2853/2853/2853 2854/2854/2854 2855/2855/2855
f 2855/2855/2855 2856/2856/2856 2853/2853/2853
f 2857/2857/2857 2858/2858/2858 2859/2859/2859
f 2859/2859/2859 2860/2860/2860 2857/2857/2857
f 2861/2861/2861 2862/2862/2862 2863/2863/2863
f 2863/2863/2863 2864/2864/2864 2861/2861/2861
f 2865/2865/2865 2866/2866/2866 2867/2867/2867
f 2867/2867/2867 2868/2868/2868 2865/2865/2865
f 2869/2869/2869 2870/2870/2870 2871/2871/2871
f 2871/2871/2871 2872/2872/2872 2869/2869/2869
f 2873/2873/2873 2874/2874/2874 2875/2875/2875
f 2875/2875/2875 2876/2876/2876 2873/2873/2873
f 2877/2877/2877 2878/2878/2878 2879/2879/2879
f 2879/2879/2879 2880/2880/2880 2877/2877/2877
f 2881/2881/2881 2882/2882/2882 2883/2883/2883
f 2883/2883/2883 2884/2884/2884 2881/2881/2881
f 2885/2885/2885 2886/2886/2886 2887/2887/2887
f 2887/2887/2887 2888/2888/2888 2885/2885/2885
f 2889/2889/2889 2890/2890/2890 2891/2891/2891
f 2891/2891/2891 2892/2892/2892 2889/2889/2889
f 2893/2893/2893 2894/2894/2894 2895/2895/2895
f 2895/2895/2895 2896/2896/2896 2893/2893/2893
f 2897/2897/2897 2898/2898/2898 2899/2899/2899
f 2899/2899/2899 2900/2900/2900 2897/2897/2897
f 2901/2901/2901 2902/2902/2902 2903/2903/2903
f 2903/2903/2903 2904/2904/2904 2901/2901/2901
f 2905/2905/2905 2906/2906/2906 2907/2907/2907
f 2905/2905/2905 2907/2907/2907 2908/2908/2908
f 2905/2905/2905 2908/2908/2908 2909/2909/2909
f 2905/2905/2905 2909/2909/2909 2910/2910/2910
f 2905/2905/2905 2910/2910/2910 2911/2911/2911
f 2905/2905/2905 2911/2911/2911 2912/2912/2912
f 2905/2905/2905 2912/2912/2912 2913/2913/2913
f 2905/2905/2905 2913/2913/2913 2914/2914/2914
f 2915/2915/2915 2916/2916/2916 2917/2917/2917
f 2915/2915/2915 2917/2917/2917 2918/2918/2918
f 2915/2915/2915 2918/2918/2918 2919/2919/2919
f 2915/2915/2915 2919/2919/2919 2920/2920/2920
f 2915/2915/2915 2920/2920/2920 2921/2921/2921
f 2915/2915/2915 2921/2921/2921 2922/2922/2922
f 2922/2922/2922 2923/2923/2923 2924/2924/2924
f 2922/2922/2922 2924/2924/2924 2925/2925/2925
f 2922/2922/2922 2925/2925/2925 2926/2926/2926
f 2922/2922/2922 2926/2926/2926 2927/2927/2927
f 2922/2922/2922 2927/2927/2927 2928/2928/2928
f 2915/2915/2915 2922/2922/2922 2928/2928/2928
f 2929/2929/2929 2930/2930/2930 2931/2931/2931
f 2931/2931/2931 2932/2932/2932 2929/2929/2929
f 2933/2933/2933 2934/2934/2934 2935/2935/2935
f 2935/2935/2935 2936/2936/2936 2933/2933/2933
f 2937/2937/2937 2938/2938/2938 2939/2939/2939
f 2939/2939/2939 2940/2940/2940 2937/2937/2937
f 2941/2941/2941 2942/2942/2942 2943/2943/2943
f 2943/2943/2943 2944/2944/2944 2941/2941/2941
f 2945/2945/2945 2946/2946/2946 2947/2947/2947
f 2947/2947/2947 2948/2948/2948 2945/2945/2945
f 2949/2949/2949 2950/2950/2950 2951/2951/2951
f 2951/2951/2951 2952/2952/2952 2949/2949/2949
f 2953/2953/2953 2954/2954/2954 2955/2955/2955
f 2955/2955/2955 2956/2956/2956 2953/2953/2953
f 2957/2957/2957 2958/2958/2958 2959/2959/2959
f 2959/2959/2959 2960/2960/2960 2957/2957/2957
f 2961/2961/2961 2962/2962/2962 2963/2963/2963
f 2963/2963/2963 2964/2964/2964 2961/2961/2961
f 2965/2965/2965 2966/2966/2966 2967/2967/2967
f 2967/2967/2967 2968/2968/2968 2965/2965/2965
f 2969/2969/2969 2970/2970/2970 2971/2971/2971
f 2971/2971/2971 2972/2972/2972 2969/2969/2969
f 2973/2973/2973 2974/2974/2974 2975/2975/2975
f 2975/2975/2975 2976/2976/2976 2973/2973/2973
f 2977/2977/2977 2978/2978/2978 2979/2979/2979
f 2979/2979/2979 2980/2980/2980 2977/2977/2977
f 2981/2981/2981 2982/2982/2982 2983/2983/2983
f 2983/2983/2983 2984/2984/2984 2981/2981/2981
f 2985/2985/2985 2986/2986/2986 2987/2987/2987
f 2987/2987/2987 2988/2988/2988 2985/2985/2985
f 2989/2989/2989 2990/2990/2990 2991/2991/2991
f 2991/2991/2991 2992/2992/2992 2989/2989/2989
f 2993/2993/2993 2994/2994/2994 2995/2995/2995
f 2995/2995/2995 2996/2996/2996 2993/2993/2993
f 2997/2997/2997 2998/2998/2998 2999/2999/2999
f 2999/2999/2999 3000/3000/3000 2997/2997/2997
f 3001/3001/3001 3002/3002/3002 3003/3003/3003
f 3003/3003/3003 3004/3004/3004 3001/3001/3001
f 3005/3005/3005 3006/3006/3006 3007/3007/3007
f 3007/3007/3007 3008/3008/3008 3005/3005/3005
f 3009/3009/3009 3010/3010/3010 3011/3011/3011
f 3011/3011/3011 3012/3012/3012 3009/3009/3009
f 3013/3013/3013 3014/3014/3014 3015/3015/3015
f 3015/3015/3015 3016/3016/3016 3013/3013/3013
f 3017/3017/3017 3018/3018/3018 3019/3019/3019
f 3017/3017/3017 3019/3019/3019 3020/3020/3020
f 3017/3017/3017 3020/3020/3020 3021/3021/3021
f 3017/3017/3017 3021/3021/3021 3022/3022/3022
f 3017/3017/3017 3022/3022/3022 3023/3023/3023
f 3017/3017/3017 3023/3023/3023 3024/3024/3024
f 3017/3017/3017 3024/3024/3024 3025/3025/3025
f 3017/3017/3017 3025/3025/3025 3026/3026/3026
f 3027/3027/3027 3028/3028/3028 3029/3029/3029
f 3029/3029/3029 3030/3030/3030 3027/3027/3027
f 3031/3031/3031 3032/3032/3032 3033/3033/3033
f 3033/3033/3033 3034/3034/3034 3031/3031/3031
f 3035/3035/3035 3036/3036/3036 3037/3037/3037
f 3037/3037/3037 3038/3038/3038 3035/3035/3035
f 3039/3039/3039 3040/3040/3040 3041/3041/3041
f 3041/3041/3041 3042/3042/3042 3039/3039/3039
f 3043/3043/3043 3044/3044/3044 3045/3045/3045
f 3045/3045/3045 3046/3046/3046 3043/3043/3043
f 3047/3047/3047 3048/3048/3048 3049/3049/3049
f 3049/3049/3049 3050/3050/3050 3047/3047/3047
f 3051/3051/3051 3052/3052/3052 3053/3053/3053
f 3053/3053/3053 3054/3054/3054 3051/3051/3051
f 3055/3055/3055 3056/3056/3056 3057/3057/3057
f 3057/3057/3057 3058/3058/3058 3055/3055/3055
f 3059/3059/3059 3060/3060/3060 3061/3061/3061
f 3061/3061/3061 3062/3062/3062 3059/3059/3059
f 3063/3063/3063 3064/3064/3064 3065/3065/3065
f 3065/3065/3065 3066/3066/3066 3063/3063/3063
f 3067/3067/3067 3068/3068/3068 3069/3069/3069
f 3069/3069/3069 3070/3070/3070 3067/3067/3067
f 3071/3071/3071 3072/3072/3072 3073/3073/3073
f 3073/3073/3073 3074/3074/3074 3071/3071/3071
f 3075/3075/3075 3076/3076/3076 3077/3077/3077
f 3077/3077/3077 3078/3078/3078 3075/3075/3075
f 3079/3079/3079 3080/3080/3080 3081/3081/3081
f 3081/3081/3081 3082/3082/3082 3079/3079/3079
f 3083/3083/3083 3084/3084/3084 3085/3085/3085
f 3085/3085/3085 3086/3086/3086 3083/3083/3083
f 3087/3087/3087 3088/3088/3088 3089/3089/3089
f 3089/3089/3089 3090/3090/3090 3087/3087/3087
f 3091/3091/3091 3092/3092/3092 3093/3093/3093
f 3093/3093/3093 3094/3094/3094 3091/3091/3091
f 3095/3095/3095 3096/3096/3096 3097/3097/3097
f 3097/3097/3097 3098/3098/3098 3095/3095/3095
f 3099/3099/3099 3100/3100/3100 3101/3101/3101
f 3101/3101/3101 3102/3102/3102 3099/3099/3099
f 3103/3103/3103 3104/3104/3104 3105/3105/3105
f 3105/3105/3105 3106/3106/3106 3103/3103/3103
f 3107/3107/3107 3108/3108/3108 3109/3109/3109
f 3109/3109/3109 3110/3110/3110 3107/3107/3107
f 3111/3111/3111 3112/3112/3112 3113/3113/3113
f 3113/3113/3113 3114/3114/3114 3111/3111/3111
f 3115/3115/3115 3116/3116/3116 3117/3117/3117
f 3117/3117/3117 3118/3118/3118 3115/3115/3115
f 3119/3119/3119 3120/3120/3120 3121/3121/3121
f 3121/3121/3121 3122/3122/3122 3119/3119/3119
f 3123/3123/3123 3124/3124/3124 3125/3125/3125
f 3125/3125/3125 3126/3126/3126 3123/3123/3123
f 3127/3127/3127 3128/3128/3128 3129/3129/3129
f 3129/3129/3129 3130/3130/3130 3127/3127/3127
f 3131/3131/3131 3132/3132/3132 3133/3133/3133
f 3133/3133/3133 3134/3134/3134 3131/3131/3131
f 3135/3135/3135 3136/3136/3136 3137/3137/3137
f 3137/3137/3137 3138/3138/3138 3135/3135/3135
f 3139/3139/3139 3140/3140/3140 3141/3141/3141
f 3141/3141/3141 3142/3142/3142 3139/3139/3139
f 3143/3143/3143 3144/3144/3144 3145/3145/3145
f 3145/3145/3145 3146/3146/3146 3143/3143/3143
f 3147/3147/3147 3148/3148/3148 3149/3149/3149
f 3149/3149/3149 3150/3150/3150 3147/3147/3147
f 3151/3151/3151 3152/3152/3152 3153/3153/3153
f 3153/3153/3153 3154/3154/3154 3151/3151/3151
f 3155/3155/3155 3156/3156/3156 3157/3157/3157
f 3157/3157/3157 3158/3158/3158 3155/3155/3155
f 3159/3159/3159 3160/3160/3160 3161/3161/3161
f 3161/3161/3161 3162/3162/3162 3159/3159/3159
f 3163/3163/3163 3164/3164/3164 3165/3165/3165
f 3165/3165/3165 3166/3166/3166 3163/3163/3163
f 3167/3167/3167 3168/3168/3168 3169/3169/3169
f 3169/3169/3169 3170/3170/3170 3167/3167/3167
f 3171/3171/3171 3172/3172/3172 3173/3173/3173
f 3173/3173/3173 3174/3174/3174 3171/3171/3171
f 3175/3175/3175 3176/3176/3176 3177/3177/3177
f 3177/3177/3177 3178/3178/3178 3175/3175/3175
f 3179/3179/3179 3180/3180/3180 3181/3181/3181
f 3181/3181/3181 3182/3182/3182 3179/3179/3179
f 3183/3183/3183 3184/3184/3184 3185/3185/3185
f 3185/3185/3185 3186/3186/3186 3183/3183/3183
f 3187/3187/3187 3188/3188/3188 3189/3189/3189
f 3189/3189/3189 3190/3190/3190 3187/3187/3187
f 3191/3191/3191 3192/3192/3192 3193/3193/3193
f 3193/3193/3193 3194/3194/3194 3191/3191/3191
f 3195/3195/3195 3196/3196/3196 3197/3197/3197
f 3197/3197/3197 3198/3198/3198 3195/3195/3195
f 3199/3199/3199 3200/3200/3200 3201/3201/3201
f 3201/3201/3201 3202/3202/3202 3199/3199/3199
f 3203/3203/3203 3204/3204/3204 3205/3205/3205
f 3205/3205/3205 3206/3206/3206 3203/3203/3203
f 3207/3207/3207 3208/3208/3208 3209/3209/3209
f 3209/3209/3209 3210/3210/3210 3207/3207/3207
f 3211/3211/3211 3212/3212/3212 3213/3213/3213
f 3213/3213/3213 3214/3214/3214 3211/3211/3211
f 3215/3215/3215 3216/3216/3216 3217/3217/3217
f 3217/3217/3217 3218/3218/3218 3215/3215/3215
f 3219/3219/3219 3220/3220/3220 3221/3221/3221
f 3221/3221/3221 3222/3222/3222 3219/3219/3219
f 3223/3223/3223 3224/3224/3224 3225/3225/3225
f 3225/3225/3225 3226/3226/3226 3223/3223/3223
f 3227/3227/3227 3228/3228/3228 3229/3229/3229
f 3229/3229/3229 3230/3230/3230 3227/3227/3227
f 3231/3231/3231 3232/3232/3232 3233/3233/3233
f 3233/3233/3233 3234/3234/3234 3231/3231/3231
f 3235/3235/3235 3236/3236/3236 3237/3237/3237
f 3237/3237/3237 3238/3238/3238 3235/3235/3235
f 3239/3239/3239 3240/3240/3240 3241/3241/3241
f 3241/3241/3241 3242/3242/3242 3239/3239/3239
f 3243/3243/3243 3244/3244/3244 3245/3245/3245
f 3245/3245/3245 3246/3246/3246 3243/3243/3243
f 3247/3247/3247 3248/3248/3248 3249/3249/3249
f 3249/3249/3249 3250/3250/3250 3247/3247/3247
f 3251/3251/3251 3252/3252/3252 3253/3253/3253
f 3253/3253/3253 3254/3254/3254 3251/3251/3251
f 3255/3255/3255 3256/3256/3256 3257/3257/3257
f 3257/3257/3257 3258/3258/3258 3255/3255/3255
f 3259/3259/3259 3260/3260/3260 3261/3261/3261
f 3261/3261/3261 3262/3262/3262 3259/3259/3259
f 3263/3263/3263 3264/3264/3264 3265/3265/3265
f 3265/3265/3265 3266/3266/3266 3263/3263/3263
f 3267/3267/3267 3268/3268/3268 3269/3269/3269
f 3269/3269/3269 3270/3270/3270 3267/3267/3267
f 3271/3271/3271 3272/3272/3272 3273/3273/3273
f 3273/3273/3273 3274/3274/3274 3271/3271/3271
f 3275/3275/3275 3276/3276/3276 3277/3277/3277
f 3277/3277/3277 3278/3278/3278 3275/3275/3275
f 3279/3279/3279 3280/3280/3280 3281/3281/3281
f 3281/3281/3281 3282/3282/3282 3279/3279/3279
f 3283/3283/3283 3284/3284/3284 3285/3285/3285
f 3285/3285/3285 3286/3286/3286 3283/3283/3283
f 3287/3287/3287 3288/3288/3288 3289/3289/3289
f 3289/3289/3289 3290/3290/3290 3287/3287/3287
f 3291/3291/3291 3292/3292/3292 3293/3293/3293
f 3293/3293/3293 3294/3294/3294 3291/3291/3291
f 3295/3295/3295 3296/3296/3296 3297/3297/3297
f 3297/3297/3297 3298/3298/3298 3295/3295/3295
f 3299/3299/3299 3300/3300/3300 3301/3301/3301
f 3301/3301/3301 3302/3302/3302 3299/3299/3299
f 3303/3303/3303 3304/3304/3304 3305/3305/3305
f 3305/3305/3305 3306/3306/3306 3303/3303/3303
f 3307/3307/3307 3308/3308/3308 3309/3309/3309
f 3309/3309/3309 3310/3310/3310 3307/3307/3307
f 3311/3311/3311 3312/3312/3312 3313/3313/3313
f 3313/3313/3313 3314/3314/3314 3311/3311/3311
f 3315/3315/3315 3316/3316/3316 3317/3317/3317
f 3317/3317/3317 3318/3318/3318 3315/3315/3315
f 3319/3319/3319 3320/3320/3320 3321/3321/3321
f 3321/3321/3321 3322/3322/3322 3319/3319/3319
f 3323/3323/3323 3324/3324/3324 3325/3325/3325
f 3325/3325/3325 3326/3326/3326 3323/3323/3323
f 3327/3327/3327 3328/3328/3328 3329/3329/3329
f 3329/3329/3329 3330/3330/3330 3327/3327/3327
f 3331/3331/3331 3332/3332/3332 3333/3333/3333
f 3333/3333/3333 3334/3334/3334 3331/3331/3331
f 3335/3335/3335 3336/3336/3336 3337/3337/3337
f 3337/3337/3337 3338/3338/3338 3335/3335/3335
f 3339/3339/3339 3340/3340/3340 3341/3341/3341
f 3341/3341/3341 3342/3342/3342 3339/3339/3339
f 3343/3343/3343 3344/3344/3344 3345/3345/3345
f 3345/3345/3345 3346/3346/3346 3343/3343/3343
f 3347/3347/3347 3348/3348/3348 3349/3349/3349
f 3349/3349/3349 3350/3350/3350 3347/3347/3347
f 3351/3351/3351 3352/3352/3352 3353/3353/3353
f 3353/3353/3353 3354/3354/3354 3351/3351/3351
f 3355/3355/3355 3356/3356/3356 3357/3357/3357
f 3357/3357/3357 3358/3358/3358 3355/3355/3355
f 3359/3359/3359 3360/3360/3360 3361/3361/3361
f 3361/3361/3361 3362/3362/3362 3359/3359/3359
f 3363/3363/3363 3364/3364/3364 3365/3365/3365
f 3365/3365/3365 3366/3366/3366 3363/3363/3363
f 3367/3367/3367 3368/3368/3368 3369/3369/3369
f 3369/3369/3369 3370/3370/3370 3367/3367/3367
f 3371/3371/3371 3372/3372/3372 3373/3373/3373
f 3373/3373/3373 3374/3374/3374 3371/3371/3371
f 3375/3375/3375 3376/3376/3376 3377/3377/3377
f 3377/3377/3377 3378/3378/3378 3375/3375/3375
f 3379/3379/3379 3380/3380/3380 3381/3381/3381
f 3381/3381/3381 3382/3382/3382 3379/3379/3379
f 3383/3383/3383 3384/3384/3384 3385/3385/3385
f 3385/3385/3385 3386/3386/3386 3383/3383/3383
f 3387/3387/3387 3388/3388/3388 3389/3389/3389
f 3387/3387/3387 3389/3389/3389 3390/3390/3390
f 3387/3387/3387 3390/3390/3390 3391/3391/3391
f 3387/3387/3387 3391/3391/3391 3392/3392/3392
f 3387/3387/3387 3392/3392/3392 3393/3393/3393
f 3387/3387/3387 3393/3393/3393 3394/3394/3394
f 3387/3387/3387 3394/3394/3394 3395/3395/3395
f 3387/3387/3387 3395/3395/3395 3396/3396/3396
f 3397/3397/3397 3398/3398/3398 3399/3399/3399
f 3397/3397/3397 3399/3399/3399 3400/3400/3400
f 3397/3397/3397 3400/3400/3400 3401/3401/3401
f 3397/3397/3397 3401/3401/3401 3402/3402/3402
f 3397/3397/3397 3402/3402/3402 3403/3403/3403
f 3397/3397/3397 3403/3403/3403 3404/3404/3404
f 3404/3404/3404 3405/3405/3405 3406/3406/3406
f 3404/3404/3404 3406/3406/3406 3407/3407/3407
f 3404/3404/3404 3407/3407/3407 3408/3408/3408
f 3404/3404/3404 3408/3408/3408 3409/3409/3409
f 3404/3404/3404 3409/3409/3409 3410/3410/3410
f 3397/3397/3397 3404/3404/3404 3410/3410/3410
f 3411/3411/3411 3412/3412/3412 3413/3413/3413
f 3413/3413/3413 3414/3414/3414 3411/3411/3411
f 3415/3415/3415 3416/3416/3416 3417/3417/3417
f 3417/3417/3417 3418/3418/3418 3415/3415/3415
f 3419/3419/3419 3420/3420/3420 3421/3421/3421
f 3421/3421/3421 3422/3422/3422 3419/3419/3419
f 3423/3423/3423 3424/3424/3424 3425/3425/3425
f 3425/3425/3425 3426/3426/3426 3423/3423/3423
f 3427/3427/3427 3428/3428/3428 3429/3429/3429
f 3429/3429/3429 3430/3430/3430 3427/3427/3427
f 3431/3431/3431 3432/3432/3432 3433/3433/3433
f 3433/3433/3433 3434/3434/3434 3431/3431/3431
f 3435/3435/3435 3436/3436/3436 3437/3437/3437
f 3437/3437/3437 3438/3438/3438 3435/3435/3435
f 3439/3439/3439 3440/3440/3440 3441/3441/3441
f 3441/3441/3441 3442/3442/3442 3439/3439/3439
f 3443/3443/3443 3444/3444/3444 3445/3445/3445
f 3445/3445/3445 3446/3446/3446 3443/3443/3443
f 3447/3447/3447 3448/3448/3448 3449/3449/3449
f 3449/3449/3449 3450/3450/3450 3447/3447/3447
f 3451/3451/3451 3452/3452/3452 3453/3453/3453
f 3453/3453/3453 3454/3454/3454 3451/3451/3451
f 3455/3455/3455 3456/3456/3456 3457/3457/3457
f 3457/3457/3457 3458/3458/3458 3455/3455/3455
f 3459/3459/3459 3460/3460/3460 3461/3461/3461
f 3461/3461/3461 3462/3462/3462 3459/3459/3459
f 3463/3463/3463 3464/3464/3464 3465/3465/3465
f 3465/3465/3465 3466/3466/3466 3463/3463/3463
f 3467/3467/3467 3468/3468/3468 3469/3469/3469
f 3469/3469/3469 3470/3470/3470 3467/3467/3467
f 3471/3471/3471 3472/3472/3472 3473/3473/3473
f 3473/3473/3473 3474/3474/3474 3471/3471/3471
f 3475/3475/3475 3476/3476/3476 3477/3477/3477
f 3477/3477/3477 3478/3478/3478 3475/3475/3475
f 3479/3479/3479 3480/3480/3480 3481/3481/3481
f 3481/3481/3481 3482/3482/3482 3479/3479/3479
f 3483/3483/3483 3484/3484/3484 3485/3485/3485
f 3485/3485/3485 3486/3486/3486 3483/3483/3483
f 3487/3487/3487 3488/3488/3488 3489/3489/3489
f 3489/3489/3489 3490/3490/3490 3487/3487/3487
f 3491/3491/3491 3492/3492/3492 3493/3493/3493
f 3493/3493/3493 3494/3494/3494 3491/3491/3491
f 3495/3495/3495 3496/3496/3496 3497/3497/3497
f 3497/3497/3497 3498/3498/3498 3495/3495/3495
f 3499/3499/3499 3500/3500/3500 3501/3501/3501
f 3501/3501/3501 3502/3502/3502 3499/3499/3499
f 3503/3503/3503 3504/3504/3504 3505/3505/3505
f 3506/3506/3506 3507/3507/3507 3508/3508/3508
f 3509/3509/3509 3510/3510/3510 3511/3511/3511
f 3511/3511/3511 3512/3512/3512 3509/3509/3509
f 3513/3513/3513 3514/3514/3514 3515/3515/3515
f 3516/3516/3516 3517/3517/3517 3518/3518/3518
f 3519/3519/3519 3520/3520/3520 3521/3521/3521
f 3522/3522/3522 3523/3523/3523 3524/3524/3524
f 3525/3525/3525 3526/3526/3526 3527/3527/3527
f 3528/3528/3528 3529/3529/3529 3530/3530/3530
f 3531/3531/3531 3532/3532/3532 3533/3533/3533
f 3533/3533/3533 3534/3534/3534 3531/3531/3531
f 3535/3535/3535 3536/3536/3536 3537/3537/3537
f 3538/3538/3538 3539/3539/3539 3540/3540/3540
f 3541/3541/3541 3542/3542/3542 3543/3543/3543
f 3543/3543/3543 3544/3544/3544 3541/3541/3541
f 3545/3545/3545 3546/3546/3546 3547/3547/3547
f 3548/3548/3548 3549/3549/3549 3550/3550/3550
f 3551/3551/3551 3552/3552/3552 3553/3553/3553
f 3554/3554/3554 3555/3555/3555 3556/3556/3556
f 3557/3557/3557 3558/3558/3558 3559/3559/3559
f 3560/3560/3560 3561/3561/3561 3562/3562/3562
f 3563/3563/3563 3564/3564/3564 3565/3565/3565
f 3566/3566/3566 3567/3567/3567 3568/3568/3568
f 3569/3569/3569 3570/3570/3570 3571/3571/3571
f 3572/3572/3572 3573/3573/3573 3574/3574/3574
f 3575/3575/3575 3576/3576/3576 3577/3577/3577
f 3578/3578/3578 3579/3579/3579 3580/3580/3580
f 3581/3581/3581 3582/3582/3582 3583/3583/3583
f 3584/3584/3584 3585/3585/3585 3586/3586/3586
f 3587/3587/3587 3588/3588/3588 3589/3589/3589
f 3590/3590/3590 3591/3591/3591 3592/3592/3592
f 3593/3593/3593 3594/3594/3594 3595/3595/3595
f 3596/3596/3596 3597/3597/3597 3598/3598/3598
f 3599/3599/3599 3600/3600/3600 3601/3601/3601
f 3602/3602/3602 3603/3603/3603 3604/3604/3604
f 3605/3605/3605 3606/3606/3606 3607/3607/3607
f 3608/3608/3608 3609/3609/3609 3610/3610/3610
f 3611/3611/3611 3612/3612/3612 3613/3613/3613
f 3614/3614/3614 3615/3615/3615 3616/3616/3616
f 3617/3617/3617 3618/3618/3618 3619/3619/3619
f 3620/3620/3620 3621/3621/3621 3622/3622/3622
f 3623/3623/3623 3624/3624/3624 3625/3625/3625
f 3626/3626/3626 3627/3627/3627 3628/3628/3628
f 3629/3629/3629 3630/3630/3630 3631/3631/3631
f 3632/3632/3632 3633/3633/3633 3634/3634/3634
f 3635/3635/3635 3636/3636/3636 3637/3637/3637
f 3638/3638/3638 3639/3639/3639 3640/3640/3640
f 3641/3641/3641 3642/3642/3642 3643/3643/3643
f 3644/3644/3644 3645/3645/3645 3646/3646/3646
f 3647/3647/3647 3648/3648/3648 3649/3649/3649
f 3650/3650/3650 3651/3651/3651 3652/3652/3652
f 3653/3653/3653 3654/3654/3654 3655/3655/3655
f 3656/3656/3656 3657/3657/3657 3658/3658/3658
f 3659/3659/3659 3660/3660/3660 3661/3661/3661
f 3662/3662/3662 3663/3663/3663 3664/3664/3664
f 3665/3665/3665 3666/3666/3666 3667/3667/3667
f 3668/3668/3668 3669/3669/3669 3670/3670/3670
f 3671/3671/3671 3672/3672/3672 3673/3673/3673
f 3674/3674/3674 3675/3675/3675 3676/3676/3676
f 3677/3677/3677 3678/3678/3678 3679/3679/3679
f 3680/3680/3680 3681/3681/3681 3682/3682/3682
f 3683/3683/3683 3684/3684/3684 3685/3685/3685
f 3686/3686/3686 3687/3687/3687 3688/3688/3688
f 3689/3689/3689 3690/3690/3690 3691/3691/3691
f 3692/3692/3692 3693/3693/3693 3694/3694/3694
f 3695/3695/3695 3696/3696/3696 3697/3697/3697
f 3698/3698/3698 3699/3699/3699 3700/3700/3700
f 3701/3701/3701 3702/3702/3702 3703/3703/3703
f 3704/3704/3704 3705/3705/3705 3706/3706/3706
v 0.642519 1.131625 0.496988
v 0.642519 1.135363 0.499104
v 0.645305 1.135120 0.499449
v 0.645305 1.131455 0.497373
v 0.642519 1.138615 0.501909
v 0.645305 1.138311 0.502199
v 0.642519 1.141258 0.505294
v 0.645305 1.140903 0.505519
v 0.642519 1.143190 0.509130
v 0.645305 1.142798 0.509281
v 0.642519 1.143190 0.509130
v 0.642519 1.144337 0.513268
v 0.645305 1.143922 0.513340
v 0.645305 1.142798 0.509281
v 0.642519 1.144654 0.517551
v 0.645305 1.144233 0.517541
v 0.642519 1.144129 0.521814
v 0.645305 1.143718 0.521722
v 0.642519 1.142783 0.525892
v 0.645305 1.142398 0.525722
v 0.642519 1.140667 0.529630
v 0.645305 1.140323 0.529387
v 0.642519 1.137862 0.532882
v 0.645305 1.137572 0.532577
v 0.642519 1.134477 0.535525
v 0.645305 1.134252 0.535170
v 0.642519 1.130642 0.537457
v 0.645305 1.130490 0.537064
v 0.642519 1.130642 0.537457
v 0.642519 1.126503 0.538604
v 0.645305 1.126431 0.538189
v 0.645305 1.130490 0.537064
v 0.642519 1.122220 0.538921
v 0.645305 1.122230 0.538500
v 0.642519 1.117957 0.538396
v 0.645305 1.118049 0.537985
v 0.642519 1.113879 0.537050
v 0.645305 1.114049 0.536665
v 0.642519 1.110142 0.534934
v 0.645305 1.110384 0.534589
v 0.642519 1.106889 0.532129
v 0.645305 1.107194 0.531839
v 0.642519 1.104246 0.528744
v 0.645305 1.104601 0.528519
v 0.642519 1.102314 0.524908
v 0.645305 1.102707 0.524757
v 0.642519 1.102314 0.524908
v 0.642519 1.101168 0.520769
v 0.645305 1.101582 0.520697
v 0.645305 1.102707 0.524757
v 0.642519 1.100851 0.516486
v 0.645305 1.101271 0.516497
v 0.642519 1.101375 0.512224
v 0.645305 1.101786 0.512316
v 0.642519 1.102722 0.508146
v 0.645305 1.103106 0.508316
v 0.642519 1.104838 0.504408
v 0.645305 1.105182 0.504651
v 0.642519 1.107642 0.501156
v 0.645305 1.107932 0.501461
v 0.642519 1.111027 0.498513
v 0.645305 1.111252 0.498868
v 0.642519 1.114863 0.496581
v 0.645305 1.115014 0.496974
v 0.642519 1.114863 0.496581
v 0.642519 1.119002 0.495434
v 0.645305 1.119074 0.495849
v 0.645305 1.115014 0.496974
v 0.642519 1.123285 0.495117
v 0.645305 1.123274 0.495538
v 0.642519 1.127547 0.495642
v 0.645305 1.127455 0.496053
v 0.647983 1.134403 0.500468
v 0.647983 1.130950 0.498513
v 0.645305 1.131455 0.497373
v 0.645305 1.135120 0.499449
v 0.647983 1.137408 0.503059
v 0.645305 1.138311 0.502199
v 0.647983 1.139850 0.506186
v 0.645305 1.140903 0.505519
v 0.647983 1.141635 0.509730
v 0.645305 1.142798 0.509281
v 0.647983 1.142694 0.513554
v 0.645305 1.143922 0.513340
v 0.647983 1.142987 0.517511
v 0.645305 1.144233 0.517541
v 0.647983 1.142502 0.521449
v 0.645305 1.143718 0.521722
v 0.647983 1.141258 0.525217
v 0.645305 1.142398 0.525722
v 0.647983 1.139303 0.528670
v 0.645305 1.140323 0.529387
v 0.647983 1.136712 0.531675
v 0.645305 1.137572 0.532577
v 0.647983 1.133585 0.534117
v 0.645305 1.134252 0.535170
v 0.647983 1.130041 0.535901
v 0.645305 1.130490 0.537064
v 0.647983 1.126217 0.536961
v 0.645305 1.126431 0.538189
v 0.647983 1.122260 0.537253
v 0.645305 1.122230 0.538500
v 0.647983 1.118322 0.536769
v 0.645305 1.118049 0.537985
v 0.647983 1.114554 0.535525
v 0.645305 1.114049 0.536665
v 0.647983 1.111102 0.533570
v 0.645305 1.110384 0.534589
v 0.647983 1.108096 0.530979
v 0.645305 1.107194 0.531839
v 0.647983 1.105655 0.527852
v 0.645305 1.104601 0.528519
v 0.647983 1.103870 0.524308
v 0.645305 1.102707 0.524757
v 0.647983 1.102811 0.520484
v 0.645305 1.101582 0.520697
v 0.647983 1.102518 0.516527
v 0.645305 1.101271 0.516497
v 0.647983 1.103003 0.512589
v 0.645305 1.101786 0.512316
v 0.647983 1.104246 0.508821
v 0.645305 1.103106 0.508316
v 0.647983 1.106201 0.505368
v 0.645305 1.105182 0.504651
v 0.647983 1.108792 0.502363
v 0.645305 1.107932 0.501461
v 0.647983 1.111920 0.499921
v 0.645305 1.111252 0.498868
v 0.647983 1.115463 0.498137
v 0.645305 1.115014 0.496974
v 0.647983 1.119287 0.497077
v 0.645305 1.119074 0.495849
v 0.647983 1.123244 0.496785
v 0.645305 1.123274 0.495538
v 0.647983 1.127182 0.497269
v 0.645305 1.127455 0.496053
v 0.650452 1.133238 0.502123
v 0.650452 1.130130 0.500364
v 0.650452 1.135942 0.504455
v 0.650452 1.138140 0.507270
v 0.650452 1.139746 0.510459
v 0.650452 1.140699 0.513901
v 0.650452 1.140963 0.517462
v 0.650452 1.140526 0.521006
v 0.650452 1.139407 0.524397
v 0.650452 1.137648 0.527504
v 0.650452 1.135316 0.530209
v 0.650452 1.132501 0.532406
v 0.650452 1.129312 0.534013
v 0.650452 1.125871 0.534966
v 0.650452 1.122309 0.535229
v 0.650452 1.118765 0.534793
v 0.650452 1.115374 0.533674
v 0.650452 1.112267 0.531914
v 0.650452 1.109562 0.529583
v 0.650452 1.107365 0.526768
v 0.650452 1.105758 0.523579
v 0.650452 1.104805 0.520137
v 0.650452 1.104542 0.516576
v 0.650452 1.104978 0.513032
v 0.650452 1.106097 0.509641
v 0.650452 1.107857 0.506534
v 0.650452 1.110189 0.503829
v 0.650452 1.113003 0.501632
v 0.650452 1.116192 0.500025
v 0.650452 1.119634 0.499072
v 0.650452 1.123195 0.498809
v 0.650452 1.126739 0.499245
v 0.652616 1.131669 0.504351
v 0.652616 1.129027 0.502855
v 0.652616 1.133969 0.506334
v 0.652616 1.135838 0.508728
v 0.652616 1.137204 0.511440
v 0.652616 1.138015 0.514367
v 0.652616 1.138239 0.517395
v 0.652616 1.137868 0.520410
v 0.652616 1.136916 0.523293
v 0.652616 1.135420 0.525936
v 0.652616 1.133437 0.528236
v 0.652616 1.131043 0.530105
v 0.652616 1.128331 0.531471
v 0.652616 1.125404 0.532282
v 0.652616 1.122376 0.532506
v 0.652616 1.119362 0.532135
v 0.652616 1.116478 0.531183
v 0.652616 1.113835 0.529687
v 0.652616 1.111535 0.527704
v 0.652616 1.109666 0.525310
v 0.652616 1.108300 0.522598
v 0.652616 1.107490 0.519671
v 0.652616 1.107265 0.516642
v 0.652616 1.107636 0.513628
v 0.652616 1.108588 0.510745
v 0.652616 1.110085 0.508102
v 0.652616 1.112068 0.505802
v 0.652616 1.114461 0.503933
v 0.652616 1.117174 0.502567
v 0.652616 1.120100 0.501756
v 0.652616 1.123129 0.501532
v 0.652616 1.126143 0.501903
v 0.654391 1.129758 0.507066
v 0.654391 1.127682 0.505891
v 0.654391 1.131565 0.508624
v 0.654391 1.133034 0.510505
v 0.654391 1.134107 0.512636
v 0.654391 1.134744 0.514935
v 0.654391 1.134920 0.517315
v 0.654391 1.134629 0.519683
v 0.654391 1.133881 0.521949
v 0.654391 1.132705 0.524025
v 0.654391 1.131147 0.525832
v 0.654391 1.129266 0.527301
v 0.654391 1.127135 0.528374
v 0.654391 1.124836 0.529011
v 0.654391 1.122456 0.529187
v 0.654391 1.120088 0.528895
v 0.654391 1.117822 0.528147
v 0.654391 1.115746 0.526972
v 0.654391 1.113939 0.525414
v 0.654391 1.112471 0.523533
v 0.654391 1.111397 0.521402
v 0.654391 1.110760 0.519103
v 0.654391 1.110584 0.516723
v 0.654391 1.110876 0.514355
v 0.654391 1.111624 0.512089
v 0.654391 1.112799 0.510013
v 0.654391 1.114357 0.508206
v 0.654391 1.116238 0.506737
v 0.654391 1.118369 0.505664
v 0.654391 1.120669 0.505027
v 0.654391 1.123048 0.504851
v 0.654391 1.125416 0.505143
v 0.655711 1.127578 0.510163
v 0.655711 1.126148 0.509354
v 0.655711 1.128823 0.511237
v 0.655711 1.129834 0.512532
v 0.655711 1.130574 0.514000
v 0.655711 1.131012 0.515584
v 0.655711 1.131134 0.517223
v 0.655711 1.130933 0.518854
v 0.655711 1.130418 0.520415
v 0.655711 1.129608 0.521845
v 0.655711 1.128535 0.523090
v 0.655711 1.127239 0.524101
v 0.655711 1.125771 0.524840
v 0.655711 1.124187 0.525279
v 0.655711 1.122548 0.525400
v 0.655711 1.120917 0.525200
v 0.655711 1.119357 0.524684
v 0.655711 1.117926 0.523875
v 0.655711 1.116682 0.522801
v 0.655711 1.115670 0.521506
v 0.655711 1.114931 0.520038
v 0.655711 1.114492 0.518454
v 0.655711 1.114371 0.516815
v 0.655711 1.114572 0.515184
v 0.655711 1.115087 0.513623
v 0.655711 1.115897 0.512193
v 0.655711 1.116970 0.510948
v 0.655711 1.118265 0.509937
v 0.655711 1.119733 0.509198
v 0.655711 1.121317 0.508759
v 0.655711 1.122956 0.508638
v 0.655711 1.124587 0.508838
v 0.656523 1.125212 0.513524
v 0.656523 1.124483 0.513111
v 0.656523 1.125847 0.514071
v 0.656523 1.126363 0.514732
v 0.656523 1.126739 0.515480
v 0.656523 1.126963 0.516287
v 0.656523 1.127025 0.517123
v 0.656523 1.126923 0.517954
v 0.656523 1.126660 0.518750
v 0.656523 1.126247 0.519479
v 0.656523 1.125700 0.520114
v 0.656523 1.125040 0.520629
v 0.656523 1.124291 0.521006
v 0.656523 1.123484 0.521230
v 0.656523 1.122648 0.521292
v 0.656523 1.121817 0.521189
v 0.656523 1.121021 0.520927
v 0.656523 1.120292 0.520514
v 0.656523 1.119657 0.519967
v 0.656523 1.119142 0.519306
v 0.656523 1.118765 0.518558
v 0.656523 1.118541 0.517751
v 0.656523 1.118479 0.516915
v 0.656523 1.118582 0.516084
v 0.656523 1.118844 0.515288
v 0.656523 1.119257 0.514559
v 0.656523 1.119804 0.513924
v 0.656523 1.120465 0.513409
v 0.656523 1.121213 0.513032
v 0.656523 1.122021 0.512808
v 0.656523 1.122856 0.512746
v 0.656523 1.123688 0.512849
v 0.656798 1.122752 0.517019
v 0.642519 1.131625 0.496988
v 0.642519 1.127547 0.495642
v 0.642519 1.123285 0.495117
v 0.642519 1.119002 0.495434
v 0.642519 1.114863 0.496581
v 0.642519 1.111027 0.498513
v 0.642519 1.107642 0.501156
v 0.642519 1.104838 0.504408
v 0.642519 1.102722 0.508146
v 0.642519 1.101375 0.512224
v 0.642519 1.100851 0.516486
v 0.642519 1.101168 0.520769
v 0.642519 1.102314 0.524908
v 0.642519 1.104246 0.528744
v 0.642519 1.106889 0.532129
v 0.642519 1.110142 0.534934
v 0.642519 1.113879 0.537050
v 0.642519 1.117957 0.538396
v 0.642519 1.122220 0.538921
v 0.642519 1.126503 0.538604
v 0.642519 1.130642 0.537457
v 0.642519 1.134477 0.535525
v 0.642519 1.135363 0.499104
v 0.642519 1.137862 0.532882
v 0.642519 1.138615 0.501909
v 0.642519 1.141258 0.505294
v 0.642519 1.140667 0.529630
v 0.642519 1.142783 0.525892
v 0.642519 1.143190 0.509130
v 0.642519 1.144337 0.513268
v 0.642519 1.144654 0.517551
v 0.642519 1.144129 0.521814
v -0.075285 1.131625 0.496988
v -0.078071 1.131455 0.497373
v -0.078071 1.135120 0.499449
v -0.075285 1.135363 0.499104
v -0.078071 1.138311 0.502199
v -0.075285 1.138615 0.501909
v -0.078071 1.140903 0.505519
v -0.075285 1.141258 0.505294
v -0.078071 1.142798 0.509281
v -0.075285 1.143190 0.509130
v -0.075285 1.143190 0.509130
v -0.078071 1.142798 0.509281
v -0.078071 1.143922 0.513340
v -0.075285 1.144337 0.513268
v -0.078071 1.144233 0.517541
v -0.075285 1.144654 0.517551
v -0.078071 1.143718 0.521722
v -0.075285 1.144129 0.521814
v -0.078071 1.142398 0.525722
v -0.075285 1.142783 0.525892
v -0.078071 1.140323 0.529387
v -0.075285 1.140667 0.529630
v -0.078071 1.137572 0.532577
v -0.075285 1.137862 0.532882
v -0.078071 1.134252 0.535170
v -0.075285 1.134477 0.535525
v -0.078071 1.130490 0.537064
v -0.075285 1.130642 0.537457
v -0.075285 1.130642 0.537457
v -0.078071 1.130490 0.537064
v -0.078071 1.126431 0.538189
v -0.075285 1.126503 0.538604
v -0.078071 1.122230 0.538500
v -0.075285 1.122220 0.538921
v -0.078071 1.118049 0.537985
v -0.075285 1.117957 0.538396
v -0.078071 1.114049 0.536665
v -0.075285 1.113879 0.537050
v -0.078071 1.110384 0.534589
v -0.075285 1.110142 0.534934
v -0.078071 1.107194 0.531839
v -0.075285 1.106889 0.532129
v -0.078071 1.104601 0.528519
v -0.075285 1.104246 0.528744
v -0.078071 1.102707 0.524757
v -0.075285 1.102314 0.524908
v -0.075285 1.102314 0.524908
v -0.078071 1.102707 0.524757
v -0.078071 1.101582 0.520697
v -0.075285 1.101168 0.520769
v -0.078071 1.101271 0.516497
v -0.075285 1.100851 0.516486
v -0.078071 1.101786 0.512316
v -0.075285 1.101375 0.512224
v -0.078071 1.103106 0.508316
v -0.075285 1.102722 0.508146
v -0.078071 1.105182 0.504651
v -0.075285 1.104838 0.504408
v -0.078071 1.107932 0.501461
v -0.075285 1.107642 0.501156
v -0.078071 1.111252 0.498868
v -0.075285 1.111027 0.498513
v -0.078071 1.115014 0.496974
v -0.075285 1.114863 0.496581
v -0.075285 1.114863 0.496581
v -0.078071 1.115014 0.496974
v -0.078071 1.119074 0.495849
v -0.075285 1.119002 0.495434
v -0.078071 1.123274 0.495538
v -0.075285 1.123285 0.495117
v -0.078071 1.127455 0.496053
v -0.075285 1.127547 0.495642
v -0.080750 1.134403 0.500468
v -0.078071 1.135120 0.499449
v -0.078071 1.131455 0.497373
v -0.080750 1.130950 0.498513
v -0.080750 1.137408 0.503059
v -0.078071 1.138311 0.502199
v -0.080750 1.139850 0.506186
v -0.078071 1.140903 0.505519
v -0.080750 1.141635 0.509730
v -0.078071 1.142798 0.509281
v -0.080750 1.142694 0.513554
v -0.078071 1.143922 0.513340
v -0.080750 1.142987 0.517511
v -0.078071 1.144233 0.517541
v -0.080750 1.142502 0.521449
v -0.078071 1.143718 0.521722
v -0.080750 1.141258 0.525217
v -0.078071 1.142398 0.525722
v -0.080750 1.139303 0.528670
v -0.078071 1.140323 0.529387
v -0.080750 1.136712 0.531675
v -0.078071 1.137572 0.532577
v -0.080750 1.133585 0.534117
v -0.078071 1.134252 0.535170
v -0.080750 1.130041 0.535901
v -0.078071 1.130490 0.537064
v -0.080750 1.126217 0.536961
v -0.078071 1.126431 0.538189
v -0.080750 1.122260 0.537253
v -0.078071 1.122230 0.538500
v -0.080750 1.118322 0.536769
v -0.078071 1.118049 0.537985
v -0.080750 1.114554 0.535525
v -0.078071 1.114049 0.536665
v -0.080750 1.111102 0.533570
v -0.078071 1.110384 0.534589
v -0.080750 1.108096 0.530979
v -0.078071 1.107194 0.531839
v -0.080750 1.105655 0.527852
v -0.078071 1.104601 0.528519
v -0.080750 1.103870 0.524308
v -0.078071 1.102707 0.524757
v -0.080750 1.102811 0.520484
v -0.078071 1.101582 0.520697
v -0.080750 1.102518 0.516527
v -0.078071 1.101271 0.516497
v -0.080750 1.103003 0.512589
v -0.078071 1.101786 0.512316
v -0.080750 1.104246 0.508821
v -0.078071 1.103106 0.508316
v -0.080750 1.106201 0.505368
v -0.078071 1.105182 0.504651
v -0.080750 1.108792 0.502363
v -0.078071 1.107932 0.501461
v -0.080750 1.111920 0.499921
v -0.078071 1.111252 0.498868
v -0.080750 1.115463 0.498137
v -0.078071 1.115014 0.496974
v -0.080750 1.119287 0.497077
v -0.078071 1.119074 0.495849
v -0.080750 1.123244 0.496785
v -0.078071 1.123274 0.495538
v -0.080750 1.127182 0.497269
v -0.078071 1.127455 0.496053
v -0.083218 1.133238 0.502123
v -0.083218 1.130130 0.500364
v -0.083218 1.135942 0.504455
v -0.083218 1.138140 0.507270
v -0.083218 1.139746 0.510459
v -0.083218 1.140699 0.513901
v -0.083218 1.140963 0.517462
v -0.083218 1.140526 0.521006
v -0.083218 1.139407 0.524397
v -0.083218 1.137648 0.527504
v -0.083218 1.135316 0.530209
v -0.083218 1.132501 0.532406
v -0.083218 1.129312 0.534013
v -0.083218 1.125871 0.534966
v -0.083218 1.122309 0.535229
v -0.083218 1.118765 0.534793
v -0.083218 1.115374 0.533674
v -0.083218 1.112267 0.531914
v -0.083218 1.109562 0.529583
v -0.083218 1.107365 0.526768
v -0.083218 1.105758 0.523579
v -0.083218 1.104805 0.520137
v -0.083218 1.104542 0.516576
v -0.083218 1.104978 0.513032
v -0.083218 1.106097 0.509641
v -0.083218 1.107857 0.506534
v -0.083218 1.110189 0.503829
v -0.083218 1.113003 0.501632
v -0.083218 1.116192 0.500025
v -0.083218 1.119634 0.499072
v -0.083218 1.123195 0.498809
v -0.083218 1.126739 0.499245
v -0.085382 1.131669 0.504351
v -0.085382 1.129027 0.502855
v -0.085382 1.133969 0.506334
v -0.085382 1.135838 0.508728
v -0.085382 1.137204 0.511440
v -0.085382 1.138015 0.514367
v -0.085382 1.138239 0.517395
v -0.085382 1.137868 0.520410
v -0.085382 1.136916 0.523293
v -0.085382 1.135420 0.525936
v -0.085382 1.133437 0.528236
v -0.085382 1.131043 0.530105
v -0.085382 1.128331 0.531471
v -0.085382 1.125404 0.532282
v -0.085382 1.122376 0.532506
v -0.085382 1.119362 0.532135
v -0.085382 1.116478 0.531183
v -0.085382 1.113835 0.529687
v -0.085382 1.111535 0.527704
v -0.085382 1.109666 0.525310
v -0.085382 1.108300 0.522598
v -0.085382 1.107490 0.519671
v -0.085382 1.107265 0.516642
v -0.085382 1.107636 0.513628
v -0.085382 1.108588 0.510745
v -0.085382 1.110085 0.508102
v -0.085382 1.112068 0.505802
v -0.085382 1.114461 0.503933
v -0.085382 1.117174 0.502567
v -0.085382 1.120100 0.501756
v -0.085382 1.123129 0.501532
v -0.085382 1.126143 0.501903
v -0.087158 1.129758 0.507066
v -0.087158 1.127682 0.505891
v -0.087158 1.131565 0.508624
v -0.087158 1.133034 0.510505
v -0.087158 1.134107 0.512636
v -0.087158 1.134744 0.514935
v -0.087158 1.134920 0.517315
v -0.087158 1.134629 0.519683
v -0.087158 1.133881 0.521949
v -0.087158 1.132705 0.524025
v -0.087158 1.131147 0.525832
v -0.087158 1.129266 0.527301
v -0.087158 1.127135 0.528374
v -0.087158 1.124836 0.529011
v -0.087158 1.122456 0.529187
v -0.087158 1.120088 0.528895
v -0.087158 1.117822 0.528147
v -0.087158 1.115746 0.526972
v -0.087158 1.113939 0.525414
v -0.087158 1.112471 0.523533
v -0.087158 1.111397 0.521402
v -0.087158 1.110760 0.519103
v -0.087158 1.110584 0.516723
v -0.087158 1.110876 0.514355
v -0.087158 1.111624 0.512089
v -0.087158 1.112799 0.510013
v -0.087158 1.114357 0.508206
v -0.087158 1.116238 0.506737
v -0.087158 1.118369 0.505664
v -0.087158 1.120669 0.505027
v -0.087158 1.123048 0.504851
v -0.087158 1.125416 0.505143
v -0.088477 1.127578 0.510163
v -0.088477 1.126148 0.509354
v -0.088477 1.128823 0.511237
v -0.088477 1.129834 0.512532
v -0.088477 1.130574 0.514000
v -0.088477 1.131012 0.515584
v -0.088477 1.131134 0.517223
v -0.088477 1.130933 0.518854
v -0.088477 1.130418 0.520415
v -0.088477 1.129608 0.521845
v -0.088477 1.128535 0.523090
v -0.088477 1.127239 0.524101
v -0.088477 1.125771 0.524840
v -0.088477 1.124187 0.525279
v -0.088477 1.122548 0.525400
v -0.088477 1.120917 0.525200
v -0.088477 1.119357 0.524684
v -0.088477 1.117926 0.523875
v -0.088477 1.116682 0.522801
v -0.088477 1.115670 0.521506
v -0.088477 1.114931 0.520038
v -0.088477 1.114492 0.518454
v -0.088477 1.114371 0.516815
v -0.088477 1.114572 0.515184
v -0.088477 1.115087 0.513623
v -0.088477 1.115897 0.512193
v -0.088477 1.116970 0.510948
v -0.088477 1.118265 0.509937
v -0.088477 1.119733 0.509198
v -0.088477 1.121317 0.508759
v -0.088477 1.122956 0.508638
v -0.088477 1.124587 0.508838
v -0.089290 1.125212 0.513524
v -0.089290 1.124483 0.513111
v -0.089290 1.125847 0.514071
v -0.089290 1.126363 0.514732
v -0.089290 1.126739 0.515480
v -0.089290 1.126963 0.516287
v -0.089290 1.127025 0.517123
v -0.089290 1.126923 0.517954
v -0.089290 1.126660 0.518750
v -0.089290 1.126247 0.519479
v -0.089290 1.125700 0.520114
v -0.089290 1.125040 0.520629
v -0.089290 1.124291 0.521006
v -0.089290 1.123484 0.521230
v -0.089290 1.122648 0.521292
v -0.089290 1.121817 0.521189
v -0.089290 1.121021 0.520927
v -0.089290 1.120292 0.520514
v -0.089290 1.119657 0.519967
v -0.089290 1.119142 0.519306
v -0.089290 1.118765 0.518558
v -0.089290 1.118541 0.517751
v -0.089290 1.118479 0.516915
v -0.089290 1.118582 0.516084
v -0.089290 1.118844 0.515288
v -0.089290 1.119257 0.514559
v -0.089290 1.119804 0.513924
v -0.089290 1.120465 0.513409
v -0.089290 1.121213 0.513032
v -0.089290 1.122021 0.512808
v -0.089290 1.122856 0.512746
v -0.089290 1.123688 0.512849
v -0.089564 1.122752 0.517019
v -0.075285 1.144654 0.517551
v -0.075285 1.144129 0.521814
v -0.075285 1.142783 0.525892
v -0.075285 1.123285 0.495117
v -0.075285 1.127547 0.495642
v -0.075285 1.131625 0.496988
v -0.075285 1.119002 0.495434
v -0.075285 1.114863 0.496581
v -0.075285 1.111027 0.498513
v -0.075285 1.107642 0.501156
v -0.075285 1.104838 0.504408
v -0.075285 1.102722 0.508146
v -0.075285 1.101375 0.512224
v -0.075285 1.100851 0.516486
v -0.075285 1.101168 0.520769
v -0.075285 1.102314 0.524908
v -0.075285 1.104246 0.528744
v -0.075285 1.106889 0.532129
v -0.075285 1.110142 0.534934
v -0.075285 1.113879 0.537050
v -0.075285 1.117957 0.538396
v -0.075285 1.122220 0.538921
v -0.075285 1.126503 0.538604
v -0.075285 1.130642 0.537457
v -0.075285 1.134477 0.535525
v -0.075285 1.135363 0.499104
v -0.075285 1.137862 0.532882
v -0.075285 1.138615 0.501909
v -0.075285 1.141258 0.505294
v -0.075285 1.140667 0.529630
v -0.075285 1.143190 0.509130
v -0.075285 1.144337 0.513268
vt 0.500000 -0.478090
vt 0.547114 -0.478090
vt 0.546209 -0.485681
vt 0.500000 -0.485681
vt 0.592417 -0.478090
vt 0.590642 -0.485681
vt 0.634169 -0.478090
vt 0.631591 -0.485681
vt 0.670765 -0.478090
vt 0.667484 -0.485681
vt 0.329235 -0.478090
vt 0.365830 -0.478090
vt 0.368409 -0.485681
vt 0.332516 -0.485681
vt 0.407582 -0.478090
vt 0.409358 -0.485681
vt 0.452886 -0.478090
vt 0.453791 -0.485681
vt 0.500000 -0.478090
vt 0.500000 -0.485681
vt 0.547114 -0.478090
vt 0.546209 -0.485681
vt 0.592418 -0.478090
vt 0.590642 -0.485681
vt 0.634170 -0.478090
vt 0.631592 -0.485681
vt 0.670765 -0.478090
vt 0.667484 -0.485681
vt 0.329235 -0.478090
vt 0.365831 -0.478090
vt 0.368409 -0.485681
vt 0.332516 -0.485681
vt 0.407583 -0.478090
vt 0.409358 -0.485681
vt 0.452886 -0.478090
vt 0.453791 -0.485681
vt 0.500000 -0.478090
vt 0.500000 -0.485681
vt 0.547114 -0.478090
vt 0.546209 -0.485681
vt 0.592418 -0.478090
vt 0.590642 -0.485681
vt 0.634170 -0.478090
vt 0.631592 -0.485681
vt 0.670766 -0.478090
vt 0.667484 -0.485681
vt 0.329235 -0.478090
vt 0.365831 -0.478090
vt 0.368409 -0.485681
vt 0.332516 -0.485681
vt 0.407583 -0.478090
vt 0.409358 -0.485681
vt 0.452886 -0.478090
vt 0.453792 -0.485681
vt 0.500000 -0.478090
vt 0.500000 -0.485681
vt 0.547114 -0.478090
vt 0.546209 -0.485681
vt 0.592418 -0.478090
vt 0.590642 -0.485681
vt 0.634170 -0.478090
vt 0.631592 -0.485681
vt 0.670766 -0.478090
vt 0.667484 -0.485681
vt 0.329235 -0.478090
vt 0.365831 -0.478090
vt 0.368409 -0.485681
vt 0.332516 -0.485681
vt 0.407583 -0.478090
vt 0.409359 -0.485681
vt 0.452886 -0.478090
vt 0.453792 -0.485681
vt 0.456472 0.281171
vt 0.500000 0.276884
vt 0.500000 0.263142
vt 0.453791 0.267693
vt 0.414617 0.293868
vt 0.409358 0.281171
vt 0.376044 0.314486
vt 0.368409 0.303059
vt 0.342233 0.342233
vt 0.332516 0.332516
vt 0.314486 0.376043
vt 0.303059 0.368409
vt 0.293868 0.414617
vt 0.281171 0.409358
vt 0.281171 0.456472
vt 0.267693 0.453791
vt 0.276884 0.500000
vt 0.263142 0.500000
vt 0.281171 0.543528
vt 0.267693 0.546209
vt 0.293868 0.585383
vt 0.281171 0.590642
vt 0.314486 0.623957
vt 0.303059 0.631592
vt 0.342233 0.657767
vt 0.332516 0.667484
vt 0.376044 0.685514
vt 0.368409 0.696941
vt 0.414617 0.706132
vt 0.409358 0.718829
vt 0.456472 0.718829
vt 0.453791 0.732307
vt 0.500000 0.723116
vt 0.500000 0.736858
vt 0.543528 0.718829
vt 0.546209 0.732307
vt 0.585383 0.706132
vt 0.590642 0.718829
vt 0.623957 0.685514
vt 0.631592 0.696940
vt 0.657767 0.657766
vt 0.667484 0.667484
vt 0.685514 0.623956
vt 0.696941 0.631591
vt 0.706132 0.585382
vt 0.718829 0.590641
vt 0.718829 0.543527
vt 0.732307 0.546209
vt 0.723116 0.500000
vt 0.736858 0.500000
vt 0.718829 0.456472
vt 0.732307 0.453791
vt 0.706132 0.414617
vt 0.718828 0.409358
vt 0.685514 0.376043
vt 0.696940 0.368408
vt 0.657766 0.342233
vt 0.667484 0.332516
vt 0.623956 0.314486
vt 0.631591 0.303059
vt 0.585382 0.293868
vt 0.590641 0.281171
vt 0.543527 0.281171
vt 0.546208 0.267693
vt 0.460826 0.303059
vt 0.500000 0.299201
vt 0.423158 0.314486
vt 0.388442 0.333042
vt 0.358014 0.358014
vt 0.333042 0.388442
vt 0.314486 0.423158
vt 0.303059 0.460826
vt 0.299201 0.500000
vt 0.303059 0.539174
vt 0.314486 0.576842
vt 0.333042 0.611558
vt 0.358014 0.641986
vt 0.388442 0.666958
vt 0.423158 0.685514
vt 0.460826 0.696941
vt 0.500000 0.700799
vt 0.539174 0.696941
vt 0.576843 0.685514
vt 0.611558 0.666958
vt 0.641986 0.641986
vt 0.666958 0.611558
vt 0.685514 0.576842
vt 0.696941 0.539174
vt 0.700799 0.500000
vt 0.696941 0.460826
vt 0.685514 0.423157
vt 0.666958 0.388442
vt 0.641986 0.358014
vt 0.611558 0.333042
vt 0.576842 0.314486
vt 0.539174 0.303059
vt 0.466685 0.332516
vt 0.500000 0.329235
vt 0.434651 0.342233
vt 0.405128 0.358014
vt 0.379251 0.379251
vt 0.358014 0.405128
vt 0.342233 0.434651
vt 0.332516 0.466685
vt 0.329235 0.500000
vt 0.332516 0.533315
vt 0.342233 0.565349
vt 0.358014 0.594872
vt 0.379251 0.620749
vt 0.405128 0.641986
vt 0.434651 0.657767
vt 0.466685 0.667484
vt 0.500000 0.670765
vt 0.533315 0.667484
vt 0.565349 0.657767
vt 0.594872 0.641986
vt 0.620749 0.620749
vt 0.641986 0.594872
vt 0.657767 0.565349
vt 0.667484 0.533314
vt 0.670765 0.500000
vt 0.667484 0.466685
vt 0.657767 0.434651
vt 0.641986 0.405128
vt 0.620749 0.379250
vt 0.594872 0.358014
vt 0.565349 0.342233
vt 0.533314 0.332516
vt 0.473825 0.368409
vt 0.500000 0.365831
vt 0.448656 0.376044
vt 0.425459 0.388442
vt 0.405128 0.405128
vt 0.388442 0.425459
vt 0.376044 0.448656
vt 0.368409 0.473825
vt 0.365831 0.500000
vt 0.368409 0.526175
vt 0.376044 0.551344
vt 0.388442 0.574541
vt 0.405128 0.594872
vt 0.425459 0.611558
vt 0.448656 0.623956
vt 0.473825 0.631591
vt 0.500000 0.634169
vt 0.526175 0.631591
vt 0.551345 0.623956
vt 0.574541 0.611558
vt 0.594872 0.594872
vt 0.611558 0.574540
vt 0.623957 0.551344
vt 0.631591 0.526175
vt 0.634169 0.500000
vt 0.631591 0.473825
vt 0.623956 0.448655
vt 0.611558 0.425459
vt 0.594872 0.405128
vt 0.574540 0.388442
vt 0.551344 0.376043
vt 0.526175 0.368409
vt 0.481970 0.409358
vt 0.500000 0.407582
vt 0.464633 0.414617
vt 0.448656 0.423158
vt 0.434651 0.434651
vt 0.423158 0.448656
vt 0.414617 0.464633
vt 0.409358 0.481970
vt 0.407582 0.500000
vt 0.409358 0.518030
vt 0.414617 0.535367
vt 0.423158 0.551344
vt 0.434651 0.565349
vt 0.448656 0.576842
vt 0.464633 0.585383
vt 0.481970 0.590642
vt 0.500000 0.592418
vt 0.518030 0.590642
vt 0.535367 0.585383
vt 0.551345 0.576842
vt 0.565349 0.565349
vt 0.576842 0.551344
vt 0.585383 0.535367
vt 0.590642 0.518030
vt 0.592418 0.500000
vt 0.590642 0.481970
vt 0.585383 0.464633
vt 0.576842 0.448655
vt 0.565349 0.434651
vt 0.551344 0.423158
vt 0.535366 0.414617
vt 0.518030 0.409358
vt 0.490809 0.453791
vt 0.500000 0.452886
vt 0.481970 0.456472
vt 0.473825 0.460826
vt 0.466685 0.466685
vt 0.460826 0.473825
vt 0.456472 0.481970
vt 0.453791 0.490808
vt 0.452886 0.500000
vt 0.453791 0.509192
vt 0.456472 0.518030
vt 0.460826 0.526175
vt 0.466685 0.533315
vt 0.473825 0.539174
vt 0.481970 0.543528
vt 0.490809 0.546209
vt 0.500000 0.547114
vt 0.509192 0.546209
vt 0.518030 0.543528
vt 0.526175 0.539174
vt 0.533315 0.533315
vt 0.539174 0.526175
vt 0.543528 0.518030
vt 0.546209 0.509191
vt 0.547114 0.500000
vt 0.546209 0.490808
vt 0.543528 0.481970
vt 0.539174 0.473825
vt 0.533315 0.466685
vt 0.526175 0.460826
vt 0.518030 0.456472
vt 0.509191 0.453791
vt 0.500000 0.500000
vt 0.500000 0.258501
vt 0.452886 0.263141
vt 0.407583 0.276884
vt 0.365831 0.299201
vt 0.329235 0.329234
vt 0.299201 0.365830
vt 0.276884 0.407582
vt 0.263142 0.452886
vt 0.258501 0.500000
vt 0.263142 0.547114
vt 0.276884 0.592417
vt 0.299201 0.634169
vt 0.329234 0.670765
vt 0.365830 0.700799
vt 0.407582 0.723116
vt 0.452886 0.736858
vt 0.500000 0.741499
vt 0.547114 0.736858
vt 0.592417 0.723116
vt 0.634169 0.700799
vt 0.670765 0.670765
vt 0.700799 0.634170
vt 0.547114 0.263142
vt 0.723116 0.592418
vt 0.592417 0.276884
vt 0.634169 0.299201
vt 0.736858 0.547114
vt 0.741499 0.500000
vt 0.670765 0.329235
vt 0.700799 0.365830
vt 0.723116 0.407582
vt 0.736858 0.452886
vt 0.500000 1.478090
vt 0.500000 1.485681
vt 0.546209 1.485681
vt 0.547114 1.478090
vt 0.590642 1.485681
vt 0.592417 1.478090
vt 0.631591 1.485681
vt 0.634169 1.478090
vt 0.667484 1.485681
vt 0.670765 1.478090
vt 0.329235 1.478090
vt 0.332516 1.485681
vt 0.368409 1.485681
vt 0.365830 1.478090
vt 0.409358 1.485681
vt 0.407582 1.478090
vt 0.453791 1.485681
vt 0.452886 1.478090
vt 0.500000 1.485681
vt 0.500000 1.478090
vt 0.546209 1.485681
vt 0.547114 1.478090
vt 0.590642 1.485681
vt 0.592418 1.478090
vt 0.631592 1.485681
vt 0.634170 1.478090
vt 0.667484 1.485681
vt 0.670765 1.478090
vt 0.329235 1.478090
vt 0.332516 1.485681
vt 0.368409 1.485681
vt 0.365831 1.478090
vt 0.409358 1.485681
vt 0.407583 1.478090
vt 0.453791 1.485681
vt 0.452886 1.478090
vt 0.500000 1.485681
vt 0.500000 1.478090
vt 0.546209 1.485681
vt 0.547114 1.478090
vt 0.590642 1.485681
vt 0.592418 1.478090
vt 0.631592 1.485681
vt 0.634170 1.478090
vt 0.667484 1.485681
vt 0.670766 1.478090
vt 0.329235 1.478090
vt 0.332516 1.485681
vt 0.368409 1.485681
vt 0.365831 1.478090
vt 0.409358 1.485681
vt 0.407583 1.478090
vt 0.453792 1.485681
vt 0.452886 1.478090
vt 0.500000 1.485681
vt 0.500000 1.478090
vt 0.546209 1.485681
vt 0.547114 1.478090
vt 0.590642 1.485681
vt 0.592418 1.478090
vt 0.631592 1.485681
vt 0.634170 1.478090
vt 0.667484 1.485681
vt 0.670766 1.478090
vt 0.329235 1.478090
vt 0.332516 1.485681
vt 0.368409 1.485681
vt 0.365831 1.478090
vt 0.409359 1.485681
vt 0.407583 1.478090
vt 0.453792 1.485681
vt 0.452886 1.478090
vt 0.543528 0.281171
vt 0.546209 0.267693
vt 0.500000 0.263142
vt 0.500000 0.276884
vt 0.585383 0.293868
vt 0.590642 0.281171
vt 0.623956 0.314486
vt 0.631591 0.303059
vt 0.657767 0.342233
vt 0.667484 0.332516
vt 0.685514 0.376043
vt 0.696941 0.368409
vt 0.706132 0.414617
vt 0.718829 0.409358
vt 0.718829 0.456472
vt 0.732307 0.453791
vt 0.723116 0.500000
vt 0.736858 0.500000
vt 0.718829 0.543528
vt 0.732307 0.546209
vt 0.706132 0.585383
vt 0.718829 0.590642
vt 0.685514 0.623957
vt 0.696941 0.631592
vt 0.657767 0.657767
vt 0.667484 0.667484
vt 0.623956 0.685514
vt 0.631591 0.696941
vt 0.585383 0.706132
vt 0.590642 0.718829
vt 0.543528 0.718829
vt 0.546209 0.732307
vt 0.500000 0.723116
vt 0.500000 0.736858
vt 0.456472 0.718829
vt 0.453791 0.732307
vt 0.414617 0.706132
vt 0.409358 0.718829
vt 0.376043 0.685514
vt 0.368408 0.696940
vt 0.342233 0.657766
vt 0.332516 0.667484
vt 0.314486 0.623956
vt 0.303059 0.631591
vt 0.293868 0.585382
vt 0.281171 0.590641
vt 0.281171 0.543527
vt 0.267693 0.546209
vt 0.276884 0.500000
vt 0.263142 0.500000
vt 0.281171 0.456472
vt 0.267693 0.453791
vt 0.293868 0.414617
vt 0.281172 0.409358
vt 0.314486 0.376043
vt 0.303060 0.368408
vt 0.342234 0.342233
vt 0.332516 0.332516
vt 0.376044 0.314486
vt 0.368409 0.303059
vt 0.414618 0.293868
vt 0.409359 0.281171
vt 0.456473 0.281171
vt 0.453792 0.267693
vt 0.539174 0.303059
vt 0.500000 0.299201
vt 0.576842 0.314486
vt 0.611558 0.333042
vt 0.641986 0.358014
vt 0.666958 0.388442
vt 0.685514 0.423158
vt 0.696941 0.460826
vt 0.700799 0.500000
vt 0.696941 0.539174
vt 0.685514 0.576842
vt 0.666958 0.611558
vt 0.641986 0.641986
vt 0.611558 0.666958
vt 0.576842 0.685514
vt 0.539174 0.696941
vt 0.500000 0.700799
vt 0.460826 0.696941
vt 0.423157 0.685514
vt 0.388442 0.666958
vt 0.358014 0.641986
vt 0.333042 0.611558
vt 0.314486 0.576842
vt 0.303059 0.539174
vt 0.299201 0.500000
vt 0.303059 0.460826
vt 0.314486 0.423157
vt 0.333042 0.388442
vt 0.358014 0.358014
vt 0.388442 0.333042
vt 0.423158 0.314486
vt 0.460826 0.303059
vt 0.533315 0.332516
vt 0.500000 0.329235
vt 0.565349 0.342233
vt 0.594872 0.358014
vt 0.620749 0.379251
vt 0.641986 0.405128
vt 0.657767 0.434651
vt 0.667484 0.466685
vt 0.670765 0.500000
vt 0.667484 0.533315
vt 0.657767 0.565349
vt 0.641986 0.594872
vt 0.620749 0.620749
vt 0.594872 0.641986
vt 0.565349 0.657767
vt 0.533315 0.667484
vt 0.500000 0.670765
vt 0.466685 0.667484
vt 0.434651 0.657767
vt 0.405128 0.641986
vt 0.379251 0.620749
vt 0.358014 0.594872
vt 0.342233 0.565349
vt 0.332516 0.533314
vt 0.329235 0.500000
vt 0.332516 0.466685
vt 0.342233 0.434651
vt 0.358014 0.405128
vt 0.379251 0.379250
vt 0.405128 0.358014
vt 0.434651 0.342233
vt 0.466686 0.332516
vt 0.526175 0.368409
vt 0.500000 0.365831
vt 0.551344 0.376044
vt 0.574541 0.388442
vt 0.594872 0.405128
vt 0.611558 0.425459
vt 0.623956 0.448656
vt 0.631591 0.473825
vt 0.634169 0.500000
vt 0.631591 0.526175
vt 0.623956 0.551344
vt 0.611558 0.574541
vt 0.594872 0.594872
vt 0.574540 0.611558
vt 0.551344 0.623956
vt 0.526175 0.631591
vt 0.500000 0.634169
vt 0.473825 0.631591
vt 0.448655 0.623956
vt 0.425459 0.611558
vt 0.405128 0.594872
vt 0.388442 0.574540
vt 0.376043 0.551344
vt 0.368409 0.526175
vt 0.365831 0.500000
vt 0.368409 0.473825
vt 0.376044 0.448655
vt 0.388442 0.425459
vt 0.405128 0.405128
vt 0.425460 0.388442
vt 0.448656 0.376043
vt 0.473825 0.368409
vt 0.518030 0.409358
vt 0.500000 0.407582
vt 0.535367 0.414617
vt 0.551344 0.423158
vt 0.565349 0.434651
vt 0.576842 0.448656
vt 0.585383 0.464633
vt 0.590642 0.481970
vt 0.592418 0.500000
vt 0.590642 0.518030
vt 0.585383 0.535367
vt 0.576842 0.551344
vt 0.565349 0.565349
vt 0.551344 0.576842
vt 0.535367 0.585383
vt 0.518030 0.590642
vt 0.500000 0.592418
vt 0.481970 0.590642
vt 0.464633 0.585383
vt 0.448655 0.576842
vt 0.434651 0.565349
vt 0.423158 0.551344
vt 0.414617 0.535367
vt 0.409358 0.518030
vt 0.407582 0.500000
vt 0.409358 0.481970
vt 0.414617 0.464633
vt 0.423158 0.448655
vt 0.434651 0.434651
vt 0.448656 0.423158
vt 0.464634 0.414617
vt 0.481970 0.409358
vt 0.509192 0.453791
vt 0.500000 0.452886
vt 0.518030 0.456472
vt 0.526175 0.460826
vt 0.533315 0.466685
vt 0.539174 0.473825
vt 0.543528 0.481970
vt 0.546209 0.490808
vt 0.547114 0.500000
vt 0.546209 0.509192
vt 0.543528 0.518030
vt 0.539174 0.526175
vt 0.533315 0.533315
vt 0.526175 0.539174
vt 0.518030 0.543528
vt 0.509191 0.546209
vt 0.500000 0.547114
vt 0.490808 0.546209
vt 0.481970 0.543528
vt 0.473825 0.539174
vt 0.466685 0.533315
vt 0.460826 0.526175
vt 0.456472 0.518030
vt 0.453791 0.509191
vt 0.452886 0.500000
vt 0.453791 0.490808
vt 0.456472 0.481970
vt 0.460826 0.473825
vt 0.466685 0.466685
vt 0.473825 0.460826
vt 0.481970 0.456472
vt 0.490809 0.453791
vt 0.500000 0.500000
vt 0.276884 0.407582
vt 0.263142 0.452886
vt 0.258501 0.500000
vt 0.592417 0.276884
vt 0.547114 0.263141
vt 0.500000 0.258501
vt 0.634169 0.299201
vt 0.670765 0.329234
vt 0.700799 0.365830
vt 0.723116 0.407582
vt 0.736858 0.452886
vt 0.741499 0.500000
vt 0.736858 0.547114
vt 0.723116 0.592417
vt 0.700799 0.634169
vt 0.670766 0.670765
vt 0.634170 0.700799
vt 0.592418 0.723116
vt 0.547114 0.736858
vt 0.500000 0.741499
vt 0.452886 0.736858
vt 0.407583 0.723116
vt 0.365831 0.700799
vt 0.329235 0.670765
vt 0.299201 0.634170
vt 0.452886 0.263142
vt 0.276884 0.592418
vt 0.407582 0.276884
vt 0.365831 0.299201
vt 0.263142 0.547114
vt 0.329235 0.329235
vt 0.299201 0.365830
vn -0.991348 -0.131263 -0.000004
vn -0.817722 -0.115498 -0.563907
vn -0.807316 -0.337971 -0.483753
vn -0.926129 -0.377206 -0.000003
vn -0.573833 -0.097020 -0.813205
vn -0.608161 -0.276152 -0.744232
vn -0.407540 -0.089817 -0.908760
vn -0.452080 -0.234307 -0.860653
vn -0.297133 -0.090552 -0.950533
vn -0.341499 -0.211987 -0.915664
vn -0.297133 -0.090552 -0.950533
vn -0.218162 -0.096400 -0.971140
vn -0.260486 -0.203060 -0.943882
vn -0.341499 -0.211987 -0.915664
vn -0.156980 -0.106116 -0.981884
vn -0.197601 -0.203625 -0.958901
vn -0.105990 -0.119405 -0.987172
vn -0.145807 -0.211814 -0.966372
vn -0.060518 -0.136615 -0.988774
vn -0.100626 -0.227154 -0.968646
vn -0.017219 -0.158728 -0.987172
vn -0.058907 -0.250309 -0.966372
vn 0.026884 -0.187565 -0.981884
vn -0.018041 -0.283168 -0.958901
vn 0.075188 -0.226350 -0.971140
vn 0.024630 -0.329363 -0.943882
vn 0.132581 -0.280910 -0.950532
vn 0.072452 -0.395361 -0.915664
vn 0.132581 -0.280910 -0.950532
vn 0.207310 -0.362186 -0.908759
vn 0.130222 -0.492259 -0.860653
vn 0.072452 -0.395361 -0.915664
vn 0.313709 -0.490188 -0.813205
vn 0.204102 -0.635974 -0.744231
vn 0.463895 -0.683237 -0.563905
vn 0.292131 -0.825012 -0.483751
vn 0.568878 -0.822422 0.000004
vn 0.342904 -0.939370 0.000003
vn 0.463892 -0.683236 0.563908
vn 0.292129 -0.825011 0.483754
vn 0.313707 -0.490187 0.813206
vn 0.204101 -0.635972 0.744233
vn 0.207308 -0.362187 0.908760
vn 0.130221 -0.492258 0.860653
vn 0.132580 -0.280909 0.950533
vn 0.072452 -0.395361 0.915664
vn 0.132580 -0.280909 0.950533
vn 0.075188 -0.226350 0.971140
vn 0.024630 -0.329363 0.943882
vn 0.072452 -0.395361 0.915664
vn 0.026883 -0.187565 0.981884
vn -0.018041 -0.283167 0.958901
vn -0.017219 -0.158727 0.987172
vn -0.058907 -0.250308 0.966372
vn -0.060519 -0.136614 0.988774
vn -0.100626 -0.227154 0.968646
vn -0.105990 -0.119404 0.987172
vn -0.145807 -0.211813 0.966372
vn -0.156981 -0.106116 0.981884
vn -0.197602 -0.203625 0.958901
vn -0.218163 -0.096400 0.971140
vn -0.260487 -0.203060 0.943882
vn -0.297134 -0.090552 0.950532
vn -0.341499 -0.211987 0.915664
vn -0.297134 -0.090552 0.950532
vn -0.407542 -0.089817 0.908759
vn -0.452081 -0.234308 0.860652
vn -0.341499 -0.211987 0.915664
vn -0.573835 -0.097021 0.813204
vn -0.608162 -0.276153 0.744230
vn -0.817724 -0.115501 0.563903
vn -0.807317 -0.337974 0.483749
vn -0.690265 -0.661995 -0.292055
vn -0.726463 -0.687206 -0.000001
vn -0.926129 -0.377206 -0.000003
vn -0.807316 -0.337971 -0.483753
vn -0.605507 -0.605071 -0.516962
vn -0.608161 -0.276152 -0.744232
vn -0.510670 -0.546303 -0.663904
vn -0.452080 -0.234307 -0.860653
vn -0.425600 -0.500631 -0.753812
vn -0.341499 -0.211987 -0.915664
vn -0.354570 -0.470962 -0.807760
vn -0.260486 -0.203060 -0.943882
vn -0.296043 -0.456101 -0.839244
vn -0.197601 -0.203625 -0.958901
vn -0.247348 -0.454467 -0.855733
vn -0.145807 -0.211814 -0.966372
vn -0.206089 -0.465226 -0.860867
vn -0.100626 -0.227154 -0.968646
vn -0.170398 -0.488555 -0.855733
vn -0.058907 -0.250309 -0.966372
vn -0.138889 -0.525718 -0.839244
vn -0.018041 -0.283168 -0.958901
vn -0.110571 -0.579050 -0.807760
vn 0.024630 -0.329363 -0.943882
vn -0.084819 -0.651592 -0.753812
vn 0.072452 -0.395361 -0.915664
vn -0.061486 -0.745286 -0.663903
vn 0.130222 -0.492259 -0.860653
vn -0.041289 -0.855012 -0.516962
vn 0.204102 -0.635974 -0.744231
vn -0.026500 -0.956035 -0.292053
vn 0.292131 -0.825012 -0.483751
vn -0.020850 -0.999783 0.000002
vn 0.342904 -0.939370 0.000003
vn -0.026500 -0.956034 0.292056
vn 0.292129 -0.825011 0.483754
vn -0.041289 -0.855011 0.516964
vn 0.204101 -0.635972 0.744233
vn -0.061486 -0.745285 0.663905
vn 0.130221 -0.492258 0.860653
vn -0.084819 -0.651592 0.753813
vn 0.072452 -0.395361 0.915664
vn -0.110571 -0.579049 0.807760
vn 0.024630 -0.329363 0.943882
vn -0.138889 -0.525717 0.839244
vn -0.018041 -0.283167 0.958901
vn -0.170398 -0.488555 0.855733
vn -0.058907 -0.250308 0.966372
vn -0.206089 -0.465226 0.860867
vn -0.100626 -0.227154 0.968646
vn -0.247349 -0.454467 0.855732
vn -0.145807 -0.211813 0.966372
vn -0.296043 -0.456101 0.839244
vn -0.197602 -0.203625 0.958901
vn -0.354570 -0.470962 0.807759
vn -0.260487 -0.203060 0.943882
vn -0.425601 -0.500631 0.753812
vn -0.341499 -0.211987 0.915664
vn -0.510671 -0.546304 0.663903
vn -0.452081 -0.234308 0.860652
vn -0.605508 -0.605071 0.516961
vn -0.608162 -0.276153 0.744230
vn -0.690266 -0.661996 0.292052
vn -0.807317 -0.337974 0.483749
vn -0.601103 -0.776462 -0.189162
vn -0.615746 -0.787945 -0.000001
vn -0.562345 -0.747067 -0.354484
vn -0.510654 -0.710631 -0.483980
vn -0.456070 -0.676817 -0.577857
vn -0.404501 -0.651256 -0.642063
vn -0.358403 -0.636357 -0.683079
vn -0.318318 -0.632880 -0.705788
vn -0.283969 -0.641034 -0.713048
vn -0.254851 -0.660995 -0.705788
vn -0.230492 -0.693020 -0.683079
vn -0.210554 -0.737172 -0.642063
vn -0.194835 -0.792541 -0.577857
vn -0.183203 -0.855687 -0.483979
vn -0.175457 -0.918453 -0.354484
vn -0.171186 -0.966909 -0.189161
vn -0.169853 -0.985469 0.000001
vn -0.171186 -0.966909 0.189163
vn -0.175457 -0.918452 0.354485
vn -0.183203 -0.855687 0.483980
vn -0.194835 -0.792540 0.577858
vn -0.210554 -0.737171 0.642064
vn -0.230492 -0.693019 0.683080
vn -0.254851 -0.660995 0.705788
vn -0.283969 -0.641034 0.713048
vn -0.318318 -0.632880 0.705788
vn -0.358404 -0.636357 0.683079
vn -0.404501 -0.651256 0.642063
vn -0.456071 -0.676817 0.577856
vn -0.510655 -0.710631 0.483978
vn -0.562346 -0.747067 0.354483
vn -0.601103 -0.776462 0.189160
vn -0.542247 -0.830366 -0.128300
vn -0.549365 -0.835582 -0.000001
vn -0.522416 -0.816342 -0.246307
vn -0.493638 -0.797525 -0.346809
vn -0.460252 -0.778509 -0.426721
vn -0.425871 -0.763099 -0.486121
vn -0.392926 -0.753847 -0.526615
vn -0.362807 -0.752220 -0.550033
vn -0.336192 -0.758923 -0.557683
vn -0.313346 -0.774131 -0.550033
vn -0.294314 -0.797531 -0.526615
vn -0.279030 -0.828148 -0.486120
vn -0.267342 -0.863966 -0.426721
vn -0.258993 -0.901469 -0.346809
vn -0.253594 -0.935427 -0.246306
vn -0.250655 -0.959537 -0.128299
vn -0.249736 -0.968314 0.000001
vn -0.250655 -0.959537 0.128300
vn -0.253594 -0.935427 0.246307
vn -0.258993 -0.901469 0.346810
vn -0.267342 -0.863966 0.426721
vn -0.279030 -0.828148 0.486121
vn -0.294314 -0.797531 0.526615
vn -0.313346 -0.774131 0.550033
vn -0.336193 -0.758923 0.557683
vn -0.362807 -0.752220 0.550032
vn -0.392926 -0.753848 0.526615
vn -0.425871 -0.763099 0.486120
vn -0.460253 -0.778510 0.426720
vn -0.493638 -0.797525 0.346808
vn -0.522416 -0.816343 0.246306
vn -0.542247 -0.830366 0.128298
vn -0.499353 -0.862079 -0.086411
vn -0.503043 -0.864261 -0.000000
vn -0.488801 -0.856099 -0.167834
vn -0.472765 -0.847829 -0.240165
vn -0.453071 -0.839241 -0.300667
vn -0.431554 -0.832285 -0.347941
vn -0.409773 -0.828553 -0.381557
vn -0.388900 -0.829146 -0.401588
vn -0.369738 -0.834649 -0.408235
vn -0.352788 -0.845144 -0.401588
vn -0.338324 -0.860204 -0.381557
vn -0.326452 -0.878844 -0.347941
vn -0.317147 -0.899454 -0.300666
vn -0.310274 -0.919810 -0.240164
vn -0.305625 -0.937243 -0.167833
vn -0.302964 -0.949077 -0.086410
vn -0.302101 -0.953276 0.000000
vn -0.302964 -0.949076 0.086411
vn -0.305625 -0.937243 0.167834
vn -0.310275 -0.919810 0.240165
vn -0.317147 -0.899454 0.300667
vn -0.326452 -0.878843 0.347941
vn -0.338324 -0.860204 0.381557
vn -0.352788 -0.845143 0.401589
vn -0.369738 -0.834648 0.408235
vn -0.388900 -0.829146 0.401588
vn -0.409773 -0.828553 0.381557
vn -0.431554 -0.832285 0.347941
vn -0.453071 -0.839241 0.300666
vn -0.472765 -0.847829 0.240164
vn -0.488801 -0.856099 0.167833
vn -0.499353 -0.862079 0.086410
vn -0.464846 -0.883746 -0.053965
vn -0.466685 -0.884423 -0.000000
vn -0.459502 -0.881895 -0.105446
vn -0.451146 -0.879375 -0.152207
vn -0.440484 -0.876895 -0.192430
vn -0.428323 -0.875221 -0.224783
vn -0.415452 -0.875045 -0.248387
vn -0.402574 -0.876876 -0.262722
vn -0.390262 -0.880980 -0.267526
vn -0.378949 -0.887341 -0.262722
vn -0.368940 -0.895649 -0.248387
vn -0.360423 -0.905300 -0.224783
vn -0.353491 -0.915431 -0.192430
vn -0.348165 -0.924994 -0.152207
vn -0.344417 -0.932876 -0.105446
vn -0.342197 -0.938077 -0.053965
vn -0.341463 -0.939895 0.000000
vn -0.342197 -0.938077 0.053965
vn -0.344417 -0.932876 0.105447
vn -0.348165 -0.924994 0.152207
vn -0.353491 -0.915431 0.192430
vn -0.360423 -0.905300 0.224783
vn -0.368941 -0.895649 0.248387
vn -0.378950 -0.887341 0.262722
vn -0.390262 -0.880980 0.267526
vn -0.402575 -0.876876 0.262722
vn -0.415453 -0.875045 0.248387
vn -0.428323 -0.875221 0.224783
vn -0.440485 -0.876895 0.192429
vn -0.451146 -0.879375 0.152206
vn -0.459502 -0.881895 0.105446
vn -0.464846 -0.883746 0.053965
vn -0.434589 -0.900244 -0.026330
vn -0.435316 -0.900278 -0.000000
vn -0.432452 -0.900179 -0.051601
vn -0.429042 -0.900182 -0.074810
vn -0.424566 -0.900393 -0.095060
vn -0.419281 -0.900972 -0.111598
vn -0.413469 -0.902058 -0.123831
vn -0.407413 -0.903750 -0.131338
vn -0.401379 -0.906076 -0.133868
vn -0.395603 -0.908982 -0.131338
vn -0.390281 -0.912331 -0.123831
vn -0.385571 -0.915905 -0.111598
vn -0.381591 -0.919430 -0.095060
vn -0.378427 -0.922603 -0.074810
vn -0.376134 -0.925127 -0.051601
vn -0.374746 -0.926753 -0.026330
vn -0.374282 -0.927315 0.000000
vn -0.374746 -0.926753 0.026331
vn -0.376134 -0.925127 0.051601
vn -0.378427 -0.922603 0.074810
vn -0.381591 -0.919430 0.095060
vn -0.385571 -0.915905 0.111598
vn -0.390281 -0.912330 0.123831
vn -0.395603 -0.908982 0.131338
vn -0.401379 -0.906076 0.133868
vn -0.407413 -0.903750 0.131338
vn -0.413469 -0.902058 0.123831
vn -0.419281 -0.900972 0.111598
vn -0.424566 -0.900393 0.095060
vn -0.429042 -0.900182 0.074809
vn -0.432452 -0.900179 0.051601
vn -0.434589 -0.900244 0.026330
vn -0.405025 -0.914306 -0.000000
vn 0.405025 0.914306 0.000000
vn 0.405025 0.914306 0.000000
vn 0.405025 0.914306 0.000000
vn 0.405025 0.914306 0.000000
vn 0.405025 0.914306 0.000000
vn 0.405025 0.914306 0.000000
vn 0.405025 0.914306 0.000000
vn 0.405025 0.914306 0.000000
vn 0.405025 0.914306 0.000000
vn 0.405025 0.914306 0.000000
vn 0.405025 0.914306 0.000000
vn 0.405025 0.914306 0.000000
vn 0.405025 0.914306 0.000000
vn 0.405025 0.914306 0.000000
vn 0.405025 0.914306 0.000000
vn 0.405025 0.914306 0.000000
vn 0.405025 0.914306 0.000000
vn 0.405025 0.914306 0.000000
vn 0.405025 0.914306 0.000000
vn 0.405025 0.914306 0.000000
vn 0.405025 0.914306 0.000000
vn 0.405025 0.914306 0.000000
vn 0.405025 0.914306 0.000000
vn 0.405025 0.914306 0.000000
vn 0.405025 0.914306 0.000000
vn 0.405025 0.914306 0.000000
vn 0.405025 0.914306 0.000000
vn 0.405025 0.914306 0.000000
vn 0.405025 0.914306 0.000000
vn 0.405025 0.914306 0.000000
vn 0.405025 0.914306 0.000000
vn 0.405025 0.914306 0.000000
vn -0.568879 0.822421 -0.000004
vn -0.342903 0.939371 -0.000003
vn -0.292130 0.825012 -0.483752
vn -0.463895 0.683235 -0.563907
vn -0.204101 0.635974 -0.744231
vn -0.313709 0.490187 -0.813206
vn -0.130221 0.492259 -0.860653
vn -0.207309 0.362186 -0.908760
vn -0.072452 0.395362 -0.915664
vn -0.132581 0.280909 -0.950533
vn -0.132581 0.280909 -0.950533
vn -0.072452 0.395362 -0.915664
vn -0.024630 0.329363 -0.943882
vn -0.075189 0.226349 -0.971140
vn 0.018041 0.283168 -0.958901
vn -0.026884 0.187565 -0.981884
vn 0.058907 0.250310 -0.966372
vn 0.017219 0.158728 -0.987172
vn 0.100626 0.227154 -0.968646
vn 0.060518 0.136614 -0.988774
vn 0.145807 0.211814 -0.966372
vn 0.105989 0.119404 -0.987172
vn 0.197602 0.203626 -0.958901
vn 0.156980 0.106116 -0.981884
vn 0.260487 0.203061 -0.943882
vn 0.218162 0.096400 -0.971140
vn 0.341499 0.211987 -0.915664
vn 0.297133 0.090552 -0.950533
vn 0.297133 0.090552 -0.950533
vn 0.341499 0.211987 -0.915664
vn 0.452081 0.234308 -0.860653
vn 0.407540 0.089816 -0.908760
vn 0.608161 0.276153 -0.744231
vn 0.573833 0.097018 -0.813205
vn 0.807317 0.337973 -0.483750
vn 0.817723 0.115496 -0.563905
vn 0.926129 0.377207 0.000003
vn 0.991348 0.131262 0.000004
vn 0.807314 0.337973 0.483754
vn 0.817721 0.115498 0.563909
vn 0.608159 0.276153 0.744232
vn 0.573831 0.097019 0.813207
vn 0.452080 0.234308 0.860653
vn 0.407539 0.089817 0.908760
vn 0.341498 0.211987 0.915664
vn 0.297132 0.090552 0.950533
vn 0.297132 0.090552 0.950533
vn 0.341498 0.211987 0.915664
vn 0.260486 0.203061 0.943882
vn 0.218161 0.096399 0.971140
vn 0.197601 0.203625 0.958901
vn 0.156980 0.106115 0.981884
vn 0.145806 0.211813 0.966372
vn 0.105989 0.119403 0.987172
vn 0.100626 0.227155 0.968646
vn 0.060518 0.136614 0.988774
vn 0.058907 0.250309 0.966372
vn 0.017219 0.158728 0.987172
vn 0.018041 0.283169 0.958900
vn -0.026884 0.187565 0.981884
vn -0.024631 0.329364 0.943882
vn -0.075189 0.226350 0.971140
vn -0.072452 0.395362 0.915663
vn -0.132582 0.280910 0.950532
vn -0.132582 0.280910 0.950532
vn -0.072452 0.395362 0.915663
vn -0.130222 0.492261 0.860652
vn -0.207310 0.362187 0.908759
vn -0.204102 0.635976 0.744230
vn -0.313709 0.490190 0.813204
vn -0.292129 0.825014 0.483749
vn -0.463894 0.683239 0.563903
vn 0.026499 0.956034 -0.292055
vn -0.292130 0.825012 -0.483752
vn -0.342903 0.939371 -0.000003
vn 0.020850 0.999783 -0.000001
vn 0.041289 0.855012 -0.516963
vn -0.204101 0.635974 -0.744231
vn 0.061486 0.745285 -0.663904
vn -0.130221 0.492259 -0.860653
vn 0.084819 0.651592 -0.753813
vn -0.072452 0.395362 -0.915664
vn 0.110571 0.579049 -0.807760
vn -0.024630 0.329363 -0.943882
vn 0.138889 0.525717 -0.839245
vn 0.018041 0.283168 -0.958901
vn 0.170397 0.488555 -0.855733
vn 0.058907 0.250310 -0.966372
vn 0.206089 0.465226 -0.860867
vn 0.100626 0.227154 -0.968646
vn 0.247348 0.454467 -0.855733
vn 0.145807 0.211814 -0.966372
vn 0.296043 0.456100 -0.839245
vn 0.197602 0.203626 -0.958901
vn 0.354569 0.470961 -0.807760
vn 0.260487 0.203061 -0.943882
vn 0.425600 0.500630 -0.753813
vn 0.341499 0.211987 -0.915664
vn 0.510671 0.546303 -0.663904
vn 0.452081 0.234308 -0.860653
vn 0.605508 0.605071 -0.516962
vn 0.608161 0.276153 -0.744231
vn 0.690266 0.661995 -0.292054
vn 0.807317 0.337973 -0.483750
vn 0.726463 0.687206 0.000002
vn 0.926129 0.377207 0.000003
vn 0.690265 0.661995 0.292056
vn 0.807314 0.337973 0.483754
vn 0.605507 0.605070 0.516964
vn 0.608159 0.276153 0.744232
vn 0.510670 0.546302 0.663905
vn 0.452080 0.234308 0.860653
vn 0.425599 0.500630 0.753813
vn 0.341498 0.211987 0.915664
vn 0.354569 0.470961 0.807760
vn 0.260486 0.203061 0.943882
vn 0.296042 0.456100 0.839245
vn 0.197601 0.203625 0.958901
vn 0.247348 0.454467 0.855733
vn 0.145806 0.211813 0.966372
vn 0.206088 0.465226 0.860867
vn 0.100626 0.227155 0.968646
vn 0.170397 0.488555 0.855733
vn 0.058907 0.250309 0.966372
vn 0.138889 0.525718 0.839244
vn 0.018041 0.283169 0.958900
vn 0.110571 0.579050 0.807759
vn -0.024631 0.329364 0.943882
vn 0.084818 0.651593 0.753812
vn -0.072452 0.395362 0.915663
vn 0.061485 0.745286 0.663903
vn -0.130222 0.492261 0.860652
vn 0.041288 0.855013 0.516961
vn -0.204102 0.635976 0.744230
vn 0.026499 0.956035 0.292053
vn -0.292129 0.825014 0.483749
vn 0.171185 0.966909 -0.189163
vn 0.169851 0.985470 -0.000001
vn 0.175455 0.918452 -0.354487
vn 0.183201 0.855686 -0.483983
vn 0.194833 0.792539 -0.577860
vn 0.210552 0.737169 -0.642066
vn 0.230491 0.693017 -0.683082
vn 0.254850 0.660992 -0.705791
vn 0.283968 0.641031 -0.713051
vn 0.318317 0.632877 -0.705791
vn 0.358402 0.636354 -0.683082
vn 0.404500 0.651253 -0.642066
vn 0.456070 0.676814 -0.577860
vn 0.510655 0.710629 -0.483982
vn 0.562346 0.747065 -0.354487
vn 0.601104 0.776461 -0.189162
vn 0.615747 0.787944 0.000001
vn 0.601104 0.776460 0.189164
vn 0.562346 0.747065 0.354488
vn 0.510654 0.710628 0.483983
vn 0.456070 0.676814 0.577861
vn 0.404500 0.651253 0.642067
vn 0.358402 0.636354 0.683083
vn 0.318317 0.632877 0.705791
vn 0.283968 0.641031 0.713051
vn 0.254849 0.660992 0.705791
vn 0.230490 0.693017 0.683082
vn 0.210552 0.737170 0.642066
vn 0.194833 0.792539 0.577860
vn 0.183201 0.855686 0.483981
vn 0.175455 0.918453 0.354486
vn 0.171184 0.966909 0.189162
vn 0.250657 0.959537 -0.128298
vn 0.249738 0.968314 -0.000001
vn 0.253595 0.935427 -0.246305
vn 0.258995 0.901469 -0.346806
vn 0.267343 0.863967 -0.426718
vn 0.279031 0.828150 -0.486117
vn 0.294315 0.797533 -0.526611
vn 0.313347 0.774133 -0.550029
vn 0.336193 0.758925 -0.557680
vn 0.362808 0.752223 -0.550029
vn 0.392926 0.753850 -0.526611
vn 0.425872 0.763101 -0.486117
vn 0.460252 0.778511 -0.426717
vn 0.493637 0.797526 -0.346806
vn 0.522415 0.816344 -0.246304
vn 0.542246 0.830367 -0.128298
vn 0.549364 0.835583 0.000001
vn 0.542246 0.830367 0.128299
vn 0.522415 0.816343 0.246305
vn 0.493637 0.797526 0.346807
vn 0.460252 0.778511 0.426718
vn 0.425871 0.763101 0.486118
vn 0.392926 0.753850 0.526612
vn 0.362807 0.752223 0.550029
vn 0.336193 0.758925 0.557680
vn 0.313347 0.774133 0.550029
vn 0.294315 0.797533 0.526611
vn 0.279031 0.828150 0.486117
vn 0.267343 0.863968 0.426717
vn 0.258994 0.901470 0.346806
vn 0.253595 0.935427 0.246304
vn 0.250657 0.959537 0.128297
vn 0.302965 0.949076 -0.086410
vn 0.302102 0.953276 -0.000000
vn 0.305626 0.937243 -0.167832
vn 0.310276 0.919810 -0.240162
vn 0.317148 0.899455 -0.300664
vn 0.326453 0.878844 -0.347938
vn 0.338325 0.860205 -0.381553
vn 0.352788 0.845145 -0.401585
vn 0.369738 0.834650 -0.408231
vn 0.388900 0.829148 -0.401585
vn 0.409773 0.828555 -0.381553
vn 0.431554 0.832286 -0.347938
vn 0.453071 0.839243 -0.300664
vn 0.472765 0.847830 -0.240162
vn 0.488800 0.856100 -0.167832
vn 0.499352 0.862079 -0.086409
vn 0.503042 0.864262 0.000000
vn 0.499352 0.862079 0.086410
vn 0.488800 0.856100 0.167833
vn 0.472765 0.847830 0.240163
vn 0.453071 0.839242 0.300664
vn 0.431554 0.832286 0.347938
vn 0.409773 0.828555 0.381554
vn 0.388900 0.829148 0.401585
vn 0.369738 0.834650 0.408232
vn 0.352788 0.845145 0.401585
vn 0.338324 0.860206 0.381553
vn 0.326453 0.878845 0.347937
vn 0.317148 0.899455 0.300663
vn 0.310275 0.919811 0.240162
vn 0.305626 0.937243 0.167831
vn 0.302965 0.949076 0.086409
vn 0.342197 0.938077 -0.053965
vn 0.341463 0.939895 -0.000000
vn 0.344417 0.932876 -0.105446
vn 0.348166 0.924994 -0.152206
vn 0.353492 0.915431 -0.192429
vn 0.360424 0.905300 -0.224782
vn 0.368941 0.895649 -0.248386
vn 0.378950 0.887342 -0.262720
vn 0.390262 0.880980 -0.267525
vn 0.402575 0.876876 -0.262720
vn 0.415452 0.875045 -0.248386
vn 0.428323 0.875221 -0.224782
vn 0.440484 0.876895 -0.192429
vn 0.451145 0.879375 -0.152206
vn 0.459502 0.881895 -0.105446
vn 0.464845 0.883746 -0.053964
vn 0.466685 0.884424 0.000000
vn 0.464845 0.883746 0.053965
vn 0.459502 0.881895 0.105446
vn 0.451145 0.879375 0.152206
vn 0.440484 0.876895 0.192429
vn 0.428323 0.875221 0.224782
vn 0.415452 0.875045 0.248386
vn 0.402574 0.876876 0.262721
vn 0.390262 0.880980 0.267525
vn 0.378950 0.887342 0.262720
vn 0.368941 0.895649 0.248386
vn 0.360423 0.905300 0.224782
vn 0.353492 0.915432 0.192428
vn 0.348165 0.924994 0.152206
vn 0.344417 0.932876 0.105445
vn 0.342197 0.938077 0.053964
vn 0.374746 0.926754 -0.026331
vn 0.374282 0.927315 -0.000000
vn 0.376134 0.925127 -0.051601
vn 0.378427 0.922603 -0.074810
vn 0.381591 0.919430 -0.095061
vn 0.385570 0.915905 -0.111599
vn 0.390280 0.912330 -0.123832
vn 0.395603 0.908982 -0.131339
vn 0.401379 0.906076 -0.133869
vn 0.407413 0.903750 -0.131339
vn 0.413469 0.902058 -0.123832
vn 0.419281 0.900971 -0.111599
vn 0.424566 0.900393 -0.095061
vn 0.429042 0.900181 -0.074810
vn 0.432452 0.900179 -0.051601
vn 0.434589 0.900244 -0.026330
vn 0.435317 0.900277 0.000000
vn 0.434589 0.900244 0.026331
vn 0.432452 0.900179 0.051602
vn 0.429042 0.900181 0.074810
vn 0.424566 0.900393 0.095061
vn 0.419281 0.900971 0.111599
vn 0.413469 0.902058 0.123832
vn 0.407413 0.903750 0.131339
vn 0.401379 0.906076 0.133870
vn 0.395602 0.908982 0.131339
vn 0.390280 0.912330 0.123832
vn 0.385570 0.915905 0.111598
vn 0.381591 0.919430 0.095061
vn 0.378427 0.922603 0.074810
vn 0.376134 0.925127 0.051601
vn 0.374746 0.926754 0.026330
vn 0.405025 0.914306 0.000000
vn -0.405025 -0.914306 -0.000000
vn -0.405025 -0.914306 -0.000000
vn -0.405025 -0.914306 -0.000000
vn -0.405025 -0.914306 -0.000000
vn -0.405025 -0.914306 -0.000000
vn -0.405025 -0.914306 -0.000000
vn -0.405025 -0.914306 -0.000000
vn -0.405025 -0.914306 -0.000000
vn -0.405025 -0.914306 -0.000000
vn -0.405025 -0.914306 -0.000000
vn -0.405025 -0.914306 -0.000000
vn -0.405025 -0.914306 -0.000000
vn -0.405025 -0.914306 -0.000000
vn -0.405025 -0.914306 -0.000000
vn -0.405025 -0.914306 -0.000000
vn -0.405025 -0.914306 -0.000000
vn -0.405025 -0.914306 -0.000000
vn -0.405025 -0.914306 -0.000000
vn -0.405025 -0.914306 -0.000000
vn -0.405025 -0.914306 -0.000000
vn -0.405025 -0.914306 -0.000000
vn -0.405025 -0.914306 -0.000000
vn -0.405025 -0.914306 -0.000000
vn -0.405025 -0.914306 -0.000000
vn -0.405025 -0.914306 -0.000000
vn -0.405025 -0.914306 -0.000000
vn -0.405025 -0.914306 -0.000000
vn -0.405025 -0.914306 -0.000000
vn -0.405025 -0.914306 -0.000000
vn -0.405025 -0.914306 -0.000000
vn -0.405025 -0.914306 -0.000000
vn -0.405025 -0.914306 -0.000000
usemtl mat28
f 3707/3707/3707 3708/3708/3708 3709/3709/3709
f 3709/3709/3709 3710/3710/3710 3707/3707/3707
f 3708/3708/3708 3711/3711/3711 3712/3712/3712
f 3712/3712/3712 3709/3709/3709 3708/3708/3708
f 3711/3711/3711 3713/3713/3713 3714/3714/3714
f 3714/3714/3714 3712/3712/3712 3711/3711/3711
f 3713/3713/3713 3715/3715/3715 3716/3716/3716
f 3716/3716/3716 3714/3714/3714 3713/3713/3713
f 3717/3717/3717 3718/3718/3718 3719/3719/3719
f 3719/3719/3719 3720/3720/3720 3717/3717/3717
f 3718/3718/3718 3721/3721/3721 3722/3722/3722
f 3722/3722/3722 3719/3719/3719 3718/3718/3718
f 3721/3721/3721 3723/3723/3723 3724/3724/3724
f 3724/3724/3724 3722/3722/3722 3721/3721/3721
f 3723/3723/3723 3725/3725/3725 3726/3726/3726
f 3726/3726/3726 3724/3724/3724 3723/3723/3723
f 3725/3725/3725 3727/3727/3727 3728/3728/3728
f 3728/3728/3728 3726/3726/3726 3725/3725/3725
f 3727/3727/3727 3729/3729/3729 3730/3730/3730
f 3730/3730/3730 3728/3728/3728 3727/3727/3727
f 3729/3729/3729 3731/3731/3731 3732/3732/3732
f 3732/3732/3732 3730/3730/3730 3729/3729/3729
f 3731/3731/3731 3733/3733/3733 3734/3734/3734
f 3734/3734/3734 3732/3732/3732 3731/3731/3731
f 3735/3735/3735 3736/3736/3736 3737/3737/3737
f 3737/3737/3737 3738/3738/3738 3735/3735/3735
f 3736/3736/3736 3739/3739/3739 3740/3740/3740
f 3740/3740/3740 3737/3737/3737 3736/3736/3736
f 3739/3739/3739 3741/3741/3741 3742/3742/3742
f 3742/3742/3742 3740/3740/3740 3739/3739/3739
f 3741/3741/3741 3743/3743/3743 3744/3744/3744
f 3744/3744/3744 3742/3742/3742 3741/3741/3741
f 3743/3743/3743 3745/3745/3745 3746/3746/3746
f 3746/3746/3746 3744/3744/3744 3743/3743/3743
f 3745/3745/3745 3747/3747/3747 3748/3748/3748
f 3748/3748/3748 3746/3746/3746 3745/3745/3745
f 3747/3747/3747 3749/3749/3749 3750/3750/3750
f 3750/3750/3750 3748/3748/3748 3747/3747/3747
f 3749/3749/3749 3751/3751/3751 3752/3752/3752
f 3752/3752/3752 3750/3750/3750 3749/3749/3749
f 3753/3753/3753 3754/3754/3754 3755/3755/3755
f 3755/3755/3755 3756/3756/3756 3753/3753/3753
f 3754/3754/3754 3757/3757/3757 3758/3758/3758
f 3758/3758/3758 3755/3755/3755 3754/3754/3754
f 3757/3757/3757 3759/3759/3759 3760/3760/3760
f 3760/3760/3760 3758/3758/3758 3757/3757/3757
f 3759/3759/3759 3761/3761/3761 3762/3762/3762
f 3762/3762/3762 3760/3760/3760 3759/3759/3759
f 3761/3761/3761 3763/3763/3763 3764/3764/3764
f 3764/3764/3764 3762/3762/3762 3761/3761/3761
f 3763/3763/3763 3765/3765/3765 3766/3766/3766
f 3766/3766/3766 3764/3764/3764 3763/3763/3763
f 3765/3765/3765 3767/3767/3767 3768/3768/3768
f 3768/3768/3768 3766/3766/3766 3765/3765/3765
f 3767/3767/3767 3769/3769/3769 3770/3770/3770
f 3770/3770/3770 3768/3768/3768 3767/3767/3767
f 3771/3771/3771 3772/3772/3772 3773/3773/3773
f 3773/3773/3773 3774/3774/3774 3771/3771/3771
f 3772/3772/3772 3775/3775/3775 3776/3776/3776
f 3776/3776/3776 3773/3773/3773 3772/3772/3772
f 3775/3775/3775 3777/3777/3777 3778/3778/3778
f 3778/3778/3778 3776/3776/3776 3775/3775/3775
f 3777/3777/3777 3707/3707/3707 3710/3710/3710
f 3710/3710/3710 3778/3778/3778 3777/3777/3777
f 3779/3779/3779 3780/3780/3780 3781/3781/3781
f 3781/3781/3781 3782/3782/3782 3779/3779/3779
f 3783/3783/3783 3779/3779/3779 3782/3782/3782
f 3782/3782/3782 3784/3784/3784 3783/3783/3783
f 3785/3785/3785 3783/3783/3783 3784/3784/3784
f 3784/3784/3784 3786/3786/3786 3785/3785/3785
f 3787/3787/3787 3785/3785/3785 3786/3786/3786
f 3786/3786/3786 3788/3788/3788 3787/3787/3787
f 3789/3789/3789 3787/3787/3787 3788/3788/3788
f 3788/3788/3788 3790/3790/3790 3789/3789/3789
f 3791/3791/3791 3789/3789/3789 3790/3790/3790
f 3790/3790/3790 3792/3792/3792 3791/3791/3791
f 3793/3793/3793 3791/3791/3791 3792/3792/3792
f 3792/3792/3792 3794/3794/3794 3793/3793/3793
f 3795/3795/3795 3793/3793/3793 3794/3794/3794
f 3794/3794/3794 3796/3796/3796 3795/3795/3795
f 3797/3797/3797 3795/3795/3795 3796/3796/3796
f 3796/3796/3796 3798/3798/3798 3797/3797/3797
f 3799/3799/3799 3797/3797/3797 3798/3798/3798
f 3798/3798/3798 3800/3800/3800 3799/3799/3799
f 3801/3801/3801 3799/3799/3799 3800/3800/3800
f 3800/3800/3800 3802/3802/3802 3801/3801/3801
f 3803/3803/3803 3801/3801/3801 3802/3802/3802
f 3802/3802/3802 3804/3804/3804 3803/3803/3803
f 3805/3805/3805 3803/3803/3803 3804/3804/3804
f 3804/3804/3804 3806/3806/3806 3805/3805/3805
f 3807/3807/3807 3805/3805/3805 3806/3806/3806
f 3806/3806/3806 3808/3808/3808 3807/3807/3807
f 3809/3809/3809 3807/3807/3807 3808/3808/3808
f 3808/3808/3808 3810/3810/3810 3809/3809/3809
f 3811/3811/3811 3809/3809/3809 3810/3810/3810
f 3810/3810/3810 3812/3812/3812 3811/3811/3811
f 3813/3813/3813 3811/3811/3811 3812/3812/3812
f 3812/3812/3812 3814/3814/3814 3813/3813/3813
f 3815/3815/3815 3813/3813/3813 3814/3814/3814
f 3814/3814/3814 3816/3816/3816 3815/3815/3815
f 3817/3817/3817 3815/3815/3815 3816/3816/3816
f 3816/3816/3816 3818/3818/3818 3817/3817/3817
f 3819/3819/3819 3817/3817/3817 3818/3818/3818
f 3818/3818/3818 3820/3820/3820 3819/3819/3819
f 3821/3821/3821 3819/3819/3819 3820/3820/3820
f 3820/3820/3820 3822/3822/3822 3821/3821/3821
f 3823/3823/3823 3821/3821/3821 3822/3822/3822
f 3822/3822/3822 3824/3824/3824 3823/3823/3823
f 3825/3825/3825 3823/3823/3823 3824/3824/3824
f 3824/3824/3824 3826/3826/3826 3825/3825/3825
f 3827/3827/3827 3825/3825/3825 3826/3826/3826
f 3826/3826/3826 3828/3828/3828 3827/3827/3827
f 3829/3829/3829 3827/3827/3827 3828/3828/3828
f 3828/3828/3828 3830/3830/3830 3829/3829/3829
f 3831/3831/3831 3829/3829/3829 3830/3830/3830
f 3830/3830/3830 3832/3832/3832 3831/3831/3831
f 3833/3833/3833 3831/3831/3831 3832/3832/3832
f 3832/3832/3832 3834/3834/3834 3833/3833/3833
f 3835/3835/3835 3833/3833/3833 3834/3834/3834
f 3834/3834/3834 3836/3836/3836 3835/3835/3835
f 3837/3837/3837 3835/3835/3835 3836/3836/3836
f 3836/3836/3836 3838/3838/3838 3837/3837/3837
f 3839/3839/3839 3837/3837/3837 3838/3838/3838
f 3838/3838/3838 3840/3840/3840 3839/3839/3839
f 3841/3841/3841 3839/3839/3839 3840/3840/3840
f 3840/3840/3840 3842/3842/3842 3841/3841/3841
f 3780/3780/3780 3841/3841/3841 3842/3842/3842
f 3842/3842/3842 3781/3781/3781 3780/3780/3780
f 3843/3843/3843 3844/3844/3844 3780/3780/3780
f 3780/3780/3780 3779/3779/3779 3843/3843/3843
f 3845/3845/3845 3843/3843/3843 3779/3779/3779
f 3779/3779/3779 3783/3783/3783 3845/3845/3845
f 3846/3846/3846 3845/3845/3845 3783/3783/3783
f 3783/3783/3783 3785/3785/3785 3846/3846/3846
f 3847/3847/3847 3846/3846/3846 3785/3785/3785
f 3785/3785/3785 3787/3787/3787 3847/3847/3847
f 3848/3848/3848 3847/3847/3847 3787/3787/3787
f 3787/3787/3787 3789/3789/3789 3848/3848/3848
f 3849/3849/3849 3848/3848/3848 3789/3789/3789
f 3789/3789/3789 3791/3791/3791 3849/3849/3849
f 3850/3850/3850 3849/3849/3849 3791/3791/3791
f 3791/3791/3791 3793/3793/3793 3850/3850/3850
f 3851/3851/3851 3850/3850/3850 3793/3793/3793
f 3793/3793/3793 3795/3795/3795 3851/3851/3851
f 3852/3852/3852 3851/3851/3851 3795/3795/3795
f 3795/3795/3795 3797/3797/3797 3852/3852/3852
f 3853/3853/3853 3852/3852/3852 3797/3797/3797
f 3797/3797/3797 3799/3799/3799 3853/3853/3853
f 3854/3854/3854 3853/3853/3853 3799/3799/3799
f 3799/3799/3799 3801/3801/3801 3854/3854/3854
f 3855/3855/3855 3854/3854/3854 3801/3801/3801
f 3801/3801/3801 3803/3803/3803 3855/3855/3855
f 3856/3856/3856 3855/3855/3855 3803/3803/3803
f 3803/3803/3803 3805/3805/3805 3856/3856/3856
f 3857/3857/3857 3856/3856/3856 3805/3805/3805
f 3805/3805/3805 3807/3807/3807 3857/3857/3857
f 3858/3858/3858 3857/3857/3857 3807/3807/3807
f 3807/3807/3807 3809/3809/3809 3858/3858/3858
f 3859/3859/3859 3858/3858/3858 3809/3809/3809
f 3809/3809/3809 3811/3811/3811 3859/3859/3859
f 3860/3860/3860 3859/3859/3859 3811/3811/3811
f 3811/3811/3811 3813/3813/3813 3860/3860/3860
f 3861/3861/3861 3860/3860/3860 3813/3813/3813
f 3813/3813/3813 3815/3815/3815 3861/3861/3861
f 3862/3862/3862 3861/3861/3861 3815/3815/3815
f 3815/3815/3815 3817/3817/3817 3862/3862/3862
f 3863/3863/3863 3862/3862/3862 3817/3817/3817
f 3817/3817/3817 3819/3819/3819 3863/3863/3863
f 3864/3864/3864 3863/3863/3863 3819/3819/3819
f 3819/3819/3819 3821/3821/3821 3864/3864/3864
f 3865/3865/3865 3864/3864/3864 3821/3821/3821
f 3821/3821/3821 3823/3823/3823 3865/3865/3865
f 3866/3866/3866 3865/3865/3865 3823/3823/3823
f 3823/3823/3823 3825/3825/3825 3866/3866/3866
f 3867/3867/3867 3866/3866/3866 3825/3825/3825
f 3825/3825/3825 3827/3827/3827 3867/3867/3867
f 3868/3868/3868 3867/3867/3867 3827/3827/3827
f 3827/3827/3827 3829/3829/3829 3868/3868/3868
f 3869/3869/3869 3868/3868/3868 3829/3829/3829
f 3829/3829/3829 3831/3831/3831 3869/3869/3869
f 3870/3870/3870 3869/3869/3869 3831/3831/3831
f 3831/3831/3831 3833/3833/3833 3870/3870/3870
f 3871/3871/3871 3870/3870/3870 3833/3833/3833
f 3833/3833/3833 3835/3835/3835 3871/3871/3871
f 3872/3872/3872 3871/3871/3871 3835/3835/3835
f 3835/3835/3835 3837/3837/3837 3872/3872/3872
f 3873/3873/3873 3872/3872/3872 3837/3837/3837
f 3837/3837/3837 3839/3839/3839 3873/3873/3873
f 3874/3874/3874 3873/3873/3873 3839/3839/3839
f 3839/3839/3839 3841/3841/3841 3874/3874/3874
f 3844/3844/3844 3874/3874/3874 3841/3841/3841
f 3841/3841/3841 3780/3780/3780 3844/3844/3844
f 3875/3875/3875 3876/3876/3876 3844/3844/3844
f 3844/3844/3844 3843/3843/3843 3875/3875/3875
f 3877/3877/3877 3875/3875/3875 3843/3843/3843
f 3843/3843/3843 3845/3845/3845 3877/3877/3877
f 3878/3878/3878 3877/3877/3877 3845/3845/3845
f 3845/3845/3845 3846/3846/3846 3878/3878/3878
f 3879/3879/3879 3878/3878/3878 3846/3846/3846
f 3846/3846/3846 3847/3847/3847 3879/3879/3879
f 3880/3880/3880 3879/3879/3879 3847/3847/3847
f 3847/3847/3847 3848/3848/3848 3880/3880/3880
f 3881/3881/3881 3880/3880/3880 3848/3848/3848
f 3848/3848/3848 3849/3849/3849 3881/3881/3881
f 3882/3882/3882 3881/3881/3881 3849/3849/3849
f 3849/3849/3849 3850/3850/3850 3882/3882/3882
f 3883/3883/3883 3882/3882/3882 3850/3850/3850
f 3850/3850/3850 3851/3851/3851 3883/3883/3883
f 3884/3884/3884 3883/3883/3883 3851/3851/3851
f 3851/3851/3851 3852/3852/3852 3884/3884/3884
f 3885/3885/3885 3884/3884/3884 3852/3852/3852
f 3852/3852/3852 3853/3853/3853 3885/3885/3885
f 3886/3886/3886 3885/3885/3885 3853/3853/3853
f 3853/3853/3853 3854/3854/3854 3886/3886/3886
f 3887/3887/3887 3886/3886/3886 3854/3854/3854
f 3854/3854/3854 3855/3855/3855 3887/3887/3887
f 3888/3888/3888 3887/3887/3887 3855/3855/3855
f 3855/3855/3855 3856/3856/3856 3888/3888/3888
f 3889/3889/3889 3888/3888/3888 3856/3856/3856
f 3856/3856/3856 3857/3857/3857 3889/3889/3889
f 3890/3890/3890 3889/3889/3889 3857/3857/3857
f 3857/3857/3857 3858/3858/3858 3890/3890/3890
f 3891/3891/3891 3890/3890/3890 3858/3858/3858
f 3858/3858/3858 3859/3859/3859 3891/3891/3891
f 3892/3892/3892 3891/3891/3891 3859/3859/3859
f 3859/3859/3859 3860/3860/3860 3892/3892/3892
f 3893/3893/3893 3892/3892/3892 3860/3860/3860
f 3860/3860/3860 3861/3861/3861 3893/3893/3893
f 3894/3894/3894 3893/3893/3893 3861/3861/3861
f 3861/3861/3861 3862/3862/3862 3894/3894/3894
f 3895/3895/3895 3894/3894/3894 3862/3862/3862
f 3862/3862/3862 3863/3863/3863 3895/3895/3895
f 3896/3896/3896 3895/3895/3895 3863/3863/3863
f 3863/3863/3863 3864/3864/3864 3896/3896/3896
f 3897/3897/3897 3896/3896/3896 3864/3864/3864
f 3864/3864/3864 3865/3865/3865 3897/3897/3897
f 3898/3898/3898 3897/3897/3897 3865/3865/3865
f 3865/3865/3865 3866/3866/3866 3898/3898/3898
f 3899/3899/3899 3898/3898/3898 3866/3866/3866
f 3866/3866/3866 3867/3867/3867 3899/3899/3899
f 3900/3900/3900 3899/3899/3899 3867/3867/3867
f 3867/3867/3867 3868/3868/3868 3900/3900/3900
f 3901/3901/3901 3900/3900/3900 3868/3868/3868
f 3868/3868/3868 3869/3869/3869 3901/3901/3901
f 3902/3902/3902 3901/3901/3901 3869/3869/3869
f 3869/3869/3869 3870/3870/3870 3902/3902/3902
f 3903/3903/3903 3902/3902/3902 3870/3870/3870
f 3870/3870/3870 3871/3871/3871 3903/3903/3903
f 3904/3904/3904 3903/3903/3903 3871/3871/3871
f 3871/3871/3871 3872/3872/3872 3904/3904/3904
f 3905/3905/3905 3904/3904/3904 3872/3872/3872
f 3872/3872/3872 3873/3873/3873 3905/3905/3905
f 3906/3906/3906 3905/3905/3905 3873/3873/3873
f 3873/3873/3873 3874/3874/3874 3906/3906/3906
f 3876/3876/3876 3906/3906/3906 3874/3874/3874
f 3874/3874/3874 3844/3844/3844 3876/3876/3876
f 3907/3907/3907 3908/3908/3908 3876/3876/3876
f 3876/3876/3876 3875/3875/3875 3907/3907/3907
f 3909/3909/3909 3907/3907/3907 3875/3875/3875
f 3875/3875/3875 3877/3877/3877 3909/3909/3909
f 3910/3910/3910 3909/3909/3909 3877/3877/3877
f 3877/3877/3877 3878/3878/3878 3910/3910/3910
f 3911/3911/3911 3910/3910/3910 3878/3878/3878
f 3878/3878/3878 3879/3879/3879 3911/3911/3911
f 3912/3912/3912 3911/3911/3911 3879/3879/3879
f 3879/3879/3879 3880/3880/3880 3912/3912/3912
f 3913/3913/3913 3912/3912/3912 3880/3880/3880
f 3880/3880/3880 3881/3881/3881 3913/3913/3913
f 3914/3914/3914 3913/3913/3913 3881/3881/3881
f 3881/3881/3881 3882/3882/3882 3914/3914/3914
f 3915/3915/3915 3914/3914/3914 3882/3882/3882
f 3882/3882/3882 3883/3883/3883 3915/3915/3915
f 3916/3916/3916 3915/3915/3915 3883/3883/3883
f 3883/3883/3883 3884/3884/3884 3916/3916/3916
f 3917/3917/3917 3916/3916/3916 3884/3884/3884
f 3884/3884/3884 3885/3885/3885 3917/3917/3917
f 3918/3918/3918 3917/3917/3917 3885/3885/3885
f 3885/3885/3885 3886/3886/3886 3918/3918/3918
f 3919/3919/3919 3918/3918/3918 3886/3886/3886
f 3886/3886/3886 3887/3887/3887 3919/3919/3919
f 3920/3920/3920 3919/3919/3919 3887/3887/3887
f 3887/3887/3887 3888/3888/3888 3920/3920/3920
f 3921/3921/3921 3920/3920/3920 3888/3888/3888
f 3888/3888/3888 3889/3889/3889 3921/3921/3921
f 3922/3922/3922 3921/3921/3921 3889/3889/3889
f 3889/3889/3889 3890/3890/3890 3922/3922/3922
f 3923/3923/3923 3922/3922/3922 3890/3890/3890
f 3890/3890/3890 3891/3891/3891 3923/3923/3923
f 3924/3924/3924 3923/3923/3923 3891/3891/3891
f 3891/3891/3891 3892/3892/3892 3924/3924/3924
f 3925/3925/3925 3924/3924/3924 3892/3892/3892
f 3892/3892/3892 3893/3893/3893 3925/3925/3925
f 3926/3926/3926 3925/3925/3925 3893/3893/3893
f 3893/3893/3893 3894/3894/3894 3926/3926/3926
f 3927/3927/3927 3926/3926/3926 3894/3894/3894
f 3894/3894/3894 3895/3895/3895 3927/3927/3927
f 3928/3928/3928 3927/3927/3927 3895/3895/3895
f 3895/3895/3895 3896/3896/3896 3928/3928/3928
f 3929/3929/3929 3928/3928/3928 3896/3896/3896
f 3896/3896/3896 3897/3897/3897 3929/3929/3929
f 3930/3930/3930 3929/3929/3929 3897/3897/3897
f 3897/3897/3897 3898/3898/3898 3930/3930/3930
f 3931/3931/3931 3930/3930/3930 3898/3898/3898
f 3898/3898/3898 3899/3899/3899 3931/3931/3931
f 3932/3932/3932 3931/3931/3931 3899/3899/3899
f 3899/3899/3899 3900/3900/3900 3932/3932/3932
f 3933/3933/3933 3932/3932/3932 3900/3900/3900
f 3900/3900/3900 3901/3901/3901 3933/3933/3933
f 3934/3934/3934 3933/3933/3933 3901/3901/3901
f 3901/3901/3901 3902/3902/3902 3934/3934/3934
f 3935/3935/3935 3934/3934/3934 3902/3902/3902
f 3902/3902/3902 3903/3903/3903 3935/3935/3935
f 3936/3936/3936 3935/3935/3935 3903/3903/3903
f 3903/3903/3903 3904/3904/3904 3936/3936/3936
f 3937/3937/3937 3936/3936/3936 3904/3904/3904
f 3904/3904/3904 3905/3905/3905 3937/3937/3937
f 3938/3938/3938 3937/3937/3937 3905/3905/3905
f 3905/3905/3905 3906/3906/3906 3938/3938/3938
f 3908/3908/3908 3938/3938/3938 3906/3906/3906
f 3906/3906/3906 3876/3876/3876 3908/3908/3908
f 3939/3939/3939 3940/3940/3940 3908/3908/3908
f 3908/3908/3908 3907/3907/3907 3939/3939/3939
f 3941/3941/3941 3939/3939/3939 3907/3907/3907
f 3907/3907/3907 3909/3909/3909 3941/3941/3941
f 3942/3942/3942 3941/3941/3941 3909/3909/3909
f 3909/3909/3909 3910/3910/3910 3942/3942/3942
f 3943/3943/3943 3942/3942/3942 3910/3910/3910
f 3910/3910/3910 3911/3911/3911 3943/3943/3943
f 3944/3944/3944 3943/3943/3943 3911/3911/3911
f 3911/3911/3911 3912/3912/3912 3944/3944/3944
f 3945/3945/3945 3944/3944/3944 3912/3912/3912
f 3912/3912/3912 3913/3913/3913 3945/3945/3945
f 3946/3946/3946 3945/3945/3945 3913/3913/3913
f 3913/3913/3913 3914/3914/3914 3946/3946/3946
f 3947/3947/3947 3946/3946/3946 3914/3914/3914
f 3914/3914/3914 3915/3915/3915 3947/3947/3947
f 3948/3948/3948 3947/3947/3947 3915/3915/3915
f 3915/3915/3915 3916/3916/3916 3948/3948/3948
f 3949/3949/3949 3948/3948/3948 3916/3916/3916
f 3916/3916/3916 3917/3917/3917 3949/3949/3949
f 3950/3950/3950 3949/3949/3949 3917/3917/3917
f 3917/3917/3917 3918/3918/3918 3950/3950/3950
f 3951/3951/3951 3950/3950/3950 3918/3918/3918
f 3918/3918/3918 3919/3919/3919 3951/3951/3951
f 3952/3952/3952 3951/3951/3951 3919/3919/3919
f 3919/3919/3919 3920/3920/3920 3952/3952/3952
f 3953/3953/3953 3952/3952/3952 3920/3920/3920
f 3920/3920/3920 3921/3921/3921 3953/3953/3953
f 3954/3954/3954 3953/3953/3953 3921/3921/3921
f 3921/3921/3921 3922/3922/3922 3954/3954/3954
f 3955/3955/3955 3954/3954/3954 3922/3922/3922
f 3922/3922/3922 3923/3923/3923 3955/3955/3955
f 3956/3956/3956 3955/3955/3955 3923/3923/3923
f 3923/3923/3923 3924/3924/3924 3956/3956/3956
f 3957/3957/3957 3956/3956/3956 3924/3924/3924
f 3924/3924/3924 3925/3925/3925 3957/3957/3957
f 3958/3958/3958 3957/3957/3957 3925/3925/3925
f 3925/3925/3925 3926/3926/3926 3958/3958/3958
f 3959/3959/3959 3958/3958/3958 3926/3926/3926
f 3926/3926/3926 3927/3927/3927 3959/3959/3959
f 3960/3960/3960 3959/3959/3959 3927/3927/3927
f 3927/3927/3927 3928/3928/3928 3960/3960/3960
f 3961/3961/3961 3960/3960/3960 3928/3928/3928
f 3928/3928/3928 3929/3929/3929 3961/3961/3961
f 3962/3962/3962 3961/3961/3961 3929/3929/3929
f 3929/3929/3929 3930/3930/3930 3962/3962/3962
f 3963/3963/3963 3962/3962/3962 3930/3930/3930
f 3930/3930/3930 3931/3931/3931 3963/3963/3963
f 3964/3964/3964 3963/3963/3963 3931/3931/3931
f 3931/3931/3931 3932/3932/3932 3964/3964/3964
f 3965/3965/3965 3964/3964/3964 3932/3932/3932
f 3932/3932/3932 3933/3933/3933 3965/3965/3965
f 3966/3966/3966 3965/3965/3965 3933/3933/3933
f 3933/3933/3933 3934/3934/3934 3966/3966/3966
f 3967/3967/3967 3966/3966/3966 3934/3934/3934
f 3934/3934/3934 3935/3935/3935 3967/3967/3967
f 3968/3968/3968 3967/3967/3967 3935/3935/3935
f 3935/3935/3935 3936/3936/3936 3968/3968/3968
f 3969/3969/3969 3968/3968/3968 3936/3936/3936
f 3936/3936/3936 3937/3937/3937 3969/3969/3969
f 3970/3970/3970 3969/3969/3969 3937/3937/3937
f 3937/3937/3937 3938/3938/3938 3970/3970/3970
f 3940/3940/3940 3970/3970/3970 3938/3938/3938
f 3938/3938/3938 3908/3908/3908 3940/3940/3940
f 3971/3971/3971 3972/3972/3972 3940/3940/3940
f 3940/3940/3940 3939/3939/3939 3971/3971/3971
f 3973/3973/3973 3971/3971/3971 3939/3939/3939
f 3939/3939/3939 3941/3941/3941 3973/3973/3973
f 3974/3974/3974 3973/3973/3973 3941/3941/3941
f 3941/3941/3941 3942/3942/3942 3974/3974/3974
f 3975/3975/3975 3974/3974/3974 3942/3942/3942
f 3942/3942/3942 3943/3943/3943 3975/3975/3975
f 3976/3976/3976 3975/3975/3975 3943/3943/3943
f 3943/3943/3943 3944/3944/3944 3976/3976/3976
f 3977/3977/3977 3976/3976/3976 3944/3944/3944
f 3944/3944/3944 3945/3945/3945 3977/3977/3977
f 3978/3978/3978 3977/3977/3977 3945/3945/3945
f 3945/3945/3945 3946/3946/3946 3978/3978/3978
f 3979/3979/3979 3978/3978/3978 3946/3946/3946
f 3946/3946/3946 3947/3947/3947 3979/3979/3979
f 3980/3980/3980 3979/3979/3979 3947/3947/3947
f 3947/3947/3947 3948/3948/3948 3980/3980/3980
f 3981/3981/3981 3980/3980/3980 3948/3948/3948
f 3948/3948/3948 3949/3949/3949 3981/3981/3981
f 3982/3982/3982 3981/3981/3981 3949/3949/3949
f 3949/3949/3949 3950/3950/3950 3982/3982/3982
f 3983/3983/3983 3982/3982/3982 3950/3950/3950
f 3950/3950/3950 3951/3951/3951 3983/3983/3983
f 3984/3984/3984 3983/3983/3983 3951/3951/3951
f 3951/3951/3951 3952/3952/3952 3984/3984/3984
f 3985/3985/3985 3984/3984/3984 3952/3952/3952
f 3952/3952/3952 3953/3953/3953 3985/3985/3985
f 3986/3986/3986 3985/3985/3985 3953/3953/3953
f 3953/3953/3953 3954/3954/3954 3986/3986/3986
f 3987/3987/3987 3986/3986/3986 3954/3954/3954
f 3954/3954/3954 3955/3955/3955 3987/3987/3987
f 3988/3988/3988 3987/3987/3987 3955/3955/3955
f 3955/3955/3955 3956/3956/3956 3988/3988/3988
f 3989/3989/3989 3988/3988/3988 3956/3956/3956
f 3956/3956/3956 3957/3957/3957 3989/3989/3989
f 3990/3990/3990 3989/3989/3989 3957/3957/3957
f 3957/3957/3957 3958/3958/3958 3990/3990/3990
f 3991/3991/3991 3990/3990/3990 3958/3958/3958
f 3958/3958/3958 3959/3959/3959 3991/3991/3991
f 3992/3992/3992 3991/3991/3991 3959/3959/3959
f 3959/3959/3959 3960/3960/3960 3992/3992/3992
f 3993/3993/3993 3992/3992/3992 3960/3960/3960
f 3960/3960/3960 3961/3961/3961 3993/3993/3993
f 3994/3994/3994 3993/3993/3993 3961/3961/3961
f 3961/3961/3961 3962/3962/3962 3994/3994/3994
f 3995/3995/3995 3994/3994/3994 3962/3962/3962
f 3962/3962/3962 3963/3963/3963 3995/3995/3995
f 3996/3996/3996 3995/3995/3995 3963/3963/3963
f 3963/3963/3963 3964/3964/3964 3996/3996/3996
f 3997/3997/3997 3996/3996/3996 3964/3964/3964
f 3964/3964/3964 3965/3965/3965 3997/3997/3997
f 3998/3998/3998 3997/3997/3997 3965/3965/3965
f 3965/3965/3965 3966/3966/3966 3998/3998/3998
f 3999/3999/3999 3998/3998/3998 3966/3966/3966
f 3966/3966/3966 3967/3967/3967 3999/3999/3999
f 4000/4000/4000 3999/3999/3999 3967/3967/3967
f 3967/3967/3967 3968/3968/3968 4000/4000/4000
f 4001/4001/4001 4000/4000/4000 3968/3968/3968
f 3968/3968/3968 3969/3969/3969 4001/4001/4001
f 4002/4002/4002 4001/4001/4001 3969/3969/3969
f 3969/3969/3969 3970/3970/3970 4002/4002/4002
f 3972/3972/3972 4002/4002/4002 3970/3970/3970
f 3970/3970/3970 3940/3940/3940 3972/3972/3972
f 4003/4003/4003 3972/3972/3972 3971/3971/3971
f 4003/4003/4003 3971/3971/3971 3973/3973/3973
f 4003/4003/4003 3973/3973/3973 3974/3974/3974
f 4003/4003/4003 3974/3974/3974 3975/3975/3975
f 4003/4003/4003 3975/3975/3975 3976/3976/3976
f 4003/4003/4003 3976/3976/3976 3977/3977/3977
f 4003/4003/4003 3977/3977/3977 3978/3978/3978
f 4003/4003/4003 3978/3978/3978 3979/3979/3979
f 4003/4003/4003 3979/3979/3979 3980/3980/3980
f 4003/4003/4003 3980/3980/3980 3981/3981/3981
f 4003/4003/4003 3981/3981/3981 3982/3982/3982
f 4003/4003/4003 3982/3982/3982 3983/3983/3983
f 4003/4003/4003 3983/3983/3983 3984/3984/3984
f 4003/4003/4003 3984/3984/3984 3985/3985/3985
f 4003/4003/4003 3985/3985/3985 3986/3986/3986
f 4003/4003/4003 3986/3986/3986 3987/3987/3987
f 4003/4003/4003 3987/3987/3987 3988/3988/3988
f 4003/4003/4003 3988/3988/3988 3989/3989/3989
f 4003/4003/4003 3989/3989/3989 3990/3990/3990
f 4003/4003/4003 3990/3990/3990 3991/3991/3991
f 4003/4003/4003 3991/3991/3991 3992/3992/3992
f 4003/4003/4003 3992/3992/3992 3993/3993/3993
f 4003/4003/4003 3993/3993/3993 3994/3994/3994
f 4003/4003/4003 3994/3994/3994 3995/3995/3995
f 4003/4003/4003 3995/3995/3995 3996/3996/3996
f 4003/4003/4003 3996/3996/3996 3997/3997/3997
f 4003/4003/4003 3997/3997/3997 3998/3998/3998
f 4003/4003/4003 3998/3998/3998 3999/3999/3999
f 4003/4003/4003 3999/3999/3999 4000/4000/4000
f 4003/4003/4003 4000/4000/4000 4001/4001/4001
f 4003/4003/4003 4001/4001/4001 4002/4002/4002
f 4003/4003/4003 4002/4002/4002 3972/3972/3972
f 4004/4004/4004 4005/4005/4005 4006/4006/4006
f 4004/4004/4004 4006/4006/4006 4007/4007/4007
f 4004/4004/4004 4007/4007/4007 4008/4008/4008
f 4004/4004/4004 4008/4008/4008 4009/4009/4009
f 4004/4004/4004 4009/4009/4009 4010/4010/4010
f 4004/4004/4004 4010/4010/4010 4011/4011/4011
f 4004/4004/4004 4011/4011/4011 4012/4012/4012
f 4004/4004/4004 4012/4012/4012 4013/4013/4013
f 4004/4004/4004 4013/4013/4013 4014/4014/4014
f 4004/4004/4004 4014/4014/4014 4015/4015/4015
f 4004/4004/4004 4015/4015/4015 4016/4016/4016
f 4004/4004/4004 4016/4016/4016 4017/4017/4017
f 4004/4004/4004 4017/4017/4017 4018/4018/4018
f 4004/4004/4004 4018/4018/4018 4019/4019/4019
f 4004/4004/4004 4019/4019/4019 4020/4020/4020
f 4004/4004/4004 4020/4020/4020 4021/4021/4021
f 4004/4004/4004 4021/4021/4021 4022/4022/4022
f 4004/4004/4004 4022/4022/4022 4023/4023/4023
f 4004/4004/4004 4023/4023/4023 4024/4024/4024
f 4004/4004/4004 4024/4024/4024 4025/4025/4025
f 4026/4026/4026 4004/4004/4004 4025/4025/4025
f 4026/4026/4026 4025/4025/4025 4027/4027/4027
f 4028/4028/4028 4026/4026/4026 4027/4027/4027
f 4029/4029/4029 4028/4028/4028 4027/4027/4027
f 4029/4029/4029 4027/4027/4027 4030/4030/4030
f 4029/4029/4029 4030/4030/4030 4031/4031/4031
f 4032/4032/4032 4029/4029/4029 4031/4031/4031
f 4033/4033/4033 4032/4032/4032 4031/4031/4031
f 4034/4034/4034 4033/4033/4033 4031/4031/4031
f 4034/4034/4034 4031/4031/4031 4035/4035/4035
f 4036/4036/4036 4037/4037/4037 4038/4038/4038
f 4038/4038/4038 4039/4039/4039 4036/4036/4036
f 4039/4039/4039 4038/4038/4038 4040/4040/4040
f 4040/4040/4040 4041/4041/4041 4039/4039/4039
f 4041/4041/4041 4040/4040/4040 4042/4042/4042
f 4042/4042/4042 4043/4043/4043 4041/4041/4041
f 4043/4043/4043 4042/4042/4042 4044/4044/4044
f 4044/4044/4044 4045/4045/4045 4043/4043/4043
f 4046/4046/4046 4047/4047/4047 4048/4048/4048
f 4048/4048/4048 4049/4049/4049 4046/4046/4046
f 4049/4049/4049 4048/4048/4048 4050/4050/4050
f 4050/4050/4050 4051/4051/4051 4049/4049/4049
f 4051/4051/4051 4050/4050/4050 4052/4052/4052
f 4052/4052/4052 4053/4053/4053 4051/4051/4051
f 4053/4053/4053 4052/4052/4052 4054/4054/4054
f 4054/4054/4054 4055/4055/4055 4053/4053/4053
f 4055/4055/4055 4054/4054/4054 4056/4056/4056
f 4056/4056/4056 4057/4057/4057 4055/4055/4055
f 4057/4057/4057 4056/4056/4056 4058/4058/4058
f 4058/4058/4058 4059/4059/4059 4057/4057/4057
f 4059/4059/4059 4058/4058/4058 4060/4060/4060
f 4060/4060/4060 4061/4061/4061 4059/4059/4059
f 4061/4061/4061 4060/4060/4060 4062/4062/4062
f 4062/4062/4062 4063/4063/4063 4061/4061/4061
f 4064/4064/4064 4065/4065/4065 4066/4066/4066
f 4066/4066/4066 4067/4067/4067 4064/4064/4064
f 4067/4067/4067 4066/4066/4066 4068/4068/4068
f 4068/4068/4068 4069/4069/4069 4067/4067/4067
f 4069/4069/4069 4068/4068/4068 4070/4070/4070
f 4070/4070/4070 4071/4071/4071 4069/4069/4069
f 4071/4071/4071 4070/4070/4070 4072/4072/4072
f 4072/4072/4072 4073/4073/4073 4071/4071/4071
f 4073/4073/4073 4072/4072/4072 4074/4074/4074
f 4074/4074/4074 4075/4075/4075 4073/4073/4073
f 4075/4075/4075 4074/4074/4074 4076/4076/4076
f 4076/4076/4076 4077/4077/4077 4075/4075/4075
f 4077/4077/4077 4076/4076/4076 4078/4078/4078
f 4078/4078/4078 4079/4079/4079 4077/4077/4077
f 4079/4079/4079 4078/4078/4078 4080/4080/4080
f 4080/4080/4080 4081/4081/4081 4079/4079/4079
f 4082/4082/4082 4083/4083/4083 4084/4084/4084
f 4084/4084/4084 4085/4085/4085 4082/4082/4082
f 4085/4085/4085 4084/4084/4084 4086/4086/4086
f 4086/4086/4086 4087/4087/4087 4085/4085/4085
f 4087/4087/4087 4086/4086/4086 4088/4088/4088
f 4088/4088/4088 4089/4089/4089 4087/4087/4087
f 4089/4089/4089 4088/4088/4088 4090/4090/4090
f 4090/4090/4090 4091/4091/4091 4089/4089/4089
f 4091/4091/4091 4090/4090/4090 4092/4092/4092
f 4092/4092/4092 4093/4093/4093 4091/4091/4091
f 4093/4093/4093 4092/4092/4092 4094/4094/4094
f 4094/4094/4094 4095/4095/4095 4093/4093/4093
f 4095/4095/4095 4094/4094/4094 4096/4096/4096
f 4096/4096/4096 4097/4097/4097 4095/4095/4095
f 4097/4097/4097 4096/4096/4096 4098/4098/4098
f 4098/4098/4098 4099/4099/4099 4097/4097/4097
f 4100/4100/4100 4101/4101/4101 4102/4102/4102
f 4102/4102/4102 4103/4103/4103 4100/4100/4100
f 4103/4103/4103 4102/4102/4102 4104/4104/4104
f 4104/4104/4104 4105/4105/4105 4103/4103/4103
f 4105/4105/4105 4104/4104/4104 4106/4106/4106
f 4106/4106/4106 4107/4107/4107 4105/4105/4105
f 4107/4107/4107 4106/4106/4106 4037/4037/4037
f 4037/4037/4037 4036/4036/4036 4107/4107/4107
f 4108/4108/4108 4109/4109/4109 4110/4110/4110
f 4110/4110/4110 4111/4111/4111 4108/4108/4108
f 4112/4112/4112 4113/4113/4113 4109/4109/4109
f 4109/4109/4109 4108/4108/4108 4112/4112/4112
f 4114/4114/4114 4115/4115/4115 4113/4113/4113
f 4113/4113/4113 4112/4112/4112 4114/4114/4114
f 4116/4116/4116 4117/4117/4117 4115/4115/4115
f 4115/4115/4115 4114/4114/4114 4116/4116/4116
f 4118/4118/4118 4119/4119/4119 4117/4117/4117
f 4117/4117/4117 4116/4116/4116 4118/4118/4118
f 4120/4120/4120 4121/4121/4121 4119/4119/4119
f 4119/4119/4119 4118/4118/4118 4120/4120/4120
f 4122/4122/4122 4123/4123/4123 4121/4121/4121
f 4121/4121/4121 4120/4120/4120 4122/4122/4122
f 4124/4124/4124 4125/4125/4125 4123/4123/4123
f 4123/4123/4123 4122/4122/4122 4124/4124/4124
f 4126/4126/4126 4127/4127/4127 4125/4125/4125
f 4125/4125/4125 4124/4124/4124 4126/4126/4126
f 4128/4128/4128 4129/4129/4129 4127/4127/4127
f 4127/4127/4127 4126/4126/4126 4128/4128/4128
f 4130/4130/4130 4131/4131/4131 4129/4129/4129
f 4129/4129/4129 4128/4128/4128 4130/4130/4130
f 4132/4132/4132 4133/4133/4133 4131/4131/4131
f 4131/4131/4131 4130/4130/4130 4132/4132/4132
f 4134/4134/4134 4135/4135/4135 4133/4133/4133
f 4133/4133/4133 4132/4132/4132 4134/4134/4134
f 4136/4136/4136 4137/4137/4137 4135/4135/4135
f 4135/4135/4135 4134/4134/4134 4136/4136/4136
f 4138/4138/4138 4139/4139/4139 4137/4137/4137
f 4137/4137/4137 4136/4136/4136 4138/4138/4138
f 4140/4140/4140 4141/4141/4141 4139/4139/4139
f 4139/4139/4139 4138/4138/4138 4140/4140/4140
f 4142/4142/4142 4143/4143/4143 4141/4141/4141
f 4141/4141/4141 4140/4140/4140 4142/4142/4142
f 4144/4144/4144 4145/4145/4145 4143/4143/4143
f 4143/4143/4143 4142/4142/4142 4144/4144/4144
f 4146/4146/4146 4147/4147/4147 4145/4145/4145
f 4145/4145/4145 4144/4144/4144 4146/4146/4146
f 4148/4148/4148 4149/4149/4149 4147/4147/4147
f 4147/4147/4147 4146/4146/4146 4148/4148/4148
f 4150/4150/4150 4151/4151/4151 4149/4149/4149
f 4149/4149/4149 4148/4148/4148 4150/4150/4150
f 4152/4152/4152 4153/4153/4153 4151/4151/4151
f 4151/4151/4151 4150/4150/4150 4152/4152/4152
f 4154/4154/4154 4155/4155/4155 4153/4153/4153
f 4153/4153/4153 4152/4152/4152 4154/4154/4154
f 4156/4156/4156 4157/4157/4157 4155/4155/4155
f 4155/4155/4155 4154/4154/4154 4156/4156/4156
f 4158/4158/4158 4159/4159/4159 4157/4157/4157
f 4157/4157/4157 4156/4156/4156 4158/4158/4158
f 4160/4160/4160 4161/4161/4161 4159/4159/4159
f 4159/4159/4159 4158/4158/4158 4160/4160/4160
f 4162/4162/4162 4163/4163/4163 4161/4161/4161
f 4161/4161/4161 4160/4160/4160 4162/4162/4162
f 4164/4164/4164 4165/4165/4165 4163/4163/4163
f 4163/4163/4163 4162/4162/4162 4164/4164/4164
f 4166/4166/4166 4167/4167/4167 4165/4165/4165
f 4165/4165/4165 4164/4164/4164 4166/4166/4166
f 4168/4168/4168 4169/4169/4169 4167/4167/4167
f 4167/4167/4167 4166/4166/4166 4168/4168/4168
f 4170/4170/4170 4171/4171/4171 4169/4169/4169
f 4169/4169/4169 4168/4168/4168 4170/4170/4170
f 4111/4111/4111 4110/4110/4110 4171/4171/4171
f 4171/4171/4171 4170/4170/4170 4111/4111/4111
f 4172/4172/4172 4108/4108/4108 4111/4111/4111
f 4111/4111/4111 4173/4173/4173 4172/4172/4172
f 4174/4174/4174 4112/4112/4112 4108/4108/4108
f 4108/4108/4108 4172/4172/4172 4174/4174/4174
f 4175/4175/4175 4114/4114/4114 4112/4112/4112
f 4112/4112/4112 4174/4174/4174 4175/4175/4175
f 4176/4176/4176 4116/4116/4116 4114/4114/4114
f 4114/4114/4114 4175/4175/4175 4176/4176/4176
f 4177/4177/4177 4118/4118/4118 4116/4116/4116
f 4116/4116/4116 4176/4176/4176 4177/4177/4177
f 4178/4178/4178 4120/4120/4120 4118/4118/4118
f 4118/4118/4118 4177/4177/4177 4178/4178/4178
f 4179/4179/4179 4122/4122/4122 4120/4120/4120
f 4120/4120/4120 4178/4178/4178 4179/4179/4179
f 4180/4180/4180 4124/4124/4124 4122/4122/4122
f 4122/4122/4122 4179/4179/4179 4180/4180/4180
f 4181/4181/4181 4126/4126/4126 4124/4124/4124
f 4124/4124/4124 4180/4180/4180 4181/4181/4181
f 4182/4182/4182 4128/4128/4128 4126/4126/4126
f 4126/4126/4126 4181/4181/4181 4182/4182/4182
f 4183/4183/4183 4130/4130/4130 4128/4128/4128
f 4128/4128/4128 4182/4182/4182 4183/4183/4183
f 4184/4184/4184 4132/4132/4132 4130/4130/4130
f 4130/4130/4130 4183/4183/4183 4184/4184/4184
f 4185/4185/4185 4134/4134/4134 4132/4132/4132
f 4132/4132/4132 4184/4184/4184 4185/4185/4185
f 4186/4186/4186 4136/4136/4136 4134/4134/4134
f 4134/4134/4134 4185/4185/4185 4186/4186/4186
f 4187/4187/4187 4138/4138/4138 4136/4136/4136
f 4136/4136/4136 4186/4186/4186 4187/4187/4187
f 4188/4188/4188 4140/4140/4140 4138/4138/4138
f 4138/4138/4138 4187/4187/4187 4188/4188/4188
f 4189/4189/4189 4142/4142/4142 4140/4140/4140
f 4140/4140/4140 4188/4188/4188 4189/4189/4189
f 4190/4190/4190 4144/4144/4144 4142/4142/4142
f 4142/4142/4142 4189/4189/4189 4190/4190/4190
f 4191/4191/4191 4146/4146/4146 4144/4144/4144
f 4144/4144/4144 4190/4190/4190 4191/4191/4191
f 4192/4192/4192 4148/4148/4148 4146/4146/4146
f 4146/4146/4146 4191/4191/4191 4192/4192/4192
f 4193/4193/4193 4150/4150/4150 4148/4148/4148
f 4148/4148/4148 4192/4192/4192 4193/4193/4193
f 4194/4194/4194 4152/4152/4152 4150/4150/4150
f 4150/4150/4150 4193/4193/4193 4194/4194/4194
f 4195/4195/4195 4154/4154/4154 4152/4152/4152
f 4152/4152/4152 4194/4194/4194 4195/4195/4195
f 4196/4196/4196 4156/4156/4156 4154/4154/4154
f 4154/4154/4154 4195/4195/4195 4196/4196/4196
f 4197/4197/4197 4158/4158/4158 4156/4156/4156
f 4156/4156/4156 4196/4196/4196 4197/4197/4197
f 4198/4198/4198 4160/4160/4160 4158/4158/4158
f 4158/4158/4158 4197/4197/4197 4198/4198/4198
f 4199/4199/4199 4162/4162/4162 4160/4160/4160
f 4160/4160/4160 4198/4198/4198 4199/4199/4199
f 4200/4200/4200 4164/4164/4164 4162/4162/4162
f 4162/4162/4162 4199/4199/4199 4200/4200/4200
f 4201/4201/4201 4166/4166/4166 4164/4164/4164
f 4164/4164/4164 4200/4200/4200 4201/4201/4201
f 4202/4202/4202 4168/4168/4168 4166/4166/4166
f 4166/4166/4166 4201/4201/4201 4202/4202/4202
f 4203/4203/4203 4170/4170/4170 4168/4168/4168
f 4168/4168/4168 4202/4202/4202 4203/4203/4203
f 4173/4173/4173 4111/4111/4111 4170/4170/4170
f 4170/4170/4170 4203/4203/4203 4173/4173/4173
f 4204/4204/4204 4172/4172/4172 4173/4173/4173
f 4173/4173/4173 4205/4205/4205 4204/4204/4204
f 4206/4206/4206 4174/4174/4174 4172/4172/4172
f 4172/4172/4172 4204/4204/4204 4206/4206/4206
f 4207/4207/4207 4175/4175/4175 4174/4174/4174
f 4174/4174/4174 4206/4206/4206 4207/4207/4207
f 4208/4208/4208 4176/4176/4176 4175/4175/4175
f 4175/4175/4175 4207/4207/4207 4208/4208/4208
f 4209/4209/4209 4177/4177/4177 4176/4176/4176
f 4176/4176/4176 4208/4208/4208 4209/4209/4209
f 4210/4210/4210 4178/4178/4178 4177/4177/4177
f 4177/4177/4177 4209/4209/4209 4210/4210/4210
f 4211/4211/4211 4179/4179/4179 4178/4178/4178
f 4178/4178/4178 4210/4210/4210 4211/4211/4211
f 4212/4212/4212 4180/4180/4180 4179/4179/4179
f 4179/4179/4179 4211/4211/4211 4212/4212/4212
f 4213/4213/4213 4181/4181/4181 4180/4180/4180
f 4180/4180/4180 4212/4212/4212 4213/4213/4213
f 4214/4214/4214 4182/4182/4182 4181/4181/4181
f 4181/4181/4181 4213/4213/4213 4214/4214/4214
f 4215/4215/4215 4183/4183/4183 4182/4182/4182
f 4182/4182/4182 4214/4214/4214 4215/4215/4215
f 4216/4216/4216 4184/4184/4184 4183/4183/4183
f 4183/4183/4183 4215/4215/4215 4216/4216/4216
f 4217/4217/4217 4185/4185/4185 4184/4184/4184
f 4184/4184/4184 4216/4216/4216 4217/4217/4217
f 4218/4218/4218 4186/4186/4186 4185/4185/4185
f 4185/4185/4185 4217/4217/4217 4218/4218/4218
f 4219/4219/4219 4187/4187/4187 4186/4186/4186
f 4186/4186/4186 4218/4218/4218 4219/4219/4219
f 4220/4220/4220 4188/4188/4188 4187/4187/4187
f 4187/4187/4187 4219/4219/4219 4220/4220/4220
f 4221/4221/4221 4189/4189/4189 4188/4188/4188
f 4188/4188/4188 4220/4220/4220 4221/4221/4221
f 4222/4222/4222 4190/4190/4190 4189/4189/4189
f 4189/4189/4189 4221/4221/4221 4222/4222/4222
f 4223/4223/4223 4191/4191/4191 4190/4190/4190
f 4190/4190/4190 4222/4222/4222 4223/4223/4223
f 4224/4224/4224 4192/4192/4192 4191/4191/4191
f 4191/4191/4191 4223/4223/4223 4224/4224/4224
f 4225/4225/4225 4193/4193/4193 4192/4192/4192
f 4192/4192/4192 4224/4224/4224 4225/4225/4225
f 4226/4226/4226 4194/4194/4194 4193/4193/4193
f 4193/4193/4193 4225/4225/4225 4226/4226/4226
f 4227/4227/4227 4195/4195/4195 4194/4194/4194
f 4194/4194/4194 4226/4226/4226 4227/4227/4227
f 4228/4228/4228 4196/4196/4196 4195/4195/4195
f 4195/4195/4195 4227/4227/4227 4228/4228/4228
f 4229/4229/4229 4197/4197/4197 4196/4196/4196
f 4196/4196/4196 4228/4228/4228 4229/4229/4229
f 4230/4230/4230 4198/4198/4198 4197/4197/4197
f 4197/4197/4197 4229/4229/4229 4230/4230/4230
f 4231/4231/4231 4199/4199/4199 4198/4198/4198
f 4198/4198/4198 4230/4230/4230 4231/4231/4231
f 4232/4232/4232 4200/4200/4200 4199/4199/4199
f 4199/4199/4199 4231/4231/4231 4232/4232/4232
f 4233/4233/4233 4201/4201/4201 4200/4200/4200
f 4200/4200/4200 4232/4232/4232 4233/4233/4233
f 4234/4234/4234 4202/4202/4202 4201/4201/4201
f 4201/4201/4201 4233/4233/4233 4234/4234/4234
f 4235/4235/4235 4203/4203/4203 4202/4202/4202
f 4202/4202/4202 4234/4234/4234 4235/4235/4235
f 4205/4205/4205 4173/4173/4173 4203/4203/4203
f 4203/4203/4203 4235/4235/4235 4205/4205/4205
f 4236/4236/4236 4204/4204/4204 4205/4205/4205
f 4205/4205/4205 4237/4237/4237 4236/4236/4236
f 4238/4238/4238 4206/4206/4206 4204/4204/4204
f 4204/4204/4204 4236/4236/4236 4238/4238/4238
f 4239/4239/4239 4207/4207/4207 4206/4206/4206
f 4206/4206/4206 4238/4238/4238 4239/4239/4239
f 4240/4240/4240 4208/4208/4208 4207/4207/4207
f 4207/4207/4207 4239/4239/4239 4240/4240/4240
f 4241/4241/4241 4209/4209/4209 4208/4208/4208
f 4208/4208/4208 4240/4240/4240 4241/4241/4241
f 4242/4242/4242 4210/4210/4210 4209/4209/4209
f 4209/4209/4209 4241/4241/4241 4242/4242/4242
f 4243/4243/4243 4211/4211/4211 4210/4210/4210
f 4210/4210/4210 4242/4242/4242 4243/4243/4243
f 4244/4244/4244 4212/4212/4212 4211/4211/4211
f 4211/4211/4211 4243/4243/4243 4244/4244/4244
f 4245/4245/4245 4213/4213/4213 4212/4212/4212
f 4212/4212/4212 4244/4244/4244 4245/4245/4245
f 4246/4246/4246 4214/4214/4214 4213/4213/4213
f 4213/4213/4213 4245/4245/4245 4246/4246/4246
f 4247/4247/4247 4215/4215/4215 4214/4214/4214
f 4214/4214/4214 4246/4246/4246 4247/4247/4247
f 4248/4248/4248 4216/4216/4216 4215/4215/4215
f 4215/4215/4215 4247/4247/4247 4248/4248/4248
f 4249/4249/4249 4217/4217/4217 4216/4216/4216
f 4216/4216/4216 4248/4248/4248 4249/4249/4249
f 4250/4250/4250 4218/4218/4218 4217/4217/4217
f 4217/4217/4217 4249/4249/4249 4250/4250/4250
f 4251/4251/4251 4219/4219/4219 4218/4218/4218
f 4218/4218/4218 4250/4250/4250 4251/4251/4251
f 4252/4252/4252 4220/4220/4220 4219/4219/4219
f 4219/4219/4219 4251/4251/4251 4252/4252/4252
f 4253/4253/4253 4221/4221/4221 4220/4220/4220
f 4220/4220/4220 4252/4252/4252 4253/4253/4253
f 4254/4254/4254 4222/4222/4222 4221/4221/4221
f 4221/4221/4221 4253/4253/4253 4254/4254/4254
f 4255/4255/4255 4223/4223/4223 4222/4222/4222
f 4222/4222/4222 4254/4254/4254 4255/4255/4255
f 4256/4256/4256 4224/4224/4224 4223/4223/4223
f 4223/4223/4223 4255/4255/4255 4256/4256/4256
f 4257/4257/4257 4225/4225/4225 4224/4224/4224
f 4224/4224/4224 4256/4256/4256 4257/4257/4257
f 4258/4258/4258 4226/4226/4226 4225/4225/4225
f 4225/4225/4225 4257/4257/4257 4258/4258/4258
f 4259/4259/4259 4227/4227/4227 4226/4226/4226
f 4226/4226/4226 4258/4258/4258 4259/4259/4259
f 4260/4260/4260 4228/4228/4228 4227/4227/4227
f 4227/4227/4227 4259/4259/4259 4260/4260/4260
f 4261/4261/4261 4229/4229/4229 4228/4228/4228
f 4228/4228/4228 4260/4260/4260 4261/4261/4261
f 4262/4262/4262 4230/4230/4230 4229/4229/4229
f 4229/4229/4229 4261/4261/4261 4262/4262/4262
f 4263/4263/4263 4231/4231/4231 4230/4230/4230
f 4230/4230/4230 4262/4262/4262 4263/4263/4263
f 4264/4264/4264 4232/4232/4232 4231/4231/4231
f 4231/4231/4231 4263/4263/4263 4264/4264/4264
f 4265/4265/4265 4233/4233/4233 4232/4232/4232
f 4232/4232/4232 4264/4264/4264 4265/4265/4265
f 4266/4266/4266 4234/4234/4234 4233/4233/4233
f 4233/4233/4233 4265/4265/4265 4266/4266/4266
f 4267/4267/4267 4235/4235/4235 4234/4234/4234
f 4234/4234/4234 4266/4266/4266 4267/4267/4267
f 4237/4237/4237 4205/4205/4205 4235/4235/4235
f 4235/4235/4235 4267/4267/4267 4237/4237/4237
f 4268/4268/4268 4236/4236/4236 4237/4237/4237
f 4237/4237/4237 4269/4269/4269 4268/4268/4268
f 4270/4270/4270 4238/4238/4238 4236/4236/4236
f 4236/4236/4236 4268/4268/4268 4270/4270/4270
f 4271/4271/4271 4239/4239/4239 4238/4238/4238
f 4238/4238/4238 4270/4270/4270 4271/4271/4271
f 4272/4272/4272 4240/4240/4240 4239/4239/4239
f 4239/4239/4239 4271/4271/4271 4272/4272/4272
f 4273/4273/4273 4241/4241/4241 4240/4240/4240
f 4240/4240/4240 4272/4272/4272 4273/4273/4273
f 4274/4274/4274 4242/4242/4242 4241/4241/4241
f 4241/4241/4241 4273/4273/4273 4274/4274/4274
f 4275/4275/4275 4243/4243/4243 4242/4242/4242
f 4242/4242/4242 4274/4274/4274 4275/4275/4275
f 4276/4276/4276 4244/4244/4244 4243/4243/4243
f 4243/4243/4243 4275/4275/4275 4276/4276/4276
f 4277/4277/4277 4245/4245/4245 4244/4244/4244
f 4244/4244/4244 4276/4276/4276 4277/4277/4277
f 4278/4278/4278 4246/4246/4246 4245/4245/4245
f 4245/4245/4245 4277/4277/4277 4278/4278/4278
f 4279/4279/4279 4247/4247/4247 4246/4246/4246
f 4246/4246/4246 4278/4278/4278 4279/4279/4279
f 4280/4280/4280 4248/4248/4248 4247/4247/4247
f 4247/4247/4247 4279/4279/4279 4280/4280/4280
f 4281/4281/4281 4249/4249/4249 4248/4248/4248
f 4248/4248/4248 4280/4280/4280 4281/4281/4281
f 4282/4282/4282 4250/4250/4250 4249/4249/4249
f 4249/4249/4249 4281/4281/4281 4282/4282/4282
f 4283/4283/4283 4251/4251/4251 4250/4250/4250
f 4250/4250/4250 4282/4282/4282 4283/4283/4283
f 4284/4284/4284 4252/4252/4252 4251/4251/4251
f 4251/4251/4251 4283/4283/4283 4284/4284/4284
f 4285/4285/4285 4253/4253/4253 4252/4252/4252
f 4252/4252/4252 4284/4284/4284 4285/4285/4285
f 4286/4286/4286 4254/4254/4254 4253/4253/4253
f 4253/4253/4253 4285/4285/4285 4286/4286/4286
f 4287/4287/4287 4255/4255/4255 4254/4254/4254
f 4254/4254/4254 4286/4286/4286 4287/4287/4287
f 4288/4288/4288 4256/4256/4256 4255/4255/4255
f 4255/4255/4255 4287/4287/4287 4288/4288/4288
f 4289/4289/4289 4257/4257/4257 4256/4256/4256
f 4256/4256/4256 4288/4288/4288 4289/4289/4289
f 4290/4290/4290 4258/4258/4258 4257/4257/4257
f 4257/4257/4257 4289/4289/4289 4290/4290/4290
f 4291/4291/4291 4259/4259/4259 4258/4258/4258
f 4258/4258/4258 4290/4290/4290 4291/4291/4291
f 4292/4292/4292 4260/4260/4260 4259/4259/4259
f 4259/4259/4259 4291/4291/4291 4292/4292/4292
f 4293/4293/4293 4261/4261/4261 4260/4260/4260
f 4260/4260/4260 4292/4292/4292 4293/4293/4293
f 4294/4294/4294 4262/4262/4262 4261/4261/4261
f 4261/4261/4261 4293/4293/4293 4294/4294/4294
f 4295/4295/4295 4263/4263/4263 4262/4262/4262
f 4262/4262/4262 4294/4294/4294 4295/4295/4295
f 4296/4296/4296 4264/4264/4264 4263/4263/4263
f 4263/4263/4263 4295/4295/4295 4296/4296/4296
f 4297/4297/4297 4265/4265/4265 4264/4264/4264
f 4264/4264/4264 4296/4296/4296 4297/4297/4297
f 4298/4298/4298 4266/4266/4266 4265/4265/4265
f 4265/4265/4265 4297/4297/4297 4298/4298/4298
f 4299/4299/4299 4267/4267/4267 4266/4266/4266
f 4266/4266/4266 4298/4298/4298 4299/4299/4299
f 4269/4269/4269 4237/4237/4237 4267/4267/4267
f 4267/4267/4267 4299/4299/4299 4269/4269/4269
f 4300/4300/4300 4268/4268/4268 4269/4269/4269
f 4269/4269/4269 4301/4301/4301 4300/4300/4300
f 4302/4302/4302 4270/4270/4270 4268/4268/4268
f 4268/4268/4268 4300/4300/4300 4302/4302/4302
f 4303/4303/4303 4271/4271/4271 4270/4270/4270
f 4270/4270/4270 4302/4302/4302 4303/4303/4303
f 4304/4304/4304 4272/4272/4272 4271/4271/4271
f 4271/4271/4271 4303/4303/4303 4304/4304/4304
f 4305/4305/4305 4273/4273/4273 4272/4272/4272
f 4272/4272/4272 4304/4304/4304 4305/4305/4305
f 4306/4306/4306 4274/4274/4274 4273/4273/4273
f 4273/4273/4273 4305/4305/4305 4306/4306/4306
f 4307/4307/4307 4275/4275/4275 4274/4274/4274
f 4274/4274/4274 4306/4306/4306 4307/4307/4307
f 4308/4308/4308 4276/4276/4276 4275/4275/4275
f 4275/4275/4275 4307/4307/4307 4308/4308/4308
f 4309/4309/4309 4277/4277/4277 4276/4276/4276
f 4276/4276/4276 4308/4308/4308 4309/4309/4309
f 4310/4310/4310 4278/4278/4278 4277/4277/4277
f 4277/4277/4277 4309/4309/4309 4310/4310/4310
f 4311/4311/4311 4279/4279/4279 4278/4278/4278
f 4278/4278/4278 4310/4310/4310 4311/4311/4311
f 4312/4312/4312 4280/4280/4280 4279/4279/4279
f 4279/4279/4279 4311/4311/4311 4312/4312/4312
f 4313/4313/4313 4281/4281/4281 4280/4280/4280
f 4280/4280/4280 4312/4312/4312 4313/4313/4313
f 4314/4314/4314 4282/4282/4282 4281/4281/4281
f 4281/4281/4281 4313/4313/4313 4314/4314/4314
f 4315/4315/4315 4283/4283/4283 4282/4282/4282
f 4282/4282/4282 4314/4314/4314 4315/4315/4315
f 4316/4316/4316 4284/4284/4284 4283/4283/4283
f 4283/4283/4283 4315/4315/4315 4316/4316/4316
f 4317/4317/4317 4285/4285/4285 4284/4284/4284
f 4284/4284/4284 4316/4316/4316 4317/4317/4317
f 4318/4318/4318 4286/4286/4286 4285/4285/4285
f 4285/4285/4285 4317/4317/4317 4318/4318/4318
f 4319/4319/4319 4287/4287/4287 4286/4286/4286
f 4286/4286/4286 4318/4318/4318 4319/4319/4319
f 4320/4320/4320 4288/4288/4288 4287/4287/4287
f 4287/4287/4287 4319/4319/4319 4320/4320/4320
f 4321/4321/4321 4289/4289/4289 4288/4288/4288
f 4288/4288/4288 4320/4320/4320 4321/4321/4321
f 4322/4322/4322 4290/4290/4290 4289/4289/4289
f 4289/4289/4289 4321/4321/4321 4322/4322/4322
f 4323/4323/4323 4291/4291/4291 4290/4290/4290
f 4290/4290/4290 4322/4322/4322 4323/4323/4323
f 4324/4324/4324 4292/4292/4292 4291/4291/4291
f 4291/4291/4291 4323/4323/4323 4324/4324/4324
f 4325/4325/4325 4293/4293/4293 4292/4292/4292
f 4292/4292/4292 4324/4324/4324 4325/4325/4325
f 4326/4326/4326 4294/4294/4294 4293/4293/4293
f 4293/4293/4293 4325/4325/4325 4326/4326/4326
f 4327/4327/4327 4295/4295/4295 4294/4294/4294
f 4294/4294/4294 4326/4326/4326 4327/4327/4327
f 4328/4328/4328 4296/4296/4296 4295/4295/4295
f 4295/4295/4295 4327/4327/4327 4328/4328/4328
f 4329/4329/4329 4297/4297/4297 4296/4296/4296
f 4296/4296/4296 4328/4328/4328 4329/4329/4329
f 4330/4330/4330 4298/4298/4298 4297/4297/4297
f 4297/4297/4297 4329/4329/4329 4330/4330/4330
f 4331/4331/4331 4299/4299/4299 4298/4298/4298
f 4298/4298/4298 4330/4330/4330 4331/4331/4331
f 4301/4301/4301 4269/4269/4269 4299/4299/4299
f 4299/4299/4299 4331/4331/4331 4301/4301/4301
f 4332/4332/4332 4300/4300/4300 4301/4301/4301
f 4332/4332/4332 4302/4302/4302 4300/4300/4300
f 4332/4332/4332 4303/4303/4303 4302/4302/4302
f 4332/4332/4332 4304/4304/4304 4303/4303/4303
f 4332/4332/4332 4305/4305/4305 4304/4304/4304
f 4332/4332/4332 4306/4306/4306 4305/4305/4305
f 4332/4332/4332 4307/4307/4307 4306/4306/4306
f 4332/4332/4332 4308/4308/4308 4307/4307/4307
f 4332/4332/4332 4309/4309/4309 4308/4308/4308
f 4332/4332/4332 4310/4310/4310 4309/4309/4309
f 4332/4332/4332 4311/4311/4311 4310/4310/4310
f 4332/4332/4332 4312/4312/4312 4311/4311/4311
f 4332/4332/4332 4313/4313/4313 4312/4312/4312
f 4332/4332/4332 4314/4314/4314 4313/4313/4313
f 4332/4332/4332 4315/4315/4315 4314/4314/4314
f 4332/4332/4332 4316/4316/4316 4315/4315/4315
f 4332/4332/4332 4317/4317/4317 4316/4316/4316
f 4332/4332/4332 4318/4318/4318 4317/4317/4317
f 4332/4332/4332 4319/4319/4319 4318/4318/4318
f 4332/4332/4332 4320/4320/4320 4319/4319/4319
f 4332/4332/4332 4321/4321/4321 4320/4320/4320
f 4332/4332/4332 4322/4322/4322 4321/4321/4321
f 4332/4332/4332 4323/4323/4323 4322/4322/4322
f 4332/4332/4332 4324/4324/4324 4323/4323/4323
f 4332/4332/4332 4325/4325/4325 4324/4324/4324
f 4332/4332/4332 4326/4326/4326 4325/4325/4325
f 4332/4332/4332 4327/4327/4327 4326/4326/4326
f 4332/4332/4332 4328/4328/4328 4327/4327/4327
f 4332/4332/4332 4329/4329/4329 4328/4328/4328
f 4332/4332/4332 4330/4330/4330 4329/4329/4329
f 4332/4332/4332 4331/4331/4331 4330/4330/4330
f 4332/4332/4332 4301/4301/4301 4331/4331/4331
f 4333/4333/4333 4334/4334/4334 4335/4335/4335
f 4336/4336/4336 4337/4337/4337 4338/4338/4338
f 4339/4339/4339 4336/4336/4336 4338/4338/4338
f 4340/4340/4340 4339/4339/4339 4338/4338/4338
f 4341/4341/4341 4340/4340/4340 4338/4338/4338
f 4342/4342/4342 4341/4341/4341 4338/4338/4338
f 4343/4343/4343 4342/4342/4342 4338/4338/4338
f 4344/4344/4344 4343/4343/4343 4338/4338/4338
f 4345/4345/4345 4344/4344/4344 4338/4338/4338
f 4346/4346/4346 4345/4345/4345 4338/4338/4338
f 4347/4347/4347 4346/4346/4346 4338/4338/4338
f 4348/4348/4348 4347/4347/4347 4338/4338/4338
f 4349/4349/4349 4348/4348/4348 4338/4338/4338
f 4350/4350/4350 4349/4349/4349 4338/4338/4338
f 4351/4351/4351 4350/4350/4350 4338/4338/4338
f 4352/4352/4352 4351/4351/4351 4338/4338/4338
f 4353/4353/4353 4352/4352/4352 4338/4338/4338
f 4354/4354/4354 4353/4353/4353 4338/4338/4338
f 4355/4355/4355 4354/4354/4354 4338/4338/4338
f 4356/4356/4356 4355/4355/4355 4338/4338/4338
f 4357/4357/4357 4356/4356/4356 4338/4338/4338
f 4357/4357/4357 4338/4338/4338 4358/4358/4358
f 4359/4359/4359 4357/4357/4357 4358/4358/4358
f 4359/4359/4359 4358/4358/4358 4360/4360/4360
f 4359/4359/4359 4360/4360/4360 4361/4361/4361
f 4362/4362/4362 4359/4359/4359 4361/4361/4361
f 4335/4335/4335 4362/4362/4362 4361/4361/4361
f 4335/4335/4335 4361/4361/4361 4363/4363/4363
f 4335/4335/4335 4363/4363/4363 4364/4364/4364
f 4333/4333/4333 4335/4335/4335 4364/4364/4364
